# .PCD v0.7 - Point Cloud Data file format
# Mini urban intersection (KITTI-style coordinates), generated for Dasshine Label demo
VERSION 0.7
FIELDS x y z intensity
SIZE 4 4 4 4
TYPE F F F F
COUNT 1 1 1 1
WIDTH 13241
HEIGHT 1
VIEWPOINT 0 0 0 1 0 0 0
POINTS 13241
DATA ascii
-19.8000 -3.5200 -1.7283 0.3008
-19.8000 -3.3000 -1.7296 0.2278
-19.8000 -3.0800 -1.7262 0.2825
-19.8000 -2.8600 -1.7165 0.1941
-19.8000 -2.6400 -1.7227 0.3013
-19.8000 -2.4200 -1.7216 0.2810
-19.8000 -2.2000 -1.7244 0.2594
-19.8000 -1.9800 -1.7252 0.2399
-19.8000 -1.7600 -1.7241 0.3244
-19.8000 -1.5400 -1.7342 0.2955
-19.8000 -1.3200 -1.7190 0.1830
-19.8000 -1.1000 -1.7198 0.1511
-19.8000 -0.8800 -1.7304 0.1391
-19.8000 -0.6600 -1.7190 0.3048
-19.8000 -0.4400 -1.7365 0.3495
-19.8000 -0.2200 -1.7357 0.2269
-19.8000 -0.0000 -1.7334 0.3163
-19.8000 0.2200 -1.7322 0.1542
-19.8000 0.4400 -1.7272 0.1925
-19.8000 0.6600 -1.7361 0.2552
-19.8000 0.8800 -1.7363 0.2507
-19.8000 1.1000 -1.7168 0.1250
-19.8000 1.3200 -1.7380 0.3047
-19.8000 1.5400 -1.7348 0.3381
-19.8000 1.7600 -1.7193 0.2979
-19.8000 1.9800 -1.7199 0.1736
-19.8000 2.2000 -1.7393 0.3001
-19.8000 2.4200 -1.7341 0.2050
-19.8000 2.6400 -1.7292 0.2093
-19.8000 2.8600 -1.7157 0.3333
-19.8000 3.0800 -1.7168 0.1268
-19.8000 3.3000 -1.7346 0.1557
-19.8000 3.5200 -1.7238 0.1747
-19.5800 -3.5200 -1.7234 0.2683
-19.5800 -3.3000 -1.7382 0.2956
-19.5800 -3.0800 -1.7258 0.2977
-19.5800 -2.8600 -1.7250 0.2543
-19.5800 -2.6400 -1.7209 0.3672
-19.5800 -2.4200 -1.7365 0.2991
-19.5800 -2.2000 -1.7223 0.2144
-19.5800 -1.9800 -1.7198 0.2708
-19.5800 -1.7600 -1.7168 0.3372
-19.5800 -1.5400 -1.7348 0.2502
-19.5800 -1.3200 -1.7396 0.1346
-19.5800 -1.1000 -1.7161 0.1792
-19.5800 -0.8800 -1.7303 0.1981
-19.5800 -0.6600 -1.7188 0.2778
-19.5800 -0.4400 -1.7367 0.3482
-19.5800 -0.2200 -1.7181 0.2633
-19.5800 -0.0000 -1.7155 0.3674
-19.5800 0.2200 -1.7214 0.3676
-19.5800 0.4400 -1.7353 0.1752
-19.5800 0.6600 -1.7233 0.2686
-19.5800 0.8800 -1.7384 0.2403
-19.5800 1.1000 -1.7299 0.2627
-19.5800 1.3200 -1.7174 0.1357
-19.5800 1.5400 -1.7164 0.2621
-19.5800 1.7600 -1.7252 0.2229
-19.5800 1.9800 -1.7199 0.3034
-19.5800 2.2000 -1.7181 0.1561
-19.5800 2.4200 -1.7192 0.2603
-19.5800 2.6400 -1.7195 0.3678
-19.5800 2.8600 -1.7255 0.3369
-19.5800 3.0800 -1.7226 0.2576
-19.5800 3.3000 -1.7284 0.1968
-19.5800 3.5200 -1.7395 0.1747
-19.3600 -3.5200 -1.7371 0.1880
-19.3600 -3.3000 -1.7273 0.1921
-19.3600 -3.0800 -1.7211 0.3285
-19.3600 -2.8600 -1.7323 0.3551
-19.3600 -2.6400 -1.7391 0.3166
-19.3600 -2.4200 -1.7190 0.2478
-19.3600 -2.2000 -1.7245 0.1758
-19.3600 -1.9800 -1.7192 0.1219
-19.3600 -1.7600 -1.7264 0.2962
-19.3600 -1.5400 -1.7247 0.2168
-19.3600 -1.3200 -1.7170 0.2074
-19.3600 -1.1000 -1.7278 0.3035
-19.3600 -0.8800 -1.7239 0.2259
-19.3600 -0.6600 -1.7386 0.2475
-19.3600 -0.4400 -1.7184 0.3145
-19.3600 -0.2200 -1.7253 0.2121
-19.3600 -0.0000 -1.7334 0.3212
-19.3600 0.2200 -1.7182 0.1937
-19.3600 0.4400 -1.7354 0.1300
-19.3600 0.6600 -1.7288 0.1950
-19.3600 0.8800 -1.7260 0.3487
-19.3600 1.1000 -1.7343 0.2747
-19.3600 1.3200 -1.7226 0.1949
-19.3600 1.5400 -1.7245 0.3324
-19.3600 1.7600 -1.7309 0.3077
-19.3600 1.9800 -1.7235 0.2136
-19.3600 2.2000 -1.7228 0.1291
-19.3600 2.4200 -1.7374 0.2627
-19.3600 2.6400 -1.7224 0.2751
-19.3600 2.8600 -1.7218 0.1728
-19.3600 3.0800 -1.7193 0.1647
-19.3600 3.3000 -1.7347 0.1703
-19.3600 3.5200 -1.7189 0.2598
-19.1400 -3.5200 -1.7210 0.2849
-19.1400 -3.3000 -1.7358 0.1299
-19.1400 -3.0800 -1.7387 0.1253
-19.1400 -2.8600 -1.7392 0.2566
-19.1400 -2.6400 -1.7282 0.2171
-19.1400 -2.4200 -1.7264 0.1718
-19.1400 -2.2000 -1.7333 0.2957
-19.1400 -1.9800 -1.7314 0.2343
-19.1400 -1.7600 -1.7382 0.2338
-19.1400 -1.5400 -1.7157 0.2474
-19.1400 -1.3200 -1.7296 0.2019
-19.1400 -1.1000 -1.7277 0.1619
-19.1400 -0.8800 -1.7363 0.1698
-19.1400 -0.6600 -1.7393 0.2264
-19.1400 -0.4400 -1.7296 0.1572
-19.1400 -0.2200 -1.7373 0.2092
-19.1400 -0.0000 -1.7154 0.2680
-19.1400 0.2200 -1.7367 0.3690
-19.1400 0.4400 -1.7364 0.3003
-19.1400 0.6600 -1.7257 0.1513
-19.1400 0.8800 -1.7245 0.3131
-19.1400 1.1000 -1.7155 0.2465
-19.1400 1.3200 -1.7299 0.2503
-19.1400 1.5400 -1.7166 0.2686
-19.1400 1.7600 -1.7274 0.2839
-19.1400 1.9800 -1.7272 0.1994
-19.1400 2.2000 -1.7156 0.2571
-19.1400 2.4200 -1.7272 0.3355
-19.1400 2.6400 -1.7155 0.3694
-19.1400 2.8600 -1.7245 0.1495
-19.1400 3.0800 -1.7276 0.3129
-19.1400 3.3000 -1.7361 0.2133
-19.1400 3.5200 -1.7277 0.3293
-18.9200 -3.5200 -1.7202 0.3625
-18.9200 -3.3000 -1.7213 0.2453
-18.9200 -3.0800 -1.7376 0.1515
-18.9200 -2.8600 -1.7210 0.1623
-18.9200 -2.6400 -1.7272 0.2614
-18.9200 -2.4200 -1.7390 0.3571
-18.9200 -2.2000 -1.7203 0.3279
-18.9200 -1.9800 -1.7268 0.2741
-18.9200 -1.7600 -1.7372 0.1329
-18.9200 -1.5400 -1.7303 0.2974
-18.9200 -1.3200 -1.7393 0.1763
-18.9200 -1.1000 -1.7262 0.1608
-18.9200 -0.8800 -1.7304 0.2065
-18.9200 -0.6600 -1.7348 0.3007
-18.9200 -0.4400 -1.7368 0.3477
-18.9200 -0.2200 -1.7388 0.2319
-18.9200 -0.0000 -1.7400 0.3312
-18.9200 0.2200 -1.7194 0.2928
-18.9200 0.4400 -1.7275 0.1972
-18.9200 0.6600 -1.7179 0.1663
-18.9200 0.8800 -1.7369 0.3139
-18.9200 1.1000 -1.7191 0.3601
-18.9200 1.3200 -1.7336 0.3528
-18.9200 1.5400 -1.7246 0.2425
-18.9200 1.7600 -1.7190 0.2625
-18.9200 1.9800 -1.7199 0.2824
-18.9200 2.2000 -1.7380 0.2425
-18.9200 2.4200 -1.7287 0.2780
-18.9200 2.6400 -1.7392 0.2175
-18.9200 2.8600 -1.7241 0.3476
-18.9200 3.0800 -1.7375 0.3091
-18.9200 3.3000 -1.7244 0.2616
-18.9200 3.5200 -1.7363 0.1782
-18.7000 -3.5200 -1.7305 0.2729
-18.7000 -3.3000 -1.7243 0.2807
-18.7000 -3.0800 -1.7259 0.3382
-18.7000 -2.8600 -1.7264 0.1938
-18.7000 -2.6400 -1.7197 0.1731
-18.7000 -2.4200 -1.7194 0.1553
-18.7000 -2.2000 -1.7322 0.3637
-18.7000 -1.9800 -1.7162 0.1432
-18.7000 -1.7600 -1.7391 0.2107
-18.7000 -1.5400 -1.7205 0.2448
-18.7000 -1.3200 -1.7161 0.2921
-18.7000 -1.1000 -1.7219 0.1538
-18.7000 -0.8800 -1.7286 0.3665
-18.7000 -0.6600 -1.7192 0.2982
-18.7000 -0.4400 -1.7226 0.2968
-18.7000 -0.2200 -1.7298 0.1856
-18.7000 -0.0000 -1.7292 0.3164
-18.7000 0.2200 -1.7343 0.1477
-18.7000 0.4400 -1.7316 0.2759
-18.7000 0.6600 -1.7267 0.3420
-18.7000 0.8800 -1.7361 0.1835
-18.7000 1.1000 -1.7223 0.1765
-18.7000 1.3200 -1.7258 0.3086
-18.7000 1.5400 -1.7300 0.2615
-18.7000 1.7600 -1.7333 0.3245
-18.7000 1.9800 -1.7323 0.1252
-18.7000 2.2000 -1.7384 0.2648
-18.7000 2.4200 -1.7256 0.2931
-18.7000 2.6400 -1.7341 0.3043
-18.7000 2.8600 -1.7340 0.3178
-18.7000 3.0800 -1.7221 0.2770
-18.7000 3.3000 -1.7293 0.2274
-18.7000 3.5200 -1.7343 0.2766
-18.4800 -3.5200 -1.7179 0.2831
-18.4800 -3.3000 -1.7172 0.2733
-18.4800 -3.0800 -1.7376 0.3206
-18.4800 -2.8600 -1.7361 0.3109
-18.4800 -2.6400 -1.7304 0.2413
-18.4800 -2.4200 -1.7328 0.1720
-18.4800 -2.2000 -1.7378 0.1927
-18.4800 -1.9800 -1.7280 0.1520
-18.4800 -1.7600 -1.7375 0.3698
-18.4800 -1.5400 -1.7249 0.2909
-18.4800 -1.3200 -1.7396 0.2450
-18.4800 -1.1000 -1.7350 0.1576
-18.4800 -0.8800 -1.7199 0.2039
-18.4800 -0.6600 -1.7397 0.3227
-18.4800 -0.4400 -1.7164 0.2078
-18.4800 -0.2200 -1.7365 0.3528
-18.4800 -0.0000 -1.7168 0.2250
-18.4800 0.2200 -1.7399 0.2601
-18.4800 0.4400 -1.7174 0.2900
-18.4800 0.6600 -1.7222 0.3188
-18.4800 0.8800 -1.7368 0.3348
-18.4800 1.1000 -1.7254 0.3356
-18.4800 1.3200 -1.7270 0.2755
-18.4800 1.5400 -1.7173 0.2117
-18.4800 1.7600 -1.7253 0.3445
-18.4800 1.9800 -1.7244 0.3574
-18.4800 2.2000 -1.7361 0.2965
-18.4800 2.4200 -1.7240 0.3183
-18.4800 2.6400 -1.7156 0.1387
-18.4800 2.8600 -1.7284 0.3695
-18.4800 3.0800 -1.7351 0.1486
-18.4800 3.3000 -1.7232 0.3524
-18.4800 3.5200 -1.7168 0.1735
-18.2600 -3.5200 -1.7341 0.2660
-18.2600 -3.3000 -1.7286 0.2486
-18.2600 -3.0800 -1.7206 0.2032
-18.2600 -2.8600 -1.7167 0.3645
-18.2600 -2.6400 -1.7162 0.2465
-18.2600 -2.4200 -1.7277 0.3174
-18.2600 -2.2000 -1.7283 0.2445
-18.2600 -1.9800 -1.7378 0.3053
-18.2600 -1.7600 -1.7272 0.2422
-18.2600 -1.5400 -1.7342 0.1265
-18.2600 -1.3200 -1.7317 0.2965
-18.2600 -1.1000 -1.7238 0.2678
-18.2600 -0.8800 -1.7235 0.1469
-18.2600 -0.6600 -1.7224 0.2339
-18.2600 -0.4400 -1.7200 0.2201
-18.2600 -0.2200 -1.7262 0.2608
-18.2600 -0.0000 -1.7324 0.2166
-18.2600 0.2200 -1.7256 0.1804
-18.2600 0.4400 -1.7272 0.1705
-18.2600 0.6600 -1.7177 0.1337
-18.2600 0.8800 -1.7323 0.1221
-18.2600 1.1000 -1.7325 0.1750
-18.2600 1.3200 -1.7208 0.1940
-18.2600 1.5400 -1.7385 0.2669
-18.2600 1.7600 -1.7215 0.1349
-18.2600 1.9800 -1.7397 0.2016
-18.2600 2.2000 -1.7297 0.2846
-18.2600 2.4200 -1.7378 0.2352
-18.2600 2.6400 -1.7348 0.1684
-18.2600 2.8600 -1.7362 0.2960
-18.2600 3.0800 -1.7351 0.1944
-18.2600 3.3000 -1.7152 0.3581
-18.2600 3.5200 -1.7369 0.3256
-18.0400 -3.5200 -1.7374 0.2536
-18.0400 -3.3000 -1.7230 0.2255
-18.0400 -3.0800 -1.7364 0.1688
-18.0400 -2.8600 -1.7175 0.3230
-18.0400 -2.6400 -1.7270 0.1249
-18.0400 -2.4200 -1.7346 0.2804
-18.0400 -2.2000 -1.7213 0.2559
-18.0400 -1.9800 -1.7333 0.2289
-18.0400 -1.7600 -1.7240 0.3252
-18.0400 -1.5400 -1.7383 0.3207
-18.0400 -1.3200 -1.7354 0.2254
-18.0400 -1.1000 -1.7377 0.3441
-18.0400 -0.8800 -1.7189 0.2814
-18.0400 -0.6600 -1.7367 0.1254
-18.0400 -0.4400 -1.7270 0.3281
-18.0400 -0.2200 -1.7159 0.2138
-18.0400 -0.0000 -1.7234 0.3242
-18.0400 0.2200 -1.7301 0.2666
-18.0400 0.4400 -1.7305 0.2908
-18.0400 0.6600 -1.7255 0.1599
-18.0400 0.8800 -1.7382 0.3267
-18.0400 1.1000 -1.7279 0.1755
-18.0400 1.3200 -1.7357 0.3011
-18.0400 1.5400 -1.7379 0.2508
-18.0400 1.7600 -1.7262 0.1337
-18.0400 1.9800 -1.7245 0.2675
-18.0400 2.2000 -1.7354 0.1256
-18.0400 2.4200 -1.7312 0.1968
-18.0400 2.6400 -1.7322 0.3526
-18.0400 2.8600 -1.7189 0.3475
-18.0400 3.0800 -1.7204 0.2105
-18.0400 3.3000 -1.7152 0.2054
-18.0400 3.5200 -1.7195 0.2238
-17.8200 -3.5200 -1.7305 0.1741
-17.8200 -3.3000 -1.7305 0.1810
-17.8200 -3.0800 -1.7170 0.2586
-17.8200 -2.8600 -1.7323 0.2480
-17.8200 -2.6400 -1.7163 0.1429
-17.8200 -2.4200 -1.7368 0.1632
-17.8200 -2.2000 -1.7354 0.2201
-17.8200 -1.9800 -1.7155 0.1692
-17.8200 -1.7600 -1.7177 0.3130
-17.8200 -1.5400 -1.7219 0.2534
-17.8200 -1.3200 -1.7200 0.1339
-17.8200 -1.1000 -1.7172 0.3187
-17.8200 -0.8800 -1.7351 0.2262
-17.8200 -0.6600 -1.7272 0.1856
-17.8200 -0.4400 -1.7165 0.2112
-17.8200 -0.2200 -1.7263 0.3364
-17.8200 -0.0000 -1.7210 0.3440
-17.8200 0.2200 -1.7325 0.1857
-17.8200 0.4400 -1.7308 0.2722
-17.8200 0.6600 -1.7231 0.1760
-17.8200 0.8800 -1.7319 0.2196
-17.8200 1.1000 -1.7330 0.2339
-17.8200 1.3200 -1.7281 0.3165
-17.8200 1.5400 -1.7195 0.1807
-17.8200 1.7600 -1.7345 0.3215
-17.8200 1.9800 -1.7185 0.2693
-17.8200 2.2000 -1.7153 0.3372
-17.8200 2.4200 -1.7304 0.3194
-17.8200 2.6400 -1.7222 0.1828
-17.8200 2.8600 -1.7153 0.1271
-17.8200 3.0800 -1.7308 0.3396
-17.8200 3.3000 -1.7323 0.3416
-17.8200 3.5200 -1.7170 0.1557
-17.6000 -3.5200 -1.7178 0.3377
-17.6000 -3.3000 -1.7175 0.2288
-17.6000 -3.0800 -1.7285 0.2175
-17.6000 -2.8600 -1.7251 0.3547
-17.6000 -2.6400 -1.7179 0.1564
-17.6000 -2.4200 -1.7217 0.2662
-17.6000 -2.2000 -1.7295 0.2961
-17.6000 -1.9800 -1.7344 0.2721
-17.6000 -1.7600 -1.7203 0.2474
-17.6000 -1.5400 -1.7158 0.2758
-17.6000 -1.3200 -1.7314 0.1316
-17.6000 -1.1000 -1.7397 0.2587
-17.6000 -0.8800 -1.7255 0.3591
-17.6000 -0.6600 -1.7353 0.1489
-17.6000 -0.4400 -1.7280 0.1242
-17.6000 -0.2200 -1.7355 0.2279
-17.6000 -0.0000 -1.7333 0.1642
-17.6000 0.2200 -1.7286 0.3049
-17.6000 0.4400 -1.7208 0.2671
-17.6000 0.6600 -1.7321 0.2082
-17.6000 0.8800 -1.7399 0.3315
-17.6000 1.1000 -1.7186 0.3051
-17.6000 1.3200 -1.7382 0.3356
-17.6000 1.5400 -1.7324 0.2658
-17.6000 1.7600 -1.7261 0.1750
-17.6000 1.9800 -1.7390 0.3269
-17.6000 2.2000 -1.7309 0.2365
-17.6000 2.4200 -1.7393 0.3530
-17.6000 2.6400 -1.7166 0.2337
-17.6000 2.8600 -1.7285 0.3609
-17.6000 3.0800 -1.7377 0.1442
-17.6000 3.3000 -1.7266 0.1202
-17.6000 3.5200 -1.7322 0.1685
-17.3800 -3.5200 -1.7257 0.3158
-17.3800 -3.3000 -1.7199 0.3144
-17.3800 -3.0800 -1.7152 0.1689
-17.3800 -2.8600 -1.7315 0.3562
-17.3800 -2.6400 -1.7302 0.1294
-17.3800 -2.4200 -1.7330 0.3134
-17.3800 -2.2000 -1.7247 0.2807
-17.3800 -1.9800 -1.7187 0.3633
-17.3800 -1.7600 -1.7258 0.1838
-17.3800 -1.5400 -1.7310 0.3640
-17.3800 -1.3200 -1.7370 0.1368
-17.3800 -1.1000 -1.7226 0.3290
-17.3800 -0.8800 -1.7261 0.1903
-17.3800 -0.6600 -1.7151 0.1995
-17.3800 -0.4400 -1.7297 0.2172
-17.3800 -0.2200 -1.7344 0.3414
-17.3800 -0.0000 -1.7335 0.1755
-17.3800 0.2200 -1.7246 0.2838
-17.3800 0.4400 -1.7357 0.3084
-17.3800 0.6600 -1.7244 0.3471
-17.3800 0.8800 -1.7344 0.3573
-17.3800 1.1000 -1.7155 0.3300
-17.3800 1.3200 -1.7184 0.3377
-17.3800 1.5400 -1.7366 0.1762
-17.3800 1.7600 -1.7257 0.3365
-17.3800 1.9800 -1.7229 0.2986
-17.3800 2.2000 -1.7213 0.1896
-17.3800 2.4200 -1.7298 0.2685
-17.3800 2.6400 -1.7162 0.2227
-17.3800 2.8600 -1.7202 0.3607
-17.3800 3.0800 -1.7383 0.2770
-17.3800 3.3000 -1.7156 0.3057
-17.3800 3.5200 -1.7207 0.3555
-17.1600 -3.5200 -1.7368 0.3500
-17.1600 -3.3000 -1.7350 0.2279
-17.1600 -3.0800 -1.7304 0.2794
-17.1600 -2.8600 -1.7381 0.2887
-17.1600 -2.6400 -1.7197 0.3362
-17.1600 -2.4200 -1.7180 0.2885
-17.1600 -2.2000 -1.7387 0.2557
-17.1600 -1.9800 -1.7257 0.3372
-17.1600 -1.7600 -1.7258 0.2112
-17.1600 -1.5400 -1.7207 0.2737
-17.1600 -1.3200 -1.7339 0.2449
-17.1600 -1.1000 -1.7208 0.1404
-17.1600 -0.8800 -1.7353 0.3255
-17.1600 -0.6600 -1.7362 0.1275
-17.1600 -0.4400 -1.7297 0.1472
-17.1600 -0.2200 -1.7366 0.3153
-17.1600 -0.0000 -1.7214 0.1762
-17.1600 0.2200 -1.7311 0.2103
-17.1600 0.4400 -1.7226 0.2812
-17.1600 0.6600 -1.7292 0.2452
-17.1600 0.8800 -1.7187 0.1722
-17.1600 1.1000 -1.7376 0.1431
-17.1600 1.3200 -1.7197 0.3455
-17.1600 1.5400 -1.7274 0.2095
-17.1600 1.7600 -1.7248 0.1408
-17.1600 1.9800 -1.7377 0.3547
-17.1600 2.2000 -1.7259 0.2436
-17.1600 2.4200 -1.7172 0.2965
-17.1600 2.6400 -1.7239 0.1587
-17.1600 2.8600 -1.7163 0.1492
-17.1600 3.0800 -1.7355 0.1747
-17.1600 3.3000 -1.7267 0.3184
-17.1600 3.5200 -1.7173 0.1573
-16.9400 -3.5200 -1.7378 0.3647
-16.9400 -3.3000 -1.7345 0.1426
-16.9400 -3.0800 -1.7301 0.1403
-16.9400 -2.8600 -1.7330 0.2898
-16.9400 -2.6400 -1.7298 0.1826
-16.9400 -2.4200 -1.7205 0.1548
-16.9400 -2.2000 -1.7240 0.1515
-16.9400 -1.9800 -1.7222 0.1365
-16.9400 -1.7600 -1.7197 0.2150
-16.9400 -1.5400 -1.7398 0.3146
-16.9400 -1.3200 -1.7175 0.1225
-16.9400 -1.1000 -1.7188 0.3175
-16.9400 -0.8800 -1.7209 0.3580
-16.9400 -0.6600 -1.7303 0.1317
-16.9400 -0.4400 -1.7204 0.2271
-16.9400 -0.2200 -1.7191 0.2628
-16.9400 -0.0000 -1.7393 0.2597
-16.9400 0.2200 -1.7357 0.2207
-16.9400 0.4400 -1.7309 0.3481
-16.9400 0.6600 -1.7217 0.3091
-16.9400 0.8800 -1.7223 0.3245
-16.9400 1.1000 -1.7280 0.3376
-16.9400 1.3200 -1.7340 0.2906
-16.9400 1.5400 -1.7181 0.3387
-16.9400 1.7600 -1.7287 0.1636
-16.9400 1.9800 -1.7317 0.1660
-16.9400 2.2000 -1.7218 0.2464
-16.9400 2.4200 -1.7323 0.3636
-16.9400 2.6400 -1.7161 0.1570
-16.9400 2.8600 -1.7226 0.1277
-16.9400 3.0800 -1.7348 0.1364
-16.9400 3.3000 -1.7258 0.1985
-16.9400 3.5200 -1.7185 0.1729
-16.7200 -3.5200 -1.7150 0.3319
-16.7200 -3.3000 -1.7375 0.1464
-16.7200 -3.0800 -1.7159 0.2720
-16.7200 -2.8600 -1.7252 0.2229
-16.7200 -2.6400 -1.7158 0.3342
-16.7200 -2.4200 -1.7313 0.3589
-16.7200 -2.2000 -1.7201 0.2729
-16.7200 -1.9800 -1.7389 0.3130
-16.7200 -1.7600 -1.7354 0.2158
-16.7200 -1.5400 -1.7323 0.3358
-16.7200 -1.3200 -1.7259 0.3418
-16.7200 -1.1000 -1.7202 0.3591
-16.7200 -0.8800 -1.7371 0.1923
-16.7200 -0.6600 -1.7265 0.2916
-16.7200 -0.4400 -1.7282 0.2848
-16.7200 -0.2200 -1.7234 0.2459
-16.7200 -0.0000 -1.7196 0.2540
-16.7200 0.2200 -1.7229 0.2039
-16.7200 0.4400 -1.7398 0.2095
-16.7200 0.6600 -1.7211 0.2790
-16.7200 0.8800 -1.7327 0.2323
-16.7200 1.1000 -1.7221 0.3573
-16.7200 1.3200 -1.7277 0.1754
-16.7200 1.5400 -1.7252 0.2251
-16.7200 1.7600 -1.7168 0.2328
-16.7200 1.9800 -1.7381 0.1830
-16.7200 2.2000 -1.7160 0.2823
-16.7200 2.4200 -1.7264 0.3660
-16.7200 2.6400 -1.7303 0.2605
-16.7200 2.8600 -1.7335 0.1429
-16.7200 3.0800 -1.7370 0.3387
-16.7200 3.3000 -1.7244 0.2854
-16.7200 3.5200 -1.7209 0.1764
-16.5000 -3.5200 -1.7268 0.1728
-16.5000 -3.3000 -1.7389 0.1407
-16.5000 -3.0800 -1.7192 0.2405
-16.5000 -2.8600 -1.7396 0.1262
-16.5000 -2.6400 -1.7280 0.1851
-16.5000 -2.4200 -1.7179 0.1521
-16.5000 -2.2000 -1.7176 0.1440
-16.5000 -1.9800 -1.7244 0.3654
-16.5000 -1.7600 -1.7299 0.3628
-16.5000 -1.5400 -1.7228 0.1423
-16.5000 -1.3200 -1.7286 0.2206
-16.5000 -1.1000 -1.7295 0.1363
-16.5000 -0.8800 -1.7159 0.3313
-16.5000 -0.6600 -1.7204 0.2525
-16.5000 -0.4400 -1.7393 0.1915
-16.5000 -0.2200 -1.7349 0.3186
-16.5000 -0.0000 -1.7253 0.1844
-16.5000 0.2200 -1.7155 0.2149
-16.5000 0.4400 -1.7318 0.2192
-16.5000 0.6600 -1.7225 0.2939
-16.5000 0.8800 -1.7331 0.1718
-16.5000 1.1000 -1.7155 0.1969
-16.5000 1.3200 -1.7344 0.1833
-16.5000 1.5400 -1.7357 0.3567
-16.5000 1.7600 -1.7270 0.2928
-16.5000 1.9800 -1.7176 0.1495
-16.5000 2.2000 -1.7381 0.2700
-16.5000 2.4200 -1.7272 0.3499
-16.5000 2.6400 -1.7230 0.1236
-16.5000 2.8600 -1.7235 0.1889
-16.5000 3.0800 -1.7170 0.1250
-16.5000 3.3000 -1.7279 0.2854
-16.5000 3.5200 -1.7186 0.2865
-16.2800 -3.5200 -1.7397 0.3561
-16.2800 -3.3000 -1.7220 0.1843
-16.2800 -3.0800 -1.7354 0.3004
-16.2800 -2.8600 -1.7221 0.2385
-16.2800 -2.6400 -1.7233 0.3341
-16.2800 -2.4200 -1.7310 0.3636
-16.2800 -2.2000 -1.7323 0.2318
-16.2800 -1.9800 -1.7240 0.3452
-16.2800 -1.7600 -1.7388 0.2491
-16.2800 -1.5400 -1.7157 0.2341
-16.2800 -1.3200 -1.7270 0.3272
-16.2800 -1.1000 -1.7245 0.3556
-16.2800 -0.8800 -1.7320 0.3422
-16.2800 -0.6600 -1.7318 0.2101
-16.2800 -0.4400 -1.7314 0.1934
-16.2800 -0.2200 -1.7246 0.3333
-16.2800 -0.0000 -1.7271 0.1354
-16.2800 0.2200 -1.7371 0.1442
-16.2800 0.4400 -1.7248 0.2786
-16.2800 0.6600 -1.7211 0.2833
-16.2800 0.8800 -1.7297 0.3278
-16.2800 1.1000 -1.7199 0.2637
-16.2800 1.3200 -1.7337 0.3667
-16.2800 1.5400 -1.7262 0.3333
-16.2800 1.7600 -1.7384 0.1638
-16.2800 1.9800 -1.7198 0.1341
-16.2800 2.2000 -1.7260 0.3325
-16.2800 2.4200 -1.7242 0.2916
-16.2800 2.6400 -1.7252 0.2146
-16.2800 2.8600 -1.7302 0.2263
-16.2800 3.0800 -1.7188 0.1332
-16.2800 3.3000 -1.7262 0.2961
-16.2800 3.5200 -1.7376 0.3034
-16.0600 -3.5200 -1.7221 0.3303
-16.0600 -3.3000 -1.7279 0.2897
-16.0600 -3.0800 -1.7366 0.3569
-16.0600 -2.8600 -1.7392 0.2729
-16.0600 -2.6400 -1.7313 0.3657
-16.0600 -2.4200 -1.7299 0.1668
-16.0600 -2.2000 -1.7161 0.1825
-16.0600 -1.9800 -1.7217 0.3660
-16.0600 -1.7600 -1.7354 0.1675
-16.0600 -1.5400 -1.7230 0.3234
-16.0600 -1.3200 -1.7225 0.3292
-16.0600 -1.1000 -1.7324 0.3417
-16.0600 -0.8800 -1.7364 0.3115
-16.0600 -0.6600 -1.7279 0.3490
-16.0600 -0.4400 -1.7204 0.2310
-16.0600 -0.2200 -1.7257 0.2463
-16.0600 -0.0000 -1.7220 0.1970
-16.0600 0.2200 -1.7312 0.1306
-16.0600 0.4400 -1.7346 0.1559
-16.0600 0.6600 -1.7329 0.3637
-16.0600 0.8800 -1.7151 0.2806
-16.0600 1.1000 -1.7240 0.2348
-16.0600 1.3200 -1.7262 0.2435
-16.0600 1.5400 -1.7286 0.1660
-16.0600 1.7600 -1.7255 0.2657
-16.0600 1.9800 -1.7284 0.3426
-16.0600 2.2000 -1.7248 0.2981
-16.0600 2.4200 -1.7236 0.2638
-16.0600 2.6400 -1.7299 0.2530
-16.0600 2.8600 -1.7284 0.3253
-16.0600 3.0800 -1.7264 0.3490
-16.0600 3.3000 -1.7315 0.2285
-16.0600 3.5200 -1.7180 0.2868
-15.8400 -3.5200 -1.7158 0.1671
-15.8400 -3.3000 -1.7235 0.1765
-15.8400 -3.0800 -1.7224 0.2860
-15.8400 -2.8600 -1.7314 0.1203
-15.8400 -2.6400 -1.7228 0.3480
-15.8400 -2.4200 -1.7250 0.1866
-15.8400 -2.2000 -1.7246 0.2979
-15.8400 -1.9800 -1.7364 0.2006
-15.8400 -1.7600 -1.7215 0.1493
-15.8400 -1.5400 -1.7388 0.3343
-15.8400 -1.3200 -1.7336 0.2505
-15.8400 -1.1000 -1.7271 0.1763
-15.8400 -0.8800 -1.7340 0.2119
-15.8400 -0.6600 -1.7193 0.2352
-15.8400 -0.4400 -1.7304 0.2406
-15.8400 -0.2200 -1.7398 0.1302
-15.8400 -0.0000 -1.7163 0.1247
-15.8400 0.2200 -1.7217 0.2785
-15.8400 0.4400 -1.7177 0.1503
-15.8400 0.6600 -1.7151 0.3010
-15.8400 0.8800 -1.7205 0.1745
-15.8400 1.1000 -1.7171 0.3085
-15.8400 1.3200 -1.7385 0.1724
-15.8400 1.5400 -1.7352 0.2916
-15.8400 1.7600 -1.7254 0.2618
-15.8400 1.9800 -1.7282 0.1755
-15.8400 2.2000 -1.7370 0.3398
-15.8400 2.4200 -1.7170 0.2653
-15.8400 2.6400 -1.7247 0.2041
-15.8400 2.8600 -1.7294 0.2810
-15.8400 3.0800 -1.7336 0.2288
-15.8400 3.3000 -1.7288 0.1393
-15.8400 3.5200 -1.7167 0.3345
-15.6200 -3.5200 -1.7240 0.2806
-15.6200 -3.3000 -1.7287 0.1760
-15.6200 -3.0800 -1.7177 0.2810
-15.6200 -2.8600 -1.7171 0.2582
-15.6200 -2.6400 -1.7200 0.3267
-15.6200 -2.4200 -1.7256 0.2670
-15.6200 -2.2000 -1.7241 0.1378
-15.6200 -1.9800 -1.7311 0.2789
-15.6200 -1.7600 -1.7373 0.1622
-15.6200 -1.5400 -1.7296 0.3107
-15.6200 -1.3200 -1.7249 0.3545
-15.6200 -1.1000 -1.7206 0.1405
-15.6200 -0.8800 -1.7257 0.2530
-15.6200 -0.6600 -1.7152 0.1761
-15.6200 -0.4400 -1.7358 0.2669
-15.6200 -0.2200 -1.7364 0.3057
-15.6200 -0.0000 -1.7232 0.2591
-15.6200 0.2200 -1.7219 0.2496
-15.6200 0.4400 -1.7204 0.3114
-15.6200 0.6600 -1.7391 0.3216
-15.6200 0.8800 -1.7297 0.1304
-15.6200 1.1000 -1.7357 0.2486
-15.6200 1.3200 -1.7166 0.3480
-15.6200 1.5400 -1.7351 0.1831
-15.6200 1.7600 -1.7240 0.2919
-15.6200 1.9800 -1.7214 0.1529
-15.6200 2.2000 -1.7254 0.1860
-15.6200 2.4200 -1.7243 0.2002
-15.6200 2.6400 -1.7185 0.3069
-15.6200 2.8600 -1.7378 0.2270
-15.6200 3.0800 -1.7204 0.1240
-15.6200 3.3000 -1.7326 0.3516
-15.6200 3.5200 -1.7340 0.3055
-15.4000 -3.5200 -1.7297 0.2624
-15.4000 -3.3000 -1.7342 0.1271
-15.4000 -3.0800 -1.7214 0.2652
-15.4000 -2.8600 -1.7327 0.3504
-15.4000 -2.6400 -1.7196 0.2596
-15.4000 -2.4200 -1.7201 0.1855
-15.4000 -2.2000 -1.7188 0.1425
-15.4000 -1.9800 -1.7321 0.3313
-15.4000 -1.7600 -1.7271 0.3203
-15.4000 -1.5400 -1.7275 0.1805
-15.4000 -1.3200 -1.7342 0.2909
-15.4000 -1.1000 -1.7310 0.3226
-15.4000 -0.8800 -1.7348 0.1347
-15.4000 -0.6600 -1.7179 0.1281
-15.4000 -0.4400 -1.7200 0.2478
-15.4000 -0.2200 -1.7369 0.2730
-15.4000 -0.0000 -1.7186 0.2257
-15.4000 0.2200 -1.7216 0.3549
-15.4000 0.4400 -1.7391 0.2448
-15.4000 0.6600 -1.7330 0.1439
-15.4000 0.8800 -1.7278 0.3579
-15.4000 1.1000 -1.7385 0.2197
-15.4000 1.3200 -1.7322 0.1245
-15.4000 1.5400 -1.7322 0.1906
-15.4000 1.7600 -1.7380 0.2004
-15.4000 1.9800 -1.7225 0.2390
-15.4000 2.2000 -1.7371 0.2829
-15.4000 2.4200 -1.7316 0.2217
-15.4000 2.6400 -1.7233 0.3119
-15.4000 2.8600 -1.7278 0.2261
-15.4000 3.0800 -1.7284 0.2126
-15.4000 3.3000 -1.7355 0.1861
-15.4000 3.5200 -1.7393 0.2175
-15.1800 -3.5200 -1.7261 0.2129
-15.1800 -3.3000 -1.7334 0.1417
-15.1800 -3.0800 -1.7228 0.2181
-15.1800 -2.8600 -1.7390 0.2213
-15.1800 -2.6400 -1.7360 0.3420
-15.1800 -2.4200 -1.7205 0.2940
-15.1800 -2.2000 -1.7281 0.3070
-15.1800 -1.9800 -1.7265 0.1281
-15.1800 -1.7600 -1.7281 0.2903
-15.1800 -1.5400 -1.7216 0.3107
-15.1800 -1.3200 -1.7212 0.2147
-15.1800 -1.1000 -1.7201 0.2080
-15.1800 -0.8800 -1.7350 0.1515
-15.1800 -0.6600 -1.7241 0.2528
-15.1800 -0.4400 -1.7352 0.3374
-15.1800 -0.2200 -1.7184 0.2029
-15.1800 -0.0000 -1.7283 0.3496
-15.1800 0.2200 -1.7386 0.1975
-15.1800 0.4400 -1.7392 0.3425
-15.1800 0.6600 -1.7346 0.3395
-15.1800 0.8800 -1.7359 0.1447
-15.1800 1.1000 -1.7319 0.1982
-15.1800 1.3200 -1.7204 0.2063
-15.1800 1.5400 -1.7166 0.2723
-15.1800 1.7600 -1.7246 0.3055
-15.1800 1.9800 -1.7224 0.2252
-15.1800 2.2000 -1.7240 0.1285
-15.1800 2.4200 -1.7320 0.2983
-15.1800 2.6400 -1.7308 0.1239
-15.1800 2.8600 -1.7233 0.3080
-15.1800 3.0800 -1.7370 0.2723
-15.1800 3.3000 -1.7269 0.1423
-15.1800 3.5200 -1.7279 0.2857
-14.9600 -3.5200 -1.7282 0.2976
-14.9600 -3.3000 -1.7259 0.2325
-14.9600 -3.0800 -1.7314 0.2059
-14.9600 -2.8600 -1.7166 0.2282
-14.9600 -2.6400 -1.7263 0.1310
-14.9600 -2.4200 -1.7321 0.1265
-14.9600 -2.2000 -1.7295 0.1966
-14.9600 -1.9800 -1.7205 0.1658
-14.9600 -1.7600 -1.7379 0.2821
-14.9600 -1.5400 -1.7300 0.2720
-14.9600 -1.3200 -1.7285 0.2757
-14.9600 -1.1000 -1.7398 0.2437
-14.9600 -0.8800 -1.7212 0.2414
-14.9600 -0.6600 -1.7278 0.1385
-14.9600 -0.4400 -1.7176 0.3286
-14.9600 -0.2200 -1.7200 0.2978
-14.9600 -0.0000 -1.7233 0.2156
-14.9600 0.2200 -1.7211 0.2554
-14.9600 0.4400 -1.7259 0.1476
-14.9600 0.6600 -1.7292 0.1980
-14.9600 0.8800 -1.7331 0.2552
-14.9600 1.1000 -1.7205 0.3637
-14.9600 1.3200 -1.7219 0.3480
-14.9600 1.5400 -1.7307 0.2265
-14.9600 1.7600 -1.7302 0.3674
-14.9600 1.9800 -1.7165 0.3062
-14.9600 2.2000 -1.7213 0.3608
-14.9600 2.4200 -1.7242 0.2037
-14.9600 2.6400 -1.7306 0.1780
-14.9600 2.8600 -1.7307 0.3048
-14.9600 3.0800 -1.7396 0.2956
-14.9600 3.3000 -1.7327 0.3023
-14.9600 3.5200 -1.7227 0.1425
-14.7400 -3.5200 -1.7362 0.2731
-14.7400 -3.3000 -1.7280 0.2472
-14.7400 -3.0800 -1.7191 0.3442
-14.7400 -2.8600 -1.7328 0.1278
-14.7400 -2.6400 -1.7159 0.1407
-14.7400 -2.4200 -1.7200 0.2583
-14.7400 -2.2000 -1.7196 0.2147
-14.7400 -1.9800 -1.7284 0.2272
-14.7400 -1.7600 -1.7182 0.3008
-14.7400 -1.5400 -1.7158 0.2393
-14.7400 -1.3200 -1.7163 0.1384
-14.7400 -1.1000 -1.7309 0.2149
-14.7400 -0.8800 -1.7169 0.3011
-14.7400 -0.6600 -1.7375 0.1892
-14.7400 -0.4400 -1.7379 0.3086
-14.7400 -0.2200 -1.7335 0.1721
-14.7400 -0.0000 -1.7229 0.3291
-14.7400 0.2200 -1.7170 0.2239
-14.7400 0.4400 -1.7172 0.2002
-14.7400 0.6600 -1.7398 0.3114
-14.7400 0.8800 -1.7258 0.2987
-14.7400 1.1000 -1.7347 0.1945
-14.7400 1.3200 -1.7156 0.2624
-14.7400 1.5400 -1.7158 0.2780
-14.7400 1.7600 -1.7293 0.3099
-14.7400 1.9800 -1.7166 0.2387
-14.7400 2.2000 -1.7314 0.3143
-14.7400 2.4200 -1.7189 0.2463
-14.7400 2.6400 -1.7380 0.1719
-14.7400 2.8600 -1.7216 0.2023
-14.7400 3.0800 -1.7204 0.2052
-14.7400 3.3000 -1.7329 0.1438
-14.7400 3.5200 -1.7277 0.2622
-14.5200 -3.5200 -1.7344 0.3219
-14.5200 -3.3000 -1.7394 0.2072
-14.5200 -3.0800 -1.7282 0.1205
-14.5200 -2.8600 -1.7239 0.2949
-14.5200 -2.6400 -1.7355 0.1867
-14.5200 -2.4200 -1.7208 0.1733
-14.5200 -2.2000 -1.7289 0.2510
-14.5200 -1.9800 -1.7233 0.1247
-14.5200 -1.7600 -1.7325 0.1920
-14.5200 -1.5400 -1.7265 0.3220
-14.5200 -1.3200 -1.7271 0.1285
-14.5200 -1.1000 -1.7329 0.1301
-14.5200 -0.8800 -1.7287 0.3227
-14.5200 -0.6600 -1.7269 0.2126
-14.5200 -0.4400 -1.7284 0.3125
-14.5200 -0.2200 -1.7225 0.2891
-14.5200 -0.0000 -1.7288 0.3321
-14.5200 0.2200 -1.7231 0.1627
-14.5200 0.4400 -1.7316 0.1939
-14.5200 0.6600 -1.7305 0.2686
-14.5200 0.8800 -1.7153 0.2650
-14.5200 1.1000 -1.7332 0.2211
-14.5200 1.3200 -1.7296 0.3673
-14.5200 1.5400 -1.7239 0.1668
-14.5200 1.7600 -1.7304 0.2907
-14.5200 1.9800 -1.7249 0.3325
-14.5200 2.2000 -1.7161 0.1621
-14.5200 2.4200 -1.7198 0.2618
-14.5200 2.6400 -1.7249 0.2041
-14.5200 2.8600 -1.7206 0.2196
-14.5200 3.0800 -1.7213 0.2146
-14.5200 3.3000 -1.7236 0.2373
-14.5200 3.5200 -1.7219 0.2380
-14.3000 -3.5200 -1.7296 0.2351
-14.3000 -3.3000 -1.7314 0.3097
-14.3000 -3.0800 -1.7366 0.2728
-14.3000 -2.8600 -1.7243 0.3298
-14.3000 -2.6400 -1.7215 0.2471
-14.3000 -2.4200 -1.7296 0.1382
-14.3000 -2.2000 -1.7174 0.1353
-14.3000 -1.9800 -1.7319 0.1352
-14.3000 -1.7600 -1.7246 0.1221
-14.3000 -1.5400 -1.7187 0.3271
-14.3000 -1.3200 -1.7248 0.2388
-14.3000 -1.1000 -1.7247 0.2820
-14.3000 -0.8800 -1.7182 0.2671
-14.3000 -0.6600 -1.7348 0.2992
-14.3000 -0.4400 -1.7394 0.2776
-14.3000 -0.2200 -1.7280 0.2285
-14.3000 -0.0000 -1.7180 0.1305
-14.3000 0.2200 -1.7249 0.2591
-14.3000 0.4400 -1.7348 0.3528
-14.3000 0.6600 -1.7368 0.1757
-14.3000 0.8800 -1.7182 0.2488
-14.3000 1.1000 -1.7379 0.1425
-14.3000 1.3200 -1.7329 0.1713
-14.3000 1.5400 -1.7170 0.1539
-14.3000 1.7600 -1.7194 0.3019
-14.3000 1.9800 -1.7350 0.1850
-14.3000 2.2000 -1.7246 0.3524
-14.3000 2.4200 -1.7254 0.3599
-14.3000 2.6400 -1.7294 0.2278
-14.3000 2.8600 -1.7315 0.2035
-14.3000 3.0800 -1.7344 0.1728
-14.3000 3.3000 -1.7345 0.3479
-14.3000 3.5200 -1.7185 0.2465
-14.0800 -3.5200 -1.7396 0.2282
-14.0800 -3.3000 -1.7384 0.1929
-14.0800 -3.0800 -1.7341 0.2785
-14.0800 -2.8600 -1.7298 0.3452
-14.0800 -2.6400 -1.7195 0.2636
-14.0800 -2.4200 -1.7311 0.3454
-14.0800 -2.2000 -1.7387 0.3249
-14.0800 -1.9800 -1.7384 0.1775
-14.0800 -1.7600 -1.7317 0.1297
-14.0800 -1.5400 -1.7331 0.3344
-14.0800 -1.3200 -1.7332 0.1572
-14.0800 -1.1000 -1.7236 0.1620
-14.0800 -0.8800 -1.7272 0.3565
-14.0800 -0.6600 -1.7274 0.2854
-14.0800 -0.4400 -1.7208 0.2841
-14.0800 -0.2200 -1.7154 0.2614
-14.0800 -0.0000 -1.7364 0.3361
-14.0800 0.2200 -1.7286 0.1758
-14.0800 0.4400 -1.7182 0.3004
-14.0800 0.6600 -1.7253 0.2408
-14.0800 0.8800 -1.7254 0.1978
-14.0800 1.1000 -1.7253 0.1451
-14.0800 1.3200 -1.7244 0.3160
-14.0800 1.5400 -1.7381 0.2118
-14.0800 1.7600 -1.7229 0.3432
-14.0800 1.9800 -1.7351 0.2304
-14.0800 2.2000 -1.7228 0.2325
-14.0800 2.4200 -1.7399 0.2923
-14.0800 2.6400 -1.7300 0.3219
-14.0800 2.8600 -1.7192 0.2275
-14.0800 3.0800 -1.7182 0.1615
-14.0800 3.3000 -1.7241 0.2634
-14.0800 3.5200 -1.7232 0.2246
-13.8600 -3.5200 -1.7230 0.3553
-13.8600 -3.3000 -1.7344 0.3376
-13.8600 -3.0800 -1.7342 0.2561
-13.8600 -2.8600 -1.7383 0.3473
-13.8600 -2.6400 -1.7360 0.1595
-13.8600 -2.4200 -1.7386 0.2220
-13.8600 -2.2000 -1.7264 0.1588
-13.8600 -1.9800 -1.7242 0.1288
-13.8600 -1.7600 -1.7301 0.2127
-13.8600 -1.5400 -1.7187 0.2115
-13.8600 -1.3200 -1.7160 0.1428
-13.8600 -1.1000 -1.7356 0.1758
-13.8600 -0.8800 -1.7328 0.2420
-13.8600 -0.6600 -1.7254 0.2945
-13.8600 -0.4400 -1.7379 0.3691
-13.8600 -0.2200 -1.7304 0.3160
-13.8600 -0.0000 -1.7266 0.2606
-13.8600 0.2200 -1.7315 0.3474
-13.8600 0.4400 -1.7378 0.2540
-13.8600 0.6600 -1.7296 0.1970
-13.8600 0.8800 -1.7381 0.3597
-13.8600 1.1000 -1.7177 0.3183
-13.8600 1.3200 -1.7283 0.3291
-13.8600 1.5400 -1.7227 0.1659
-13.8600 1.7600 -1.7163 0.1583
-13.8600 1.9800 -1.7346 0.1270
-13.8600 2.2000 -1.7349 0.2853
-13.8600 2.4200 -1.7272 0.1492
-13.8600 2.6400 -1.7311 0.2139
-13.8600 2.8600 -1.7187 0.2676
-13.8600 3.0800 -1.7163 0.1443
-13.8600 3.3000 -1.7310 0.2929
-13.8600 3.5200 -1.7360 0.1637
-13.6400 -3.5200 -1.7349 0.1599
-13.6400 -3.3000 -1.7164 0.2844
-13.6400 -3.0800 -1.7259 0.2598
-13.6400 -2.8600 -1.7309 0.3023
-13.6400 -2.6400 -1.7187 0.1633
-13.6400 -2.4200 -1.7203 0.2604
-13.6400 -2.2000 -1.7304 0.1718
-13.6400 -1.9800 -1.7251 0.1653
-13.6400 -1.7600 -1.7169 0.3422
-13.6400 -1.5400 -1.7385 0.2899
-13.6400 -1.3200 -1.7187 0.2400
-13.6400 -1.1000 -1.7381 0.1210
-13.6400 -0.8800 -1.7254 0.2759
-13.6400 -0.6600 -1.7331 0.2492
-13.6400 -0.4400 -1.7156 0.3168
-13.6400 -0.2200 -1.7186 0.2230
-13.6400 -0.0000 -1.7267 0.1682
-13.6400 0.2200 -1.7236 0.3675
-13.6400 0.4400 -1.7232 0.2901
-13.6400 0.6600 -1.7220 0.1483
-13.6400 0.8800 -1.7166 0.2193
-13.6400 1.1000 -1.7223 0.2567
-13.6400 1.3200 -1.7251 0.1835
-13.6400 1.5400 -1.7224 0.3177
-13.6400 1.7600 -1.7387 0.1890
-13.6400 1.9800 -1.7228 0.1821
-13.6400 2.2000 -1.7202 0.1916
-13.6400 2.4200 -1.7193 0.2354
-13.6400 2.6400 -1.7253 0.1527
-13.6400 2.8600 -1.7301 0.2222
-13.6400 3.0800 -1.7306 0.3481
-13.6400 3.3000 -1.7371 0.3609
-13.6400 3.5200 -1.7300 0.1862
-13.4200 -3.5200 -1.7360 0.3286
-13.4200 -3.3000 -1.7394 0.1833
-13.4200 -3.0800 -1.7197 0.3687
-13.4200 -2.8600 -1.7224 0.1989
-13.4200 -2.6400 -1.7251 0.3647
-13.4200 -2.4200 -1.7151 0.3419
-13.4200 -2.2000 -1.7158 0.3200
-13.4200 -1.9800 -1.7351 0.2730
-13.4200 -1.7600 -1.7215 0.2130
-13.4200 -1.5400 -1.7288 0.1586
-13.4200 -1.3200 -1.7197 0.1815
-13.4200 -1.1000 -1.7238 0.2129
-13.4200 -0.8800 -1.7174 0.3526
-13.4200 -0.6600 -1.7269 0.3013
-13.4200 -0.4400 -1.7379 0.2652
-13.4200 -0.2200 -1.7253 0.3503
-13.4200 -0.0000 -1.7318 0.1663
-13.4200 0.2200 -1.7286 0.2794
-13.4200 0.4400 -1.7179 0.1959
-13.4200 0.6600 -1.7188 0.3473
-13.4200 0.8800 -1.7313 0.3572
-13.4200 1.1000 -1.7221 0.2701
-13.4200 1.3200 -1.7350 0.1994
-13.4200 1.5400 -1.7217 0.3566
-13.4200 1.7600 -1.7261 0.2939
-13.4200 1.9800 -1.7192 0.3008
-13.4200 2.2000 -1.7319 0.2365
-13.4200 2.4200 -1.7191 0.1624
-13.4200 2.6400 -1.7320 0.1540
-13.4200 2.8600 -1.7255 0.3093
-13.4200 3.0800 -1.7170 0.1790
-13.4200 3.3000 -1.7288 0.1761
-13.4200 3.5200 -1.7329 0.2393
-13.2000 -3.5200 -1.7198 0.2082
-13.2000 -3.3000 -1.7301 0.1514
-13.2000 -3.0800 -1.7176 0.1791
-13.2000 -2.8600 -1.7185 0.3578
-13.2000 -2.6400 -1.7290 0.2858
-13.2000 -2.4200 -1.7395 0.3445
-13.2000 -2.2000 -1.7183 0.2406
-13.2000 -1.9800 -1.7219 0.3365
-13.2000 -1.7600 -1.7323 0.1708
-13.2000 -1.5400 -1.7274 0.3539
-13.2000 -1.3200 -1.7158 0.3409
-13.2000 -1.1000 -1.7222 0.2545
-13.2000 -0.8800 -1.7231 0.2668
-13.2000 -0.6600 -1.7258 0.3373
-13.2000 -0.4400 -1.7261 0.1578
-13.2000 -0.2200 -1.7192 0.1462
-13.2000 -0.0000 -1.7316 0.1928
-13.2000 0.2200 -1.7204 0.1227
-13.2000 0.4400 -1.7205 0.3341
-13.2000 0.6600 -1.7273 0.2647
-13.2000 0.8800 -1.7258 0.1965
-13.2000 1.1000 -1.7348 0.2984
-13.2000 1.3200 -1.7156 0.1830
-13.2000 1.5400 -1.7394 0.2591
-13.2000 1.7600 -1.7348 0.2645
-13.2000 1.9800 -1.7344 0.3125
-13.2000 2.2000 -1.7362 0.2484
-13.2000 2.4200 -1.7254 0.2313
-13.2000 2.6400 -1.7388 0.1342
-13.2000 2.8600 -1.7195 0.3646
-13.2000 3.0800 -1.7343 0.2340
-13.2000 3.3000 -1.7344 0.2572
-13.2000 3.5200 -1.7252 0.1750
-12.9800 -3.5200 -1.7282 0.1396
-12.9800 -3.3000 -1.7164 0.1938
-12.9800 -3.0800 -1.7298 0.2156
-12.9800 -2.8600 -1.7202 0.1283
-12.9800 -2.6400 -1.7257 0.1490
-12.9800 -2.4200 -1.7294 0.2356
-12.9800 -2.2000 -1.7185 0.3270
-12.9800 -1.9800 -1.7391 0.2977
-12.9800 -1.7600 -1.7176 0.1502
-12.9800 -1.5400 -1.7336 0.3030
-12.9800 -1.3200 -1.7268 0.2790
-12.9800 -1.1000 -1.7383 0.2038
-12.9800 -0.8800 -1.7257 0.2450
-12.9800 -0.6600 -1.7396 0.2261
-12.9800 -0.4400 -1.7333 0.1891
-12.9800 -0.2200 -1.7352 0.1851
-12.9800 -0.0000 -1.7276 0.1338
-12.9800 0.2200 -1.7318 0.1628
-12.9800 0.4400 -1.7331 0.3317
-12.9800 0.6600 -1.7166 0.3513
-12.9800 0.8800 -1.7245 0.2107
-12.9800 1.1000 -1.7156 0.3638
-12.9800 1.3200 -1.7395 0.2828
-12.9800 1.5400 -1.7389 0.3555
-12.9800 1.7600 -1.7274 0.1765
-12.9800 1.9800 -1.7203 0.1803
-12.9800 2.2000 -1.7201 0.3304
-12.9800 2.4200 -1.7277 0.2118
-12.9800 2.6400 -1.7317 0.1720
-12.9800 2.8600 -1.7286 0.3059
-12.9800 3.0800 -1.7234 0.2925
-12.9800 3.3000 -1.7213 0.1377
-12.9800 3.5200 -1.7225 0.3489
-12.7600 -3.5200 -1.7386 0.3362
-12.7600 -3.3000 -1.7376 0.1812
-12.7600 -3.0800 -1.7231 0.3225
-12.7600 -2.8600 -1.7346 0.1639
-12.7600 -2.6400 -1.7219 0.2601
-12.7600 -2.4200 -1.7383 0.3589
-12.7600 -2.2000 -1.7272 0.2908
-12.7600 -1.9800 -1.7205 0.2123
-12.7600 -1.7600 -1.7379 0.2783
-12.7600 -1.5400 -1.7237 0.2100
-12.7600 -1.3200 -1.7158 0.3344
-12.7600 -1.1000 -1.7194 0.1766
-12.7600 -0.8800 -1.7217 0.2807
-12.7600 -0.6600 -1.7295 0.3470
-12.7600 -0.4400 -1.7210 0.1402
-12.7600 -0.2200 -1.7372 0.1786
-12.7600 -0.0000 -1.7224 0.1945
-12.7600 0.2200 -1.7282 0.2981
-12.7600 0.4400 -1.7196 0.1542
-12.7600 0.6600 -1.7155 0.2691
-12.7600 0.8800 -1.7273 0.3542
-12.7600 1.1000 -1.7176 0.1991
-12.7600 1.3200 -1.7312 0.2651
-12.7600 1.5400 -1.7315 0.1688
-12.7600 1.7600 -1.7190 0.3652
-12.7600 1.9800 -1.7369 0.2837
-12.7600 2.2000 -1.7218 0.1318
-12.7600 2.4200 -1.7266 0.3418
-12.7600 2.6400 -1.7319 0.1982
-12.7600 2.8600 -1.7394 0.1720
-12.7600 3.0800 -1.7286 0.3294
-12.7600 3.3000 -1.7295 0.3601
-12.7600 3.5200 -1.7295 0.3473
-12.5400 -3.5200 -1.7233 0.3655
-12.5400 -3.3000 -1.7175 0.2621
-12.5400 -3.0800 -1.7213 0.3327
-12.5400 -2.8600 -1.7180 0.3264
-12.5400 -2.6400 -1.7278 0.2184
-12.5400 -2.4200 -1.7217 0.3106
-12.5400 -2.2000 -1.7332 0.3397
-12.5400 -1.9800 -1.7185 0.3226
-12.5400 -1.7600 -1.7247 0.2284
-12.5400 -1.5400 -1.7155 0.2137
-12.5400 -1.3200 -1.7315 0.1440
-12.5400 -1.1000 -1.7384 0.2445
-12.5400 -0.8800 -1.7278 0.2476
-12.5400 -0.6600 -1.7284 0.1342
-12.5400 -0.4400 -1.7386 0.2002
-12.5400 -0.2200 -1.7328 0.2261
-12.5400 -0.0000 -1.7344 0.2020
-12.5400 0.2200 -1.7250 0.2332
-12.5400 0.4400 -1.7173 0.2990
-12.5400 0.6600 -1.7195 0.2322
-12.5400 0.8800 -1.7166 0.2169
-12.5400 1.1000 -1.7267 0.2104
-12.5400 1.3200 -1.7235 0.3321
-12.5400 1.5400 -1.7181 0.1812
-12.5400 1.7600 -1.7361 0.3603
-12.5400 1.9800 -1.7356 0.2970
-12.5400 2.2000 -1.7201 0.2397
-12.5400 2.4200 -1.7188 0.3579
-12.5400 2.6400 -1.7305 0.2443
-12.5400 2.8600 -1.7191 0.1988
-12.5400 3.0800 -1.7279 0.3419
-12.5400 3.3000 -1.7368 0.3184
-12.5400 3.5200 -1.7300 0.2425
-12.3200 -3.5200 -1.7317 0.1449
-12.3200 -3.3000 -1.7288 0.1610
-12.3200 -3.0800 -1.7191 0.3181
-12.3200 -2.8600 -1.7377 0.2116
-12.3200 -2.6400 -1.7283 0.3337
-12.3200 -2.4200 -1.7388 0.2719
-12.3200 -2.2000 -1.7297 0.3043
-12.3200 -1.9800 -1.7271 0.1803
-12.3200 -1.7600 -1.7313 0.1625
-12.3200 -1.5400 -1.7218 0.2350
-12.3200 -1.3200 -1.7251 0.3575
-12.3200 -1.1000 -1.7194 0.3200
-12.3200 -0.8800 -1.7338 0.2247
-12.3200 -0.6600 -1.7319 0.1398
-12.3200 -0.4400 -1.7264 0.1408
-12.3200 -0.2200 -1.7249 0.1621
-12.3200 -0.0000 -1.7351 0.1994
-12.3200 0.2200 -1.7215 0.2277
-12.3200 0.4400 -1.7233 0.1863
-12.3200 0.6600 -1.7375 0.2587
-12.3200 0.8800 -1.7346 0.3698
-12.3200 1.1000 -1.7202 0.3340
-12.3200 1.3200 -1.7248 0.1595
-12.3200 1.5400 -1.7268 0.2592
-12.3200 1.7600 -1.7183 0.2430
-12.3200 1.9800 -1.7239 0.1448
-12.3200 2.2000 -1.7344 0.3018
-12.3200 2.4200 -1.7313 0.1595
-12.3200 2.6400 -1.7195 0.1644
-12.3200 2.8600 -1.7375 0.2806
-12.3200 3.0800 -1.7184 0.3383
-12.3200 3.3000 -1.7235 0.3254
-12.3200 3.5200 -1.7196 0.2010
-12.1000 -3.5200 -1.7295 0.1364
-12.1000 -3.3000 -1.7339 0.2439
-12.1000 -3.0800 -1.7391 0.1254
-12.1000 -2.8600 -1.7193 0.3680
-12.1000 -2.6400 -1.7224 0.1206
-12.1000 -2.4200 -1.7355 0.2407
-12.1000 -2.2000 -1.7295 0.2847
-12.1000 -1.9800 -1.7305 0.1250
-12.1000 -1.7600 -1.7264 0.2537
-12.1000 -1.5400 -1.7151 0.3113
-12.1000 -1.3200 -1.7294 0.2097
-12.1000 -1.1000 -1.7316 0.2943
-12.1000 -0.8800 -1.7207 0.1312
-12.1000 -0.6600 -1.7228 0.2389
-12.1000 -0.4400 -1.7238 0.2444
-12.1000 -0.2200 -1.7162 0.2242
-12.1000 -0.0000 -1.7283 0.3331
-12.1000 0.2200 -1.7271 0.3190
-12.1000 0.4400 -1.7229 0.2900
-12.1000 0.6600 -1.7239 0.2481
-12.1000 0.8800 -1.7303 0.2073
-12.1000 1.1000 -1.7242 0.3448
-12.1000 1.3200 -1.7162 0.1258
-12.1000 1.5400 -1.7268 0.1749
-12.1000 1.7600 -1.7220 0.1740
-12.1000 1.9800 -1.7314 0.2192
-12.1000 2.2000 -1.7229 0.2331
-12.1000 2.4200 -1.7201 0.1401
-12.1000 2.6400 -1.7285 0.1975
-12.1000 2.8600 -1.7389 0.2598
-12.1000 3.0800 -1.7187 0.1458
-12.1000 3.3000 -1.7382 0.2382
-12.1000 3.5200 -1.7154 0.3105
-11.8800 -3.5200 -1.7315 0.1476
-11.8800 -3.3000 -1.7304 0.1496
-11.8800 -3.0800 -1.7345 0.2263
-11.8800 -2.8600 -1.7208 0.1934
-11.8800 -2.6400 -1.7254 0.3342
-11.8800 -2.4200 -1.7267 0.3423
-11.8800 -2.2000 -1.7171 0.2077
-11.8800 -1.9800 -1.7189 0.2445
-11.8800 -1.7600 -1.7322 0.3288
-11.8800 -1.5400 -1.7224 0.1836
-11.8800 -1.3200 -1.7371 0.3444
-11.8800 -1.1000 -1.7226 0.2253
-11.8800 -0.8800 -1.7287 0.1266
-11.8800 -0.6600 -1.7180 0.1214
-11.8800 -0.4400 -1.7156 0.1230
-11.8800 -0.2200 -1.7217 0.2527
-11.8800 -0.0000 -1.7324 0.3641
-11.8800 0.2200 -1.7280 0.2376
-11.8800 0.4400 -1.7325 0.2328
-11.8800 0.6600 -1.7227 0.3693
-11.8800 0.8800 -1.7227 0.2030
-11.8800 1.1000 -1.7183 0.2857
-11.8800 1.3200 -1.7377 0.2099
-11.8800 1.5400 -1.7204 0.2702
-11.8800 1.7600 -1.7264 0.1404
-11.8800 1.9800 -1.7286 0.1953
-11.8800 2.2000 -1.7283 0.1695
-11.8800 2.4200 -1.7249 0.1998
-11.8800 2.6400 -1.7208 0.3594
-11.8800 2.8600 -1.7395 0.1861
-11.8800 3.0800 -1.7258 0.1613
-11.8800 3.3000 -1.7199 0.1405
-11.8800 3.5200 -1.7359 0.2045
-11.6600 -3.5200 -1.7296 0.2659
-11.6600 -3.3000 -1.7294 0.2777
-11.6600 -3.0800 -1.7395 0.1839
-11.6600 -2.8600 -1.7243 0.2609
-11.6600 -2.6400 -1.7191 0.1405
-11.6600 -2.4200 -1.7289 0.1469
-11.6600 -2.2000 -1.7321 0.2059
-11.6600 -1.9800 -1.7336 0.3062
-11.6600 -1.7600 -1.7209 0.1587
-11.6600 -1.5400 -1.7343 0.2402
-11.6600 -1.3200 -1.7188 0.1645
-11.6600 -1.1000 -1.7394 0.2005
-11.6600 -0.8800 -1.7366 0.2406
-11.6600 -0.6600 -1.7246 0.2237
-11.6600 -0.4400 -1.7285 0.2441
-11.6600 -0.2200 -1.7399 0.3396
-11.6600 -0.0000 -1.7220 0.1640
-11.6600 0.2200 -1.7310 0.3029
-11.6600 0.4400 -1.7176 0.2089
-11.6600 0.6600 -1.7353 0.3656
-11.6600 0.8800 -1.7305 0.2186
-11.6600 1.1000 -1.7383 0.2901
-11.6600 1.3200 -1.7293 0.3558
-11.6600 1.5400 -1.7163 0.2799
-11.6600 1.7600 -1.7280 0.1262
-11.6600 1.9800 -1.7289 0.2410
-11.6600 2.2000 -1.7210 0.1516
-11.6600 2.4200 -1.7342 0.2350
-11.6600 2.6400 -1.7393 0.3216
-11.6600 2.8600 -1.7270 0.2944
-11.6600 3.0800 -1.7219 0.1595
-11.6600 3.3000 -1.7235 0.1828
-11.6600 3.5200 -1.7222 0.1856
-11.4400 -3.5200 -1.7273 0.3162
-11.4400 -3.3000 -1.7367 0.2806
-11.4400 -3.0800 -1.7265 0.3312
-11.4400 -2.8600 -1.7225 0.2761
-11.4400 -2.6400 -1.7177 0.1962
-11.4400 -2.4200 -1.7361 0.2420
-11.4400 -2.2000 -1.7191 0.3395
-11.4400 -1.9800 -1.7350 0.3379
-11.4400 -1.7600 -1.7187 0.1646
-11.4400 -1.5400 -1.7382 0.1800
-11.4400 -1.3200 -1.7190 0.3291
-11.4400 -1.1000 -1.7297 0.2739
-11.4400 -0.8800 -1.7313 0.1435
-11.4400 -0.6600 -1.7362 0.2480
-11.4400 -0.4400 -1.7150 0.3300
-11.4400 -0.2200 -1.7226 0.3397
-11.4400 -0.0000 -1.7164 0.1540
-11.4400 0.2200 -1.7168 0.2704
-11.4400 0.4400 -1.7333 0.2991
-11.4400 0.6600 -1.7353 0.3437
-11.4400 0.8800 -1.7338 0.1471
-11.4400 1.1000 -1.7385 0.1668
-11.4400 1.3200 -1.7368 0.2405
-11.4400 1.5400 -1.7397 0.2456
-11.4400 1.7600 -1.7362 0.2252
-11.4400 1.9800 -1.7309 0.2843
-11.4400 2.2000 -1.7377 0.2890
-11.4400 2.4200 -1.7308 0.2536
-11.4400 2.6400 -1.7349 0.2919
-11.4400 2.8600 -1.7279 0.1616
-11.4400 3.0800 -1.7245 0.1953
-11.4400 3.3000 -1.7358 0.1469
-11.4400 3.5200 -1.7274 0.2167
-11.2200 -3.5200 -1.7251 0.1368
-11.2200 -3.3000 -1.7241 0.3649
-11.2200 -3.0800 -1.7158 0.1509
-11.2200 -2.8600 -1.7393 0.1430
-11.2200 -2.6400 -1.7289 0.3380
-11.2200 -2.4200 -1.7192 0.3556
-11.2200 -2.2000 -1.7231 0.3030
-11.2200 -1.9800 -1.7361 0.3445
-11.2200 -1.7600 -1.7294 0.3402
-11.2200 -1.5400 -1.7199 0.3183
-11.2200 -1.3200 -1.7314 0.1389
-11.2200 -1.1000 -1.7273 0.3647
-11.2200 -0.8800 -1.7250 0.1291
-11.2200 -0.6600 -1.7331 0.3147
-11.2200 -0.4400 -1.7369 0.3429
-11.2200 -0.2200 -1.7241 0.3453
-11.2200 -0.0000 -1.7246 0.3375
-11.2200 0.2200 -1.7205 0.1759
-11.2200 0.4400 -1.7390 0.1790
-11.2200 0.6600 -1.7394 0.2180
-11.2200 0.8800 -1.7308 0.1877
-11.2200 1.1000 -1.7349 0.1716
-11.2200 1.3200 -1.7313 0.2396
-11.2200 1.5400 -1.7298 0.1269
-11.2200 1.7600 -1.7320 0.2745
-11.2200 1.9800 -1.7246 0.1283
-11.2200 2.2000 -1.7205 0.3666
-11.2200 2.4200 -1.7396 0.3415
-11.2200 2.6400 -1.7317 0.2998
-11.2200 2.8600 -1.7259 0.3241
-11.2200 3.0800 -1.7342 0.2195
-11.2200 3.3000 -1.7346 0.2936
-11.2200 3.5200 -1.7330 0.2323
-11.0000 -3.5200 -1.7350 0.2692
-11.0000 -3.3000 -1.7243 0.3382
-11.0000 -3.0800 -1.7330 0.1229
-11.0000 -2.8600 -1.7216 0.1504
-11.0000 -2.6400 -1.7374 0.3362
-11.0000 -2.4200 -1.7232 0.2457
-11.0000 -2.2000 -1.7327 0.1799
-11.0000 -1.9800 -1.7180 0.2779
-11.0000 -1.7600 -1.7279 0.1236
-11.0000 -1.5400 -1.7213 0.1731
-11.0000 -1.3200 -1.7314 0.2496
-11.0000 -1.1000 -1.7340 0.1835
-11.0000 -0.8800 -1.7283 0.3039
-11.0000 -0.6600 -1.7230 0.2793
-11.0000 -0.4400 -1.7182 0.2550
-11.0000 -0.2200 -1.7205 0.3695
-11.0000 -0.0000 -1.7202 0.3434
-11.0000 0.2200 -1.7167 0.3247
-11.0000 0.4400 -1.7176 0.3342
-11.0000 0.6600 -1.7246 0.1371
-11.0000 0.8800 -1.7268 0.2042
-11.0000 1.1000 -1.7228 0.3408
-11.0000 1.3200 -1.7156 0.3208
-11.0000 1.5400 -1.7246 0.2843
-11.0000 1.7600 -1.7379 0.1839
-11.0000 1.9800 -1.7267 0.3523
-11.0000 2.2000 -1.7301 0.3193
-11.0000 2.4200 -1.7175 0.2508
-11.0000 2.6400 -1.7274 0.2210
-11.0000 2.8600 -1.7247 0.1993
-11.0000 3.0800 -1.7285 0.2263
-11.0000 3.3000 -1.7307 0.2370
-11.0000 3.5200 -1.7362 0.1391
-10.7800 -3.5200 -1.7204 0.2060
-10.7800 -3.3000 -1.7155 0.1217
-10.7800 -3.0800 -1.7213 0.1283
-10.7800 -2.8600 -1.7391 0.2635
-10.7800 -2.6400 -1.7174 0.1681
-10.7800 -2.4200 -1.7321 0.3274
-10.7800 -2.2000 -1.7379 0.3564
-10.7800 -1.9800 -1.7267 0.1268
-10.7800 -1.7600 -1.7302 0.3310
-10.7800 -1.5400 -1.7316 0.2810
-10.7800 -1.3200 -1.7157 0.1727
-10.7800 -1.1000 -1.7332 0.2375
-10.7800 -0.8800 -1.7377 0.3675
-10.7800 -0.6600 -1.7319 0.2489
-10.7800 -0.4400 -1.7167 0.2052
-10.7800 -0.2200 -1.7315 0.1567
-10.7800 -0.0000 -1.7273 0.2214
-10.7800 0.2200 -1.7292 0.2161
-10.7800 0.4400 -1.7206 0.2484
-10.7800 0.6600 -1.7273 0.3673
-10.7800 0.8800 -1.7252 0.1738
-10.7800 1.1000 -1.7218 0.1241
-10.7800 1.3200 -1.7318 0.2318
-10.7800 1.5400 -1.7274 0.1422
-10.7800 1.7600 -1.7222 0.2268
-10.7800 1.9800 -1.7381 0.3080
-10.7800 2.2000 -1.7242 0.2922
-10.7800 2.4200 -1.7253 0.3001
-10.7800 2.6400 -1.7214 0.2761
-10.7800 2.8600 -1.7310 0.3285
-10.7800 3.0800 -1.7314 0.2188
-10.7800 3.3000 -1.7381 0.1395
-10.7800 3.5200 -1.7201 0.2853
-10.5600 -3.5200 -1.7241 0.1687
-10.5600 -3.3000 -1.7222 0.2570
-10.5600 -3.0800 -1.7296 0.2227
-10.5600 -2.8600 -1.7328 0.1505
-10.5600 -2.6400 -1.7258 0.1924
-10.5600 -2.4200 -1.7239 0.1697
-10.5600 -2.2000 -1.7232 0.1580
-10.5600 -1.9800 -1.7398 0.2269
-10.5600 -1.7600 -1.7150 0.2572
-10.5600 -1.5400 -1.7335 0.2855
-10.5600 -1.3200 -1.7363 0.2077
-10.5600 -1.1000 -1.7192 0.2446
-10.5600 -0.8800 -1.7383 0.1643
-10.5600 -0.6600 -1.7298 0.2845
-10.5600 -0.4400 -1.7198 0.1808
-10.5600 -0.2200 -1.7272 0.1252
-10.5600 -0.0000 -1.7227 0.2833
-10.5600 0.2200 -1.7208 0.3092
-10.5600 0.4400 -1.7166 0.3402
-10.5600 0.6600 -1.7316 0.3217
-10.5600 0.8800 -1.7341 0.2728
-10.5600 1.1000 -1.7157 0.2431
-10.5600 1.3200 -1.7239 0.1671
-10.5600 1.5400 -1.7241 0.3487
-10.5600 1.7600 -1.7161 0.3524
-10.5600 1.9800 -1.7283 0.2882
-10.5600 2.2000 -1.7280 0.2629
-10.5600 2.4200 -1.7288 0.3571
-10.5600 2.6400 -1.7166 0.1508
-10.5600 2.8600 -1.7155 0.2941
-10.5600 3.0800 -1.7241 0.3357
-10.5600 3.3000 -1.7186 0.2998
-10.5600 3.5200 -1.7251 0.3016
-10.3400 -3.5200 -1.7155 0.1578
-10.3400 -3.3000 -1.7154 0.3005
-10.3400 -3.0800 -1.7317 0.1487
-10.3400 -2.8600 -1.7365 0.2064
-10.3400 -2.6400 -1.7324 0.2736
-10.3400 -2.4200 -1.7295 0.3516
-10.3400 -2.2000 -1.7150 0.1741
-10.3400 -1.9800 -1.7345 0.1934
-10.3400 -1.7600 -1.7374 0.2263
-10.3400 -1.5400 -1.7163 0.1485
-10.3400 -1.3200 -1.7383 0.1744
-10.3400 -1.1000 -1.7267 0.1933
-10.3400 -0.8800 -1.7241 0.2237
-10.3400 -0.6600 -1.7236 0.1686
-10.3400 -0.4400 -1.7305 0.2646
-10.3400 -0.2200 -1.7235 0.3135
-10.3400 -0.0000 -1.7152 0.1268
-10.3400 0.2200 -1.7179 0.2140
-10.3400 0.4400 -1.7358 0.2809
-10.3400 0.6600 -1.7223 0.1726
-10.3400 0.8800 -1.7367 0.2697
-10.3400 1.1000 -1.7222 0.3292
-10.3400 1.3200 -1.7260 0.3026
-10.3400 1.5400 -1.7293 0.3281
-10.3400 1.7600 -1.7333 0.3344
-10.3400 1.9800 -1.7292 0.2762
-10.3400 2.2000 -1.7306 0.2825
-10.3400 2.4200 -1.7221 0.1770
-10.3400 2.6400 -1.7395 0.3167
-10.3400 2.8600 -1.7354 0.3149
-10.3400 3.0800 -1.7341 0.3607
-10.3400 3.3000 -1.7163 0.1997
-10.3400 3.5200 -1.7235 0.1583
-10.1200 -3.5200 -1.7364 0.3412
-10.1200 -3.3000 -1.7191 0.2939
-10.1200 -3.0800 -1.7237 0.3625
-10.1200 -2.8600 -1.7305 0.3087
-10.1200 -2.6400 -1.7218 0.2844
-10.1200 -2.4200 -1.7179 0.1215
-10.1200 -2.2000 -1.7333 0.1353
-10.1200 -1.9800 -1.7400 0.2176
-10.1200 -1.7600 -1.7187 0.2443
-10.1200 -1.5400 -1.7341 0.3333
-10.1200 -1.3200 -1.7176 0.2903
-10.1200 -1.1000 -1.7286 0.1616
-10.1200 -0.8800 -1.7346 0.2024
-10.1200 -0.6600 -1.7331 0.1606
-10.1200 -0.4400 -1.7297 0.1310
-10.1200 -0.2200 -1.7313 0.1450
-10.1200 -0.0000 -1.7227 0.3436
-10.1200 0.2200 -1.7336 0.1645
-10.1200 0.4400 -1.7241 0.3011
-10.1200 0.6600 -1.7180 0.2893
-10.1200 0.8800 -1.7258 0.3475
-10.1200 1.1000 -1.7387 0.3661
-10.1200 1.3200 -1.7281 0.2266
-10.1200 1.5400 -1.7238 0.3159
-10.1200 1.7600 -1.7245 0.3085
-10.1200 1.9800 -1.7364 0.1268
-10.1200 2.2000 -1.7221 0.1506
-10.1200 2.4200 -1.7266 0.2350
-10.1200 2.6400 -1.7213 0.2553
-10.1200 2.8600 -1.7177 0.2632
-10.1200 3.0800 -1.7364 0.3627
-10.1200 3.3000 -1.7221 0.3477
-10.1200 3.5200 -1.7288 0.2986
-9.9000 -3.5200 -1.7343 0.1907
-9.9000 -3.3000 -1.7208 0.3472
-9.9000 -3.0800 -1.7375 0.3041
-9.9000 -2.8600 -1.7227 0.2263
-9.9000 -2.6400 -1.7394 0.2958
-9.9000 -2.4200 -1.7171 0.3022
-9.9000 -2.2000 -1.7375 0.1771
-9.9000 -1.9800 -1.7247 0.2509
-9.9000 -1.7600 -1.7324 0.1815
-9.9000 -1.5400 -1.7399 0.1563
-9.9000 -1.3200 -1.7175 0.3507
-9.9000 -1.1000 -1.7186 0.1897
-9.9000 -0.8800 -1.7288 0.1630
-9.9000 -0.6600 -1.7328 0.2989
-9.9000 -0.4400 -1.7214 0.2196
-9.9000 -0.2200 -1.7211 0.1267
-9.9000 -0.0000 -1.7346 0.1210
-9.9000 0.2200 -1.7184 0.2812
-9.9000 0.4400 -1.7316 0.1227
-9.9000 0.6600 -1.7199 0.3157
-9.9000 0.8800 -1.7163 0.3215
-9.9000 1.1000 -1.7378 0.3326
-9.9000 1.3200 -1.7151 0.2120
-9.9000 1.5400 -1.7181 0.3060
-9.9000 1.7600 -1.7343 0.3209
-9.9000 1.9800 -1.7329 0.2296
-9.9000 2.2000 -1.7266 0.3299
-9.9000 2.4200 -1.7312 0.3027
-9.9000 2.6400 -1.7174 0.2799
-9.9000 2.8600 -1.7253 0.1886
-9.9000 3.0800 -1.7218 0.1763
-9.9000 3.3000 -1.7242 0.2666
-9.9000 3.5200 -1.7213 0.2544
-9.6800 -3.5200 -1.7153 0.3203
-9.6800 -3.3000 -1.7309 0.1538
-9.6800 -3.0800 -1.7348 0.3473
-9.6800 -2.8600 -1.7182 0.2494
-9.6800 -2.6400 -1.7295 0.2691
-9.6800 -2.4200 -1.7265 0.3024
-9.6800 -2.2000 -1.7385 0.3523
-9.6800 -1.9800 -1.7189 0.3026
-9.6800 -1.7600 -1.7325 0.3384
-9.6800 -1.5400 -1.7284 0.3370
-9.6800 -1.3200 -1.7302 0.3439
-9.6800 -1.1000 -1.7250 0.2170
-9.6800 -0.8800 -1.7268 0.3057
-9.6800 -0.6600 -1.7205 0.2133
-9.6800 -0.4400 -1.7195 0.3347
-9.6800 -0.2200 -1.7263 0.2612
-9.6800 -0.0000 -1.7276 0.2771
-9.6800 0.2200 -1.7185 0.2643
-9.6800 0.4400 -1.7321 0.1349
-9.6800 0.6600 -1.7372 0.3001
-9.6800 0.8800 -1.7347 0.3404
-9.6800 1.1000 -1.7213 0.2097
-9.6800 1.3200 -1.7395 0.2457
-9.6800 1.5400 -1.7234 0.1217
-9.6800 1.7600 -1.7276 0.2238
-9.6800 1.9800 -1.7187 0.2022
-9.6800 2.2000 -1.7284 0.2905
-9.6800 2.4200 -1.7239 0.1605
-9.6800 2.6400 -1.7372 0.3483
-9.6800 2.8600 -1.7202 0.1506
-9.6800 3.0800 -1.7324 0.3058
-9.6800 3.3000 -1.7354 0.3242
-9.6800 3.5200 -1.7158 0.3619
-9.4600 -3.5200 -1.7360 0.3276
-9.4600 -3.3000 -1.7188 0.3307
-9.4600 -3.0800 -1.7371 0.2399
-9.4600 -2.8600 -1.7391 0.1821
-9.4600 -2.6400 -1.7205 0.2248
-9.4600 -2.4200 -1.7223 0.2659
-9.4600 -2.2000 -1.7199 0.1534
-9.4600 -1.9800 -1.7323 0.2875
-9.4600 -1.7600 -1.7218 0.2582
-9.4600 -1.5400 -1.7157 0.2531
-9.4600 -1.3200 -1.7206 0.2879
-9.4600 -1.1000 -1.7311 0.2879
-9.4600 -0.8800 -1.7364 0.2252
-9.4600 -0.6600 -1.7359 0.1723
-9.4600 -0.4400 -1.7388 0.1474
-9.4600 -0.2200 -1.7192 0.2265
-9.4600 -0.0000 -1.7326 0.3586
-9.4600 0.2200 -1.7243 0.2474
-9.4600 0.4400 -1.7369 0.2803
-9.4600 0.6600 -1.7279 0.3342
-9.4600 0.8800 -1.7257 0.2048
-9.4600 1.1000 -1.7326 0.1278
-9.4600 1.3200 -1.7303 0.3661
-9.4600 1.5400 -1.7176 0.1219
-9.4600 1.7600 -1.7225 0.3287
-9.4600 1.9800 -1.7182 0.2625
-9.4600 2.2000 -1.7352 0.1243
-9.4600 2.4200 -1.7281 0.1909
-9.4600 2.6400 -1.7240 0.3439
-9.4600 2.8600 -1.7359 0.2171
-9.4600 3.0800 -1.7231 0.1226
-9.4600 3.3000 -1.7341 0.3281
-9.4600 3.5200 -1.7177 0.2445
-9.2400 -3.5200 -1.7273 0.2695
-9.2400 -3.3000 -1.7244 0.3365
-9.2400 -3.0800 -1.7314 0.3539
-9.2400 -2.8600 -1.7228 0.2713
-9.2400 -2.6400 -1.7366 0.1531
-9.2400 -2.4200 -1.7163 0.3599
-9.2400 -2.2000 -1.7210 0.3283
-9.2400 -1.9800 -1.7390 0.3082
-9.2400 -1.7600 -1.7308 0.1208
-9.2400 -1.5400 -1.7287 0.2766
-9.2400 -1.3200 -1.7360 0.3651
-9.2400 -1.1000 -1.7339 0.3433
-9.2400 -0.8800 -1.7235 0.2236
-9.2400 -0.6600 -1.7172 0.3683
-9.2400 -0.4400 -1.7365 0.1766
-9.2400 -0.2200 -1.7162 0.1713
-9.2400 -0.0000 -1.7236 0.2397
-9.2400 0.2200 -1.7275 0.2705
-9.2400 0.4400 -1.7200 0.3442
-9.2400 0.6600 -1.7287 0.2913
-9.2400 0.8800 -1.7359 0.3525
-9.2400 1.1000 -1.7365 0.2409
-9.2400 1.3200 -1.7240 0.2693
-9.2400 1.5400 -1.7210 0.3413
-9.2400 1.7600 -1.7171 0.1588
-9.2400 1.9800 -1.7326 0.2815
-9.2400 2.2000 -1.7216 0.3498
-9.2400 2.4200 -1.7353 0.2354
-9.2400 2.6400 -1.7251 0.3417
-9.2400 2.8600 -1.7334 0.1651
-9.2400 3.0800 -1.7173 0.2817
-9.2400 3.3000 -1.7268 0.2392
-9.2400 3.5200 -1.7377 0.3505
-9.0200 -3.5200 -1.7150 0.2202
-9.0200 -3.3000 -1.7238 0.1231
-9.0200 -3.0800 -1.7304 0.3257
-9.0200 -2.8600 -1.7256 0.1529
-9.0200 -2.6400 -1.7399 0.3688
-9.0200 -2.4200 -1.7358 0.2833
-9.0200 -2.2000 -1.7165 0.1271
-9.0200 -1.9800 -1.7199 0.1828
-9.0200 -1.7600 -1.7250 0.3352
-9.0200 -1.5400 -1.7354 0.3161
-9.0200 -1.3200 -1.7337 0.1844
-9.0200 -1.1000 -1.7378 0.3533
-9.0200 -0.8800 -1.7279 0.3207
-9.0200 -0.6600 -1.7389 0.2556
-9.0200 -0.4400 -1.7255 0.1514
-9.0200 -0.2200 -1.7189 0.2376
-9.0200 -0.0000 -1.7350 0.1259
-9.0200 0.2200 -1.7246 0.2019
-9.0200 0.4400 -1.7398 0.1232
-9.0200 0.6600 -1.7328 0.2254
-9.0200 0.8800 -1.7365 0.2751
-9.0200 1.1000 -1.7170 0.3408
-9.0200 1.3200 -1.7271 0.1888
-9.0200 1.5400 -1.7378 0.2496
-9.0200 1.7600 -1.7296 0.2908
-9.0200 1.9800 -1.7325 0.2568
-9.0200 2.2000 -1.7221 0.2367
-9.0200 2.4200 -1.7356 0.2526
-9.0200 2.6400 -1.7192 0.2373
-9.0200 2.8600 -1.7343 0.3676
-9.0200 3.0800 -1.7357 0.2429
-9.0200 3.3000 -1.7258 0.3128
-9.0200 3.5200 -1.7376 0.2405
-8.8000 -3.5200 -1.7330 0.2938
-8.8000 -3.3000 -1.7197 0.1420
-8.8000 -3.0800 -1.7226 0.2830
-8.8000 -2.8600 -1.7229 0.1509
-8.8000 -2.6400 -1.7227 0.2237
-8.8000 -2.4200 -1.7267 0.2141
-8.8000 -2.2000 -1.7321 0.1589
-8.8000 -1.9800 -1.7391 0.1602
-8.8000 -1.7600 -1.7156 0.3334
-8.8000 -1.5400 -1.7289 0.3456
-8.8000 -1.3200 -1.7310 0.1370
-8.8000 -1.1000 -1.7343 0.3434
-8.8000 -0.8800 -1.7392 0.2279
-8.8000 -0.6600 -1.7318 0.1459
-8.8000 -0.4400 -1.7384 0.1731
-8.8000 -0.2200 -1.7300 0.1815
-8.8000 -0.0000 -1.7235 0.1729
-8.8000 0.2200 -1.7373 0.1744
-8.8000 0.4400 -1.7349 0.2506
-8.8000 0.6600 -1.7354 0.2896
-8.8000 0.8800 -1.7207 0.1970
-8.8000 1.1000 -1.7387 0.1945
-8.8000 1.3200 -1.7211 0.3489
-8.8000 1.5400 -1.7284 0.2446
-8.8000 1.7600 -1.7373 0.1641
-8.8000 1.9800 -1.7359 0.2113
-8.8000 2.2000 -1.7383 0.2868
-8.8000 2.4200 -1.7152 0.1611
-8.8000 2.6400 -1.7276 0.3290
-8.8000 2.8600 -1.7344 0.2468
-8.8000 3.0800 -1.7168 0.3318
-8.8000 3.3000 -1.7356 0.2805
-8.8000 3.5200 -1.7222 0.1819
-8.5800 -3.5200 -1.7168 0.3599
-8.5800 -3.3000 -1.7301 0.3429
-8.5800 -3.0800 -1.7203 0.3212
-8.5800 -2.8600 -1.7231 0.1453
-8.5800 -2.6400 -1.7217 0.1754
-8.5800 -2.4200 -1.7343 0.2007
-8.5800 -2.2000 -1.7208 0.2233
-8.5800 -1.9800 -1.7250 0.2237
-8.5800 -1.7600 -1.7257 0.2642
-8.5800 -1.5400 -1.7172 0.1454
-8.5800 -1.3200 -1.7203 0.3550
-8.5800 -1.1000 -1.7170 0.3487
-8.5800 -0.8800 -1.7340 0.3517
-8.5800 -0.6600 -1.7273 0.1755
-8.5800 -0.4400 -1.7178 0.3196
-8.5800 -0.2200 -1.7320 0.3622
-8.5800 -0.0000 -1.7369 0.3564
-8.5800 0.2200 -1.7188 0.2692
-8.5800 0.4400 -1.7255 0.1600
-8.5800 0.6600 -1.7274 0.2023
-8.5800 0.8800 -1.7226 0.3333
-8.5800 1.1000 -1.7188 0.2186
-8.5800 1.3200 -1.7193 0.1266
-8.5800 1.5400 -1.7379 0.2903
-8.5800 1.7600 -1.7367 0.2370
-8.5800 1.9800 -1.7372 0.3189
-8.5800 2.2000 -1.7279 0.2786
-8.5800 2.4200 -1.7191 0.2633
-8.5800 2.6400 -1.7185 0.2968
-8.5800 2.8600 -1.7371 0.2309
-8.5800 3.0800 -1.7382 0.1627
-8.5800 3.3000 -1.7316 0.3317
-8.5800 3.5200 -1.7393 0.2545
-8.3600 -3.5200 -1.7164 0.1691
-8.3600 -3.3000 -1.7380 0.3528
-8.3600 -3.0800 -1.7165 0.2620
-8.3600 -2.8600 -1.7274 0.2116
-8.3600 -2.6400 -1.7323 0.2718
-8.3600 -2.4200 -1.7389 0.3276
-8.3600 -2.2000 -1.7204 0.3194
-8.3600 -1.9800 -1.7251 0.2798
-8.3600 -1.7600 -1.7254 0.3171
-8.3600 -1.5400 -1.7248 0.3020
-8.3600 -1.3200 -1.7387 0.2321
-8.3600 -1.1000 -1.7317 0.2009
-8.3600 -0.8800 -1.7213 0.2142
-8.3600 -0.6600 -1.7181 0.3568
-8.3600 -0.4400 -1.7273 0.3621
-8.3600 -0.2200 -1.7228 0.1390
-8.3600 -0.0000 -1.7333 0.3310
-8.3600 0.2200 -1.7201 0.1597
-8.3600 0.4400 -1.7334 0.2374
-8.3600 0.6600 -1.7205 0.1824
-8.3600 0.8800 -1.7308 0.2513
-8.3600 1.1000 -1.7323 0.1680
-8.3600 1.3200 -1.7222 0.3434
-8.3600 1.5400 -1.7224 0.3524
-8.3600 1.7600 -1.7206 0.2247
-8.3600 1.9800 -1.7233 0.1912
-8.3600 2.2000 -1.7152 0.1884
-8.3600 2.4200 -1.7300 0.3351
-8.3600 2.6400 -1.7314 0.1853
-8.3600 2.8600 -1.7176 0.1999
-8.3600 3.0800 -1.7235 0.3572
-8.3600 3.3000 -1.7154 0.1622
-8.3600 3.5200 -1.7205 0.2819
-8.1400 -3.5200 -1.7223 0.1580
-8.1400 -3.3000 -1.7393 0.2319
-8.1400 -3.0800 -1.7354 0.2347
-8.1400 -2.8600 -1.7344 0.2745
-8.1400 -2.6400 -1.7336 0.1627
-8.1400 -2.4200 -1.7351 0.3547
-8.1400 -2.2000 -1.7329 0.3328
-8.1400 -1.9800 -1.7329 0.2752
-8.1400 -1.7600 -1.7286 0.3389
-8.1400 -1.5400 -1.7394 0.1817
-8.1400 -1.3200 -1.7160 0.1516
-8.1400 -1.1000 -1.7243 0.1802
-8.1400 -0.8800 -1.7353 0.1637
-8.1400 -0.6600 -1.7270 0.3297
-8.1400 -0.4400 -1.7222 0.2036
-8.1400 -0.2200 -1.7257 0.2180
-8.1400 -0.0000 -1.7303 0.2757
-8.1400 0.2200 -1.7312 0.2420
-8.1400 0.4400 -1.7309 0.1996
-8.1400 0.6600 -1.7154 0.2435
-8.1400 0.8800 -1.7350 0.2009
-8.1400 1.1000 -1.7283 0.1595
-8.1400 1.3200 -1.7330 0.1708
-8.1400 1.5400 -1.7394 0.2147
-8.1400 1.7600 -1.7252 0.2747
-8.1400 1.9800 -1.7335 0.1991
-8.1400 2.2000 -1.7287 0.2178
-8.1400 2.4200 -1.7366 0.1246
-8.1400 2.6400 -1.7231 0.3224
-8.1400 2.8600 -1.7328 0.2763
-8.1400 3.0800 -1.7230 0.2423
-8.1400 3.3000 -1.7227 0.1968
-8.1400 3.5200 -1.7233 0.2267
-7.9200 -3.5200 -1.7337 0.3215
-7.9200 -3.3000 -1.7375 0.2426
-7.9200 -3.0800 -1.7234 0.2124
-7.9200 -2.8600 -1.7181 0.1252
-7.9200 -2.6400 -1.7267 0.1237
-7.9200 -2.4200 -1.7237 0.2200
-7.9200 -2.2000 -1.7279 0.1600
-7.9200 -1.9800 -1.7348 0.2560
-7.9200 -1.7600 -1.7288 0.3055
-7.9200 -1.5400 -1.7319 0.3700
-7.9200 -1.3200 -1.7257 0.2323
-7.9200 -1.1000 -1.7344 0.3507
-7.9200 -0.8800 -1.7340 0.2903
-7.9200 -0.6600 -1.7338 0.3028
-7.9200 -0.4400 -1.7307 0.3379
-7.9200 -0.2200 -1.7289 0.1904
-7.9200 -0.0000 -1.7308 0.2831
-7.9200 0.2200 -1.7250 0.3100
-7.9200 0.4400 -1.7216 0.2936
-7.9200 0.6600 -1.7273 0.1241
-7.9200 0.8800 -1.7328 0.2374
-7.9200 1.1000 -1.7318 0.2301
-7.9200 1.3200 -1.7386 0.3049
-7.9200 1.5400 -1.7322 0.1963
-7.9200 1.7600 -1.7313 0.1403
-7.9200 1.9800 -1.7384 0.2836
-7.9200 2.2000 -1.7395 0.2761
-7.9200 2.4200 -1.7341 0.2601
-7.9200 2.6400 -1.7357 0.2434
-7.9200 2.8600 -1.7230 0.3529
-7.9200 3.0800 -1.7166 0.2562
-7.9200 3.3000 -1.7182 0.2866
-7.9200 3.5200 -1.7336 0.1926
-7.7000 -3.5200 -1.7282 0.2108
-7.7000 -3.3000 -1.7215 0.1493
-7.7000 -3.0800 -1.7233 0.2226
-7.7000 -2.8600 -1.7396 0.2323
-7.7000 -2.6400 -1.7202 0.1755
-7.7000 -2.4200 -1.7185 0.3116
-7.7000 -2.2000 -1.7356 0.1999
-7.7000 -1.9800 -1.7153 0.2239
-7.7000 -1.7600 -1.7243 0.2162
-7.7000 -1.5400 -1.7159 0.3365
-7.7000 -1.3200 -1.7399 0.1423
-7.7000 -1.1000 -1.7242 0.2941
-7.7000 -0.8800 -1.7392 0.3009
-7.7000 -0.6600 -1.7309 0.3163
-7.7000 -0.4400 -1.7186 0.2570
-7.7000 -0.2200 -1.7163 0.1804
-7.7000 -0.0000 -1.7192 0.2470
-7.7000 0.2200 -1.7190 0.1360
-7.7000 0.4400 -1.7379 0.1537
-7.7000 0.6600 -1.7314 0.1720
-7.7000 0.8800 -1.7340 0.1483
-7.7000 1.1000 -1.7359 0.2804
-7.7000 1.3200 -1.7185 0.1747
-7.7000 1.5400 -1.7327 0.2392
-7.7000 1.7600 -1.7359 0.3650
-7.7000 1.9800 -1.7351 0.2684
-7.7000 2.2000 -1.7162 0.2753
-7.7000 2.4200 -1.7278 0.2055
-7.7000 2.6400 -1.7309 0.2823
-7.7000 2.8600 -1.7196 0.1423
-7.7000 3.0800 -1.7230 0.2391
-7.7000 3.3000 -1.7216 0.2863
-7.7000 3.5200 -1.7230 0.1841
-7.4800 -3.5200 -1.7297 0.3281
-7.4800 -3.3000 -1.7395 0.3418
-7.4800 -3.0800 -1.7253 0.1366
-7.4800 -2.8600 -1.7179 0.2614
-7.4800 -2.6400 -1.7215 0.3284
-7.4800 -2.4200 -1.7327 0.1544
-7.4800 -2.2000 -1.7372 0.2555
-7.4800 -1.9800 -1.7201 0.1844
-7.4800 -1.7600 -1.7399 0.2234
-7.4800 -1.5400 -1.7389 0.3341
-7.4800 -1.3200 -1.7253 0.2355
-7.4800 -1.1000 -1.7357 0.3028
-7.4800 -0.8800 -1.7328 0.2193
-7.4800 -0.6600 -1.7315 0.2870
-7.4800 -0.4400 -1.7192 0.1698
-7.4800 -0.2200 -1.7266 0.1845
-7.4800 -0.0000 -1.7345 0.2949
-7.4800 0.2200 -1.7296 0.2716
-7.4800 0.4400 -1.7269 0.2558
-7.4800 0.6600 -1.7213 0.2110
-7.4800 0.8800 -1.7272 0.1692
-7.4800 1.1000 -1.7182 0.2765
-7.4800 1.3200 -1.7361 0.2313
-7.4800 1.5400 -1.7326 0.1838
-7.4800 1.7600 -1.7221 0.2486
-7.4800 1.9800 -1.7355 0.3629
-7.4800 2.2000 -1.7253 0.2437
-7.4800 2.4200 -1.7295 0.3457
-7.4800 2.6400 -1.7178 0.1287
-7.4800 2.8600 -1.7234 0.1773
-7.4800 3.0800 -1.7273 0.3125
-7.4800 3.3000 -1.7196 0.1660
-7.4800 3.5200 -1.7174 0.2941
-7.2600 -3.5200 -1.7342 0.2755
-7.2600 -3.3000 -1.7250 0.3605
-7.2600 -3.0800 -1.7156 0.1967
-7.2600 -2.8600 -1.7343 0.3184
-7.2600 -2.6400 -1.7322 0.1639
-7.2600 -2.4200 -1.7264 0.2121
-7.2600 -2.2000 -1.7312 0.3235
-7.2600 -1.9800 -1.7373 0.3256
-7.2600 -1.7600 -1.7254 0.3559
-7.2600 -1.5400 -1.7246 0.1693
-7.2600 -1.3200 -1.7188 0.2382
-7.2600 -1.1000 -1.7385 0.1219
-7.2600 -0.8800 -1.7322 0.3168
-7.2600 -0.6600 -1.7272 0.1837
-7.2600 -0.4400 -1.7152 0.3629
-7.2600 -0.2200 -1.7245 0.3292
-7.2600 -0.0000 -1.7339 0.2722
-7.2600 0.2200 -1.7347 0.2309
-7.2600 0.4400 -1.7324 0.2139
-7.2600 0.6600 -1.7238 0.3080
-7.2600 0.8800 -1.7216 0.3451
-7.2600 1.1000 -1.7309 0.1768
-7.2600 1.3200 -1.7180 0.2065
-7.2600 1.5400 -1.7343 0.2722
-7.2600 1.7600 -1.7158 0.2705
-7.2600 1.9800 -1.7245 0.2319
-7.2600 2.2000 -1.7242 0.2620
-7.2600 2.4200 -1.7264 0.3454
-7.2600 2.6400 -1.7230 0.2195
-7.2600 2.8600 -1.7368 0.3631
-7.2600 3.0800 -1.7341 0.3692
-7.2600 3.3000 -1.7304 0.3699
-7.2600 3.5200 -1.7341 0.2599
-7.0400 -3.5200 -1.7296 0.2005
-7.0400 -3.3000 -1.7317 0.3496
-7.0400 -3.0800 -1.7388 0.2127
-7.0400 -2.8600 -1.7179 0.2908
-7.0400 -2.6400 -1.7344 0.3014
-7.0400 -2.4200 -1.7362 0.1292
-7.0400 -2.2000 -1.7272 0.1991
-7.0400 -1.9800 -1.7274 0.1671
-7.0400 -1.7600 -1.7361 0.1247
-7.0400 -1.5400 -1.7322 0.3571
-7.0400 -1.3200 -1.7322 0.2572
-7.0400 -1.1000 -1.7366 0.3458
-7.0400 -0.8800 -1.7269 0.3435
-7.0400 -0.6600 -1.7335 0.2631
-7.0400 -0.4400 -1.7177 0.2417
-7.0400 -0.2200 -1.7213 0.2902
-7.0400 -0.0000 -1.7361 0.2800
-7.0400 0.2200 -1.7386 0.2459
-7.0400 0.4400 -1.7284 0.2158
-7.0400 0.6600 -1.7315 0.1720
-7.0400 0.8800 -1.7194 0.2820
-7.0400 1.1000 -1.7167 0.2772
-7.0400 1.3200 -1.7368 0.1733
-7.0400 1.5400 -1.7393 0.2081
-7.0400 1.7600 -1.7187 0.2683
-7.0400 1.9800 -1.7347 0.3158
-7.0400 2.2000 -1.7243 0.2102
-7.0400 2.4200 -1.7350 0.3427
-7.0400 2.6400 -1.7308 0.2673
-7.0400 2.8600 -1.7242 0.2061
-7.0400 3.0800 -1.7237 0.3480
-7.0400 3.3000 -1.7164 0.1918
-7.0400 3.5200 -1.7355 0.1517
-6.8200 -3.5200 -1.7245 0.1589
-6.8200 -3.3000 -1.7381 0.2633
-6.8200 -3.0800 -1.7390 0.3523
-6.8200 -2.8600 -1.7300 0.3491
-6.8200 -2.6400 -1.7381 0.1727
-6.8200 -2.4200 -1.7181 0.1868
-6.8200 -2.2000 -1.7290 0.2385
-6.8200 -1.9800 -1.7202 0.1471
-6.8200 -1.7600 -1.7299 0.3363
-6.8200 -1.5400 -1.7248 0.1934
-6.8200 -1.3200 -1.7395 0.2113
-6.8200 -1.1000 -1.7224 0.3565
-6.8200 -0.8800 -1.7396 0.3601
-6.8200 -0.6600 -1.7332 0.1925
-6.8200 -0.4400 -1.7257 0.2466
-6.8200 -0.2200 -1.7151 0.3573
-6.8200 -0.0000 -1.7309 0.3485
-6.8200 0.2200 -1.7213 0.2058
-6.8200 0.4400 -1.7373 0.2254
-6.8200 0.6600 -1.7252 0.3383
-6.8200 0.8800 -1.7271 0.2147
-6.8200 1.1000 -1.7396 0.2123
-6.8200 1.3200 -1.7274 0.2083
-6.8200 1.5400 -1.7151 0.2938
-6.8200 1.7600 -1.7222 0.3312
-6.8200 1.9800 -1.7351 0.2621
-6.8200 2.2000 -1.7359 0.2687
-6.8200 2.4200 -1.7353 0.2020
-6.8200 2.6400 -1.7185 0.1922
-6.8200 2.8600 -1.7274 0.3534
-6.8200 3.0800 -1.7262 0.3101
-6.8200 3.3000 -1.7217 0.1810
-6.8200 3.5200 -1.7252 0.3593
-6.6000 -3.5200 -1.7316 0.3330
-6.6000 -3.3000 -1.7354 0.3299
-6.6000 -3.0800 -1.7343 0.2872
-6.6000 -2.8600 -1.7220 0.3628
-6.6000 -2.6400 -1.7336 0.1847
-6.6000 -2.4200 -1.7238 0.3144
-6.6000 -2.2000 -1.7232 0.1696
-6.6000 -1.9800 -1.7167 0.1209
-6.6000 -1.7600 -1.7275 0.1908
-6.6000 -1.5400 -1.7256 0.3071
-6.6000 -1.3200 -1.7363 0.3088
-6.6000 -1.1000 -1.7210 0.3202
-6.6000 -0.8800 -1.7315 0.3003
-6.6000 -0.6600 -1.7151 0.1466
-6.6000 -0.4400 -1.7213 0.1491
-6.6000 -0.2200 -1.7213 0.1979
-6.6000 -0.0000 -1.7251 0.3084
-6.6000 0.2200 -1.7292 0.2130
-6.6000 0.4400 -1.7264 0.1917
-6.6000 0.6600 -1.7205 0.2849
-6.6000 0.8800 -1.7217 0.3680
-6.6000 1.1000 -1.7328 0.2546
-6.6000 1.3200 -1.7158 0.1720
-6.6000 1.5400 -1.7179 0.2849
-6.6000 1.7600 -1.7267 0.2251
-6.6000 1.9800 -1.7255 0.2358
-6.6000 2.2000 -1.7267 0.3685
-6.6000 2.4200 -1.7332 0.2617
-6.6000 2.6400 -1.7321 0.3641
-6.6000 2.8600 -1.7296 0.2764
-6.6000 3.0800 -1.7151 0.3331
-6.6000 3.3000 -1.7291 0.1299
-6.6000 3.5200 -1.7345 0.2042
-6.3800 -3.5200 -1.7287 0.3526
-6.3800 -3.3000 -1.7377 0.2689
-6.3800 -3.0800 -1.7384 0.2627
-6.3800 -2.8600 -1.7239 0.1825
-6.3800 -2.6400 -1.7336 0.3513
-6.3800 -2.4200 -1.7200 0.1854
-6.3800 -2.2000 -1.7390 0.3157
-6.3800 -1.9800 -1.7375 0.1355
-6.3800 -1.7600 -1.7374 0.1513
-6.3800 -1.5400 -1.7390 0.3110
-6.3800 -1.3200 -1.7361 0.1405
-6.3800 -1.1000 -1.7206 0.2899
-6.3800 -0.8800 -1.7181 0.1892
-6.3800 -0.6600 -1.7325 0.2223
-6.3800 -0.4400 -1.7171 0.2946
-6.3800 -0.2200 -1.7313 0.1989
-6.3800 -0.0000 -1.7299 0.3539
-6.3800 0.2200 -1.7179 0.3503
-6.3800 0.4400 -1.7164 0.3346
-6.3800 0.6600 -1.7165 0.2376
-6.3800 0.8800 -1.7274 0.2733
-6.3800 1.1000 -1.7342 0.2888
-6.3800 1.3200 -1.7235 0.3616
-6.3800 1.5400 -1.7351 0.1611
-6.3800 1.7600 -1.7190 0.2151
-6.3800 1.9800 -1.7333 0.3437
-6.3800 2.2000 -1.7383 0.3563
-6.3800 2.4200 -1.7371 0.2469
-6.3800 2.6400 -1.7314 0.2415
-6.3800 2.8600 -1.7333 0.2353
-6.3800 3.0800 -1.7384 0.2161
-6.3800 3.3000 -1.7225 0.3637
-6.3800 3.5200 -1.7277 0.1545
-6.1600 -3.5200 -1.7244 0.3046
-6.1600 -3.3000 -1.7386 0.3158
-6.1600 -3.0800 -1.7358 0.1729
-6.1600 -2.8600 -1.7260 0.3324
-6.1600 -2.6400 -1.7390 0.2131
-6.1600 -2.4200 -1.7221 0.2551
-6.1600 -2.2000 -1.7284 0.2082
-6.1600 -1.9800 -1.7374 0.2046
-6.1600 -1.7600 -1.7194 0.2822
-6.1600 -1.5400 -1.7362 0.3637
-6.1600 -1.3200 -1.7283 0.2294
-6.1600 -1.1000 -1.7298 0.2367
-6.1600 -0.8800 -1.7379 0.3095
-6.1600 -0.6600 -1.7328 0.2099
-6.1600 -0.4400 -1.7183 0.1611
-6.1600 -0.2200 -1.7150 0.2042
-6.1600 -0.0000 -1.7259 0.2674
-6.1600 0.2200 -1.7362 0.2737
-6.1600 0.4400 -1.7162 0.1853
-6.1600 0.6600 -1.7293 0.2330
-6.1600 0.8800 -1.7252 0.1972
-6.1600 1.1000 -1.7244 0.2018
-6.1600 1.3200 -1.7221 0.1271
-6.1600 1.5400 -1.7300 0.1616
-6.1600 1.7600 -1.7200 0.3478
-6.1600 1.9800 -1.7180 0.2825
-6.1600 2.2000 -1.7399 0.3392
-6.1600 2.4200 -1.7195 0.2671
-6.1600 2.6400 -1.7317 0.3253
-6.1600 2.8600 -1.7369 0.1697
-6.1600 3.0800 -1.7221 0.2347
-6.1600 3.3000 -1.7348 0.2322
-6.1600 3.5200 -1.7228 0.2644
-5.9400 -3.5200 -1.7229 0.3155
-5.9400 -3.3000 -1.7265 0.3442
-5.9400 -3.0800 -1.7227 0.3641
-5.9400 -2.8600 -1.7341 0.1303
-5.9400 -2.6400 -1.7276 0.2273
-5.9400 -2.4200 -1.7185 0.3373
-5.9400 -2.2000 -1.7371 0.3165
-5.9400 -1.9800 -1.7318 0.3197
-5.9400 -1.7600 -1.7334 0.2141
-5.9400 -1.5400 -1.7288 0.1318
-5.9400 -1.3200 -1.7226 0.3147
-5.9400 -1.1000 -1.7254 0.3584
-5.9400 -0.8800 -1.7267 0.2299
-5.9400 -0.6600 -1.7298 0.2372
-5.9400 -0.4400 -1.7356 0.3132
-5.9400 -0.2200 -1.7393 0.3342
-5.9400 -0.0000 -1.7326 0.3229
-5.9400 0.2200 -1.7356 0.3627
-5.9400 0.4400 -1.7245 0.1250
-5.9400 0.6600 -1.7211 0.3227
-5.9400 0.8800 -1.7329 0.2786
-5.9400 1.1000 -1.7162 0.2684
-5.9400 1.3200 -1.7253 0.3689
-5.9400 1.5400 -1.7251 0.2215
-5.9400 1.7600 -1.7329 0.3290
-5.9400 1.9800 -1.7204 0.3389
-5.9400 2.2000 -1.7176 0.3547
-5.9400 2.4200 -1.7340 0.2038
-5.9400 2.6400 -1.7350 0.2551
-5.9400 2.8600 -1.7323 0.1467
-5.9400 3.0800 -1.7188 0.3243
-5.9400 3.3000 -1.7215 0.2097
-5.9400 3.5200 -1.7218 0.2355
-5.7200 -3.5200 -1.7254 0.1812
-5.7200 -3.3000 -1.7170 0.3009
-5.7200 -3.0800 -1.7391 0.3407
-5.7200 -2.8600 -1.7356 0.1877
-5.7200 -2.6400 -1.7222 0.3217
-5.7200 -2.4200 -1.7184 0.3333
-5.7200 -2.2000 -1.7237 0.2353
-5.7200 -1.9800 -1.7292 0.2572
-5.7200 -1.7600 -1.7297 0.2122
-5.7200 -1.5400 -1.7350 0.3191
-5.7200 -1.3200 -1.7385 0.1795
-5.7200 -1.1000 -1.7358 0.1520
-5.7200 -0.8800 -1.7261 0.2051
-5.7200 -0.6600 -1.7221 0.2627
-5.7200 -0.4400 -1.7152 0.1985
-5.7200 -0.2200 -1.7352 0.1203
-5.7200 -0.0000 -1.7348 0.2562
-5.7200 0.2200 -1.7243 0.2474
-5.7200 0.4400 -1.7366 0.3137
-5.7200 0.6600 -1.7188 0.2438
-5.7200 0.8800 -1.7283 0.2222
-5.7200 1.1000 -1.7289 0.3513
-5.7200 1.3200 -1.7175 0.3361
-5.7200 1.5400 -1.7205 0.3407
-5.7200 1.7600 -1.7333 0.2618
-5.7200 1.9800 -1.7360 0.2369
-5.7200 2.2000 -1.7254 0.2790
-5.7200 2.4200 -1.7357 0.1312
-5.7200 2.6400 -1.7348 0.1725
-5.7200 2.8600 -1.7167 0.3287
-5.7200 3.0800 -1.7244 0.2188
-5.7200 3.3000 -1.7254 0.2808
-5.7200 3.5200 -1.7396 0.1531
-5.5000 -3.5200 -1.7330 0.3249
-5.5000 -3.3000 -1.7168 0.1313
-5.5000 -3.0800 -1.7202 0.1291
-5.5000 -2.8600 -1.7337 0.2698
-5.5000 -2.6400 -1.7253 0.1462
-5.5000 -2.4200 -1.7289 0.2847
-5.5000 -2.2000 -1.7180 0.2060
-5.5000 -1.9800 -1.7178 0.1773
-5.5000 -1.7600 -1.7228 0.2720
-5.5000 -1.5400 -1.7215 0.2429
-5.5000 -1.3200 -1.7190 0.2998
-5.5000 -1.1000 -1.7266 0.2063
-5.5000 -0.8800 -1.7253 0.3221
-5.5000 -0.6600 -1.7197 0.3030
-5.5000 -0.4400 -1.7218 0.3535
-5.5000 -0.2200 -1.7242 0.1818
-5.5000 -0.0000 -1.7164 0.1593
-5.5000 0.2200 -1.7330 0.3542
-5.5000 0.4400 -1.7392 0.1899
-5.5000 0.6600 -1.7317 0.2476
-5.5000 0.8800 -1.7224 0.1729
-5.5000 1.1000 -1.7324 0.1526
-5.5000 1.3200 -1.7368 0.2460
-5.5000 1.5400 -1.7194 0.3640
-5.5000 1.7600 -1.7271 0.3668
-5.5000 1.9800 -1.7324 0.2784
-5.5000 2.2000 -1.7269 0.3285
-5.5000 2.4200 -1.7235 0.3369
-5.5000 2.6400 -1.7218 0.3110
-5.5000 2.8600 -1.7243 0.2605
-5.5000 3.0800 -1.7220 0.3366
-5.5000 3.3000 -1.7163 0.1525
-5.5000 3.5200 -1.7349 0.1604
-5.2800 -3.5200 -1.7219 0.2748
-5.2800 -3.3000 -1.7350 0.1943
-5.2800 -3.0800 -1.7383 0.1865
-5.2800 -2.8600 -1.7249 0.2950
-5.2800 -2.6400 -1.7237 0.2162
-5.2800 -2.4200 -1.7177 0.2649
-5.2800 -2.2000 -1.7212 0.2075
-5.2800 -1.9800 -1.7314 0.3643
-5.2800 -1.7600 -1.7224 0.3023
-5.2800 -1.5400 -1.7343 0.1616
-5.2800 -1.3200 -1.7164 0.3367
-5.2800 -1.1000 -1.7174 0.1536
-5.2800 -0.8800 -1.7181 0.2721
-5.2800 -0.6600 -1.7154 0.1489
-5.2800 -0.4400 -1.7250 0.2878
-5.2800 -0.2200 -1.7281 0.2984
-5.2800 -0.0000 -1.7276 0.1961
-5.2800 0.2200 -1.7310 0.1693
-5.2800 0.4400 -1.7242 0.1621
-5.2800 0.6600 -1.7374 0.1569
-5.2800 0.8800 -1.7375 0.2882
-5.2800 1.1000 -1.7369 0.1994
-5.2800 1.3200 -1.7304 0.1832
-5.2800 1.5400 -1.7314 0.1544
-5.2800 1.7600 -1.7281 0.3069
-5.2800 1.9800 -1.7393 0.1449
-5.2800 2.2000 -1.7210 0.2680
-5.2800 2.4200 -1.7317 0.1285
-5.2800 2.6400 -1.7391 0.3639
-5.2800 2.8600 -1.7170 0.2413
-5.2800 3.0800 -1.7307 0.3142
-5.2800 3.3000 -1.7279 0.2165
-5.2800 3.5200 -1.7328 0.1777
-5.0600 -3.5200 -1.7265 0.2092
-5.0600 -3.3000 -1.7308 0.2505
-5.0600 -3.0800 -1.7353 0.1415
-5.0600 -2.8600 -1.7197 0.3647
-5.0600 -2.6400 -1.7171 0.1519
-5.0600 -2.4200 -1.7325 0.3322
-5.0600 -2.2000 -1.7292 0.1244
-5.0600 -1.9800 -1.7165 0.1901
-5.0600 -1.7600 -1.7356 0.2702
-5.0600 -1.5400 -1.7376 0.3456
-5.0600 -1.3200 -1.7187 0.2773
-5.0600 -1.1000 -1.7334 0.2914
-5.0600 -0.8800 -1.7290 0.2945
-5.0600 -0.6600 -1.7368 0.2658
-5.0600 -0.4400 -1.7270 0.3568
-5.0600 -0.2200 -1.7273 0.1862
-5.0600 -0.0000 -1.7357 0.1950
-5.0600 0.2200 -1.7176 0.2361
-5.0600 0.4400 -1.7298 0.1842
-5.0600 0.6600 -1.7348 0.3350
-5.0600 0.8800 -1.7354 0.2860
-5.0600 1.1000 -1.7263 0.2748
-5.0600 1.3200 -1.7344 0.2381
-5.0600 1.5400 -1.7187 0.2429
-5.0600 1.7600 -1.7385 0.1408
-5.0600 1.9800 -1.7217 0.3087
-5.0600 2.2000 -1.7395 0.1657
-5.0600 2.4200 -1.7220 0.2817
-5.0600 2.6400 -1.7246 0.1619
-5.0600 2.8600 -1.7358 0.1690
-5.0600 3.0800 -1.7247 0.1533
-5.0600 3.3000 -1.7352 0.3062
-5.0600 3.5200 -1.7399 0.3486
-4.8400 -3.5200 -1.7186 0.1770
-4.8400 -3.3000 -1.7163 0.1270
-4.8400 -3.0800 -1.7185 0.2507
-4.8400 -2.8600 -1.7344 0.1350
-4.8400 -2.6400 -1.7296 0.2614
-4.8400 -2.4200 -1.7163 0.3662
-4.8400 -2.2000 -1.7351 0.2351
-4.8400 -1.9800 -1.7286 0.1704
-4.8400 -1.7600 -1.7156 0.1487
-4.8400 -1.5400 -1.7269 0.1230
-4.8400 -1.3200 -1.7279 0.1845
-4.8400 -1.1000 -1.7166 0.1418
-4.8400 -0.8800 -1.7251 0.3176
-4.8400 -0.6600 -1.7215 0.3694
-4.8400 -0.4400 -1.7307 0.2226
-4.8400 -0.2200 -1.7168 0.1472
-4.8400 -0.0000 -1.7395 0.2189
-4.8400 0.2200 -1.7375 0.3318
-4.8400 0.4400 -1.7362 0.2693
-4.8400 0.6600 -1.7317 0.3122
-4.8400 0.8800 -1.7234 0.2929
-4.8400 1.1000 -1.7330 0.2051
-4.8400 1.3200 -1.7371 0.2015
-4.8400 1.5400 -1.7326 0.3676
-4.8400 1.7600 -1.7292 0.2491
-4.8400 1.9800 -1.7217 0.3414
-4.8400 2.2000 -1.7379 0.1609
-4.8400 2.4200 -1.7172 0.3004
-4.8400 2.6400 -1.7225 0.1941
-4.8400 2.8600 -1.7154 0.3108
-4.8400 3.0800 -1.7371 0.3606
-4.8400 3.3000 -1.7311 0.2567
-4.8400 3.5200 -1.7315 0.1947
-4.6200 -3.5200 -1.7300 0.2581
-4.6200 -3.3000 -1.7359 0.1436
-4.6200 -3.0800 -1.7319 0.3652
-4.6200 -2.8600 -1.7233 0.1246
-4.6200 -2.6400 -1.7376 0.3631
-4.6200 -2.4200 -1.7260 0.1429
-4.6200 -2.2000 -1.7348 0.2858
-4.6200 -1.9800 -1.7280 0.3312
-4.6200 -1.7600 -1.7309 0.1543
-4.6200 -1.5400 -1.7322 0.2940
-4.6200 -1.3200 -1.7308 0.2708
-4.6200 -1.1000 -1.7380 0.2600
-4.6200 -0.8800 -1.7347 0.2879
-4.6200 -0.6600 -1.7265 0.1886
-4.6200 -0.4400 -1.7375 0.2253
-4.6200 -0.2200 -1.7370 0.2038
-4.6200 -0.0000 -1.7282 0.2839
-4.6200 0.2200 -1.7316 0.1591
-4.6200 0.4400 -1.7370 0.3437
-4.6200 0.6600 -1.7305 0.3199
-4.6200 0.8800 -1.7163 0.1540
-4.6200 1.1000 -1.7311 0.1936
-4.6200 1.3200 -1.7272 0.3498
-4.6200 1.5400 -1.7353 0.2246
-4.6200 1.7600 -1.7323 0.1430
-4.6200 1.9800 -1.7305 0.1461
-4.6200 2.2000 -1.7220 0.2293
-4.6200 2.4200 -1.7236 0.1935
-4.6200 2.6400 -1.7150 0.1728
-4.6200 2.8600 -1.7192 0.3043
-4.6200 3.0800 -1.7175 0.2081
-4.6200 3.3000 -1.7155 0.2777
-4.6200 3.5200 -1.7208 0.3687
-4.4000 -3.5200 -1.7312 0.1616
-4.4000 -3.3000 -1.7264 0.2300
-4.4000 -3.0800 -1.7355 0.3479
-4.4000 -2.8600 -1.7261 0.1561
-4.4000 -2.6400 -1.7179 0.2142
-4.4000 -2.4200 -1.7255 0.1262
-4.4000 -2.2000 -1.7333 0.3402
-4.4000 -1.9800 -1.7270 0.2836
-4.4000 -1.7600 -1.7295 0.3310
-4.4000 -1.5400 -1.7321 0.3523
-4.4000 -1.3200 -1.7262 0.2596
-4.4000 -1.1000 -1.7225 0.1394
-4.4000 -0.8800 -1.7323 0.2214
-4.4000 -0.6600 -1.7254 0.3089
-4.4000 -0.4400 -1.7211 0.3651
-4.4000 -0.2200 -1.7234 0.1628
-4.4000 -0.0000 -1.7270 0.1984
-4.4000 0.2200 -1.7289 0.1507
-4.4000 0.4400 -1.7249 0.3223
-4.4000 0.6600 -1.7336 0.3223
-4.4000 0.8800 -1.7342 0.1383
-4.4000 1.1000 -1.7265 0.2119
-4.4000 1.3200 -1.7254 0.1516
-4.4000 1.5400 -1.7194 0.3059
-4.4000 1.7600 -1.7322 0.2986
-4.4000 1.9800 -1.7281 0.1829
-4.4000 2.2000 -1.7229 0.3451
-4.4000 2.4200 -1.7169 0.2578
-4.4000 2.6400 -1.7316 0.1479
-4.4000 2.8600 -1.7272 0.2983
-4.4000 3.0800 -1.7322 0.1812
-4.4000 3.3000 -1.7272 0.2317
-4.4000 3.5200 -1.7178 0.2708
-4.1800 -3.5200 -1.7377 0.2143
-4.1800 -3.3000 -1.7215 0.3080
-4.1800 -3.0800 -1.7286 0.3052
-4.1800 -2.8600 -1.7199 0.2304
-4.1800 -2.6400 -1.7324 0.1430
-4.1800 -2.4200 -1.7328 0.2786
-4.1800 -2.2000 -1.7370 0.1445
-4.1800 -1.9800 -1.7216 0.3498
-4.1800 -1.7600 -1.7223 0.2233
-4.1800 -1.5400 -1.7342 0.3046
-4.1800 -1.3200 -1.7367 0.3261
-4.1800 -1.1000 -1.7387 0.2636
-4.1800 -0.8800 -1.7181 0.2091
-4.1800 -0.6600 -1.7343 0.1941
-4.1800 -0.4400 -1.7342 0.1729
-4.1800 -0.2200 -1.7214 0.2352
-4.1800 -0.0000 -1.7337 0.1489
-4.1800 0.2200 -1.7291 0.1593
-4.1800 0.4400 -1.7210 0.3057
-4.1800 0.6600 -1.7373 0.1660
-4.1800 0.8800 -1.7310 0.1672
-4.1800 1.1000 -1.7340 0.3462
-4.1800 1.3200 -1.7299 0.1850
-4.1800 1.5400 -1.7355 0.1404
-4.1800 1.7600 -1.7360 0.2204
-4.1800 1.9800 -1.7324 0.3048
-4.1800 2.2000 -1.7263 0.3266
-4.1800 2.4200 -1.7376 0.1628
-4.1800 2.6400 -1.7322 0.3243
-4.1800 2.8600 -1.7268 0.3508
-4.1800 3.0800 -1.7190 0.1722
-4.1800 3.3000 -1.7257 0.3320
-4.1800 3.5200 -1.7395 0.2669
-3.9600 -3.5200 -1.7273 0.2391
-3.9600 -3.3000 -1.7210 0.1993
-3.9600 -3.0800 -1.7225 0.3130
-3.9600 -2.8600 -1.7264 0.3318
-3.9600 -2.6400 -1.7193 0.1778
-3.9600 -2.4200 -1.7163 0.1748
-3.9600 -2.2000 -1.7314 0.2258
-3.9600 -1.9800 -1.7331 0.2403
-3.9600 -1.7600 -1.7187 0.2329
-3.9600 -1.5400 -1.7259 0.3155
-3.9600 -1.3200 -1.7185 0.1545
-3.9600 -1.1000 -1.7373 0.2055
-3.9600 -0.8800 -1.7345 0.3006
-3.9600 -0.6600 -1.7338 0.1738
-3.9600 -0.4400 -1.7160 0.2738
-3.9600 -0.2200 -1.7163 0.2587
-3.9600 -0.0000 -1.7379 0.3057
-3.9600 0.2200 -1.7198 0.3382
-3.9600 0.4400 -1.7371 0.1412
-3.9600 0.6600 -1.7301 0.1876
-3.9600 0.8800 -1.7269 0.1931
-3.9600 1.1000 -1.7247 0.1928
-3.9600 1.3200 -1.7375 0.2892
-3.9600 1.5400 -1.7333 0.2606
-3.9600 1.7600 -1.7358 0.1595
-3.9600 1.9800 -1.7253 0.3279
-3.9600 2.2000 -1.7382 0.2343
-3.9600 2.4200 -1.7181 0.2659
-3.9600 2.6400 -1.7381 0.1933
-3.9600 2.8600 -1.7242 0.2446
-3.9600 3.0800 -1.7264 0.3167
-3.9600 3.3000 -1.7182 0.2002
-3.9600 3.5200 -1.7367 0.3529
-3.7400 -3.5200 -1.7156 0.1869
-3.7400 -3.3000 -1.7280 0.2295
-3.7400 -3.0800 -1.7362 0.1357
-3.7400 -2.8600 -1.7229 0.1415
-3.7400 -2.6400 -1.7278 0.2232
-3.7400 -2.4200 -1.7189 0.3406
-3.7400 -2.2000 -1.7280 0.1618
-3.7400 -1.9800 -1.7279 0.1670
-3.7400 -1.7600 -1.7315 0.2188
-3.7400 -1.5400 -1.7264 0.1272
-3.7400 -1.3200 -1.7244 0.1378
-3.7400 -1.1000 -1.7286 0.1671
-3.7400 -0.8800 -1.7294 0.2128
-3.7400 -0.6600 -1.7378 0.1706
-3.7400 -0.4400 -1.7199 0.3002
-3.7400 -0.2200 -1.7320 0.2093
-3.7400 -0.0000 -1.7160 0.1293
-3.7400 0.2200 -1.7270 0.1544
-3.7400 0.4400 -1.7397 0.1275
-3.7400 0.6600 -1.7185 0.2050
-3.7400 0.8800 -1.7229 0.2404
-3.7400 1.1000 -1.7358 0.1441
-3.7400 1.3200 -1.7157 0.1733
-3.7400 1.5400 -1.7167 0.3134
-3.7400 1.7600 -1.7384 0.2345
-3.7400 1.9800 -1.7281 0.2198
-3.7400 2.2000 -1.7297 0.3291
-3.7400 2.4200 -1.7325 0.2957
-3.7400 2.6400 -1.7264 0.2490
-3.7400 2.8600 -1.7302 0.2249
-3.7400 3.0800 -1.7334 0.3456
-3.7400 3.3000 -1.7384 0.1678
-3.7400 3.5200 -1.7265 0.2897
-3.5200 -19.8000 -1.7318 0.2488
-3.5200 -19.5800 -1.7289 0.3298
-3.5200 -19.3600 -1.7222 0.1353
-3.5200 -19.1400 -1.7356 0.2242
-3.5200 -18.9200 -1.7234 0.2209
-3.5200 -18.7000 -1.7372 0.3191
-3.5200 -18.4800 -1.7360 0.1784
-3.5200 -18.2600 -1.7301 0.3487
-3.5200 -18.0400 -1.7157 0.2891
-3.5200 -17.8200 -1.7200 0.1397
-3.5200 -17.6000 -1.7390 0.3094
-3.5200 -17.3800 -1.7216 0.1365
-3.5200 -17.1600 -1.7208 0.1273
-3.5200 -16.9400 -1.7328 0.1838
-3.5200 -16.7200 -1.7263 0.3419
-3.5200 -16.5000 -1.7306 0.3478
-3.5200 -16.2800 -1.7164 0.3521
-3.5200 -16.0600 -1.7307 0.1612
-3.5200 -15.8400 -1.7365 0.2640
-3.5200 -15.6200 -1.7202 0.3307
-3.5200 -15.4000 -1.7272 0.2711
-3.5200 -15.1800 -1.7365 0.2556
-3.5200 -14.9600 -1.7247 0.3497
-3.5200 -14.7400 -1.7243 0.3390
-3.5200 -14.5200 -1.7217 0.1435
-3.5200 -14.3000 -1.7161 0.1612
-3.5200 -14.0800 -1.7182 0.2210
-3.5200 -13.8600 -1.7346 0.1655
-3.5200 -13.6400 -1.7347 0.2312
-3.5200 -13.4200 -1.7354 0.2649
-3.5200 -13.2000 -1.7358 0.3365
-3.5200 -12.9800 -1.7171 0.1515
-3.5200 -12.7600 -1.7241 0.3445
-3.5200 -12.5400 -1.7374 0.2749
-3.5200 -12.3200 -1.7296 0.3632
-3.5200 -12.1000 -1.7182 0.1286
-3.5200 -11.8800 -1.7228 0.2106
-3.5200 -11.6600 -1.7373 0.1680
-3.5200 -11.4400 -1.7165 0.2967
-3.5200 -11.2200 -1.7163 0.1576
-3.5200 -11.0000 -1.7276 0.2738
-3.5200 -10.7800 -1.7382 0.3457
-3.5200 -10.5600 -1.7355 0.3043
-3.5200 -10.3400 -1.7351 0.1209
-3.5200 -10.1200 -1.7242 0.1723
-3.5200 -9.9000 -1.7254 0.2763
-3.5200 -9.6800 -1.7396 0.1779
-3.5200 -9.4600 -1.7201 0.1955
-3.5200 -9.2400 -1.7260 0.2290
-3.5200 -9.0200 -1.7316 0.3323
-3.5200 -8.8000 -1.7360 0.2562
-3.5200 -8.5800 -1.7305 0.2393
-3.5200 -8.3600 -1.7204 0.2299
-3.5200 -8.1400 -1.7243 0.3086
-3.5200 -7.9200 -1.7206 0.1237
-3.5200 -7.7000 -1.7334 0.2929
-3.5200 -7.4800 -1.7393 0.3585
-3.5200 -7.2600 -1.7164 0.3384
-3.5200 -7.0400 -1.7259 0.2286
-3.5200 -6.8200 -1.7159 0.1681
-3.5200 -6.6000 -1.7156 0.2117
-3.5200 -6.3800 -1.7177 0.1645
-3.5200 -6.1600 -1.7268 0.2953
-3.5200 -5.9400 -1.7381 0.2344
-3.5200 -5.7200 -1.7299 0.2179
-3.5200 -5.5000 -1.7159 0.3090
-3.5200 -5.2800 -1.7315 0.3113
-3.5200 -5.0600 -1.7393 0.1480
-3.5200 -4.8400 -1.7346 0.1203
-3.5200 -4.6200 -1.7351 0.3345
-3.5200 -4.4000 -1.7150 0.1865
-3.5200 -4.1800 -1.7157 0.3049
-3.5200 -3.9600 -1.7299 0.3022
-3.5200 -3.7400 -1.7267 0.2144
-3.5200 -3.5200 -1.7356 0.1301
-3.5200 -3.3000 -1.7296 0.2985
-3.5200 -3.0800 -1.7335 0.1588
-3.5200 -2.8600 -1.7397 0.3075
-3.5200 -2.6400 -1.7168 0.3159
-3.5200 -2.4200 -1.7281 0.1456
-3.5200 -2.2000 -1.7321 0.1571
-3.5200 -1.9800 -1.7199 0.1427
-3.5200 -1.7600 -1.7325 0.2185
-3.5200 -1.5400 -1.7176 0.1946
-3.5200 -1.3200 -1.7285 0.1931
-3.5200 -1.1000 -1.7332 0.2631
-3.5200 -0.8800 -1.7211 0.3001
-3.5200 -0.6600 -1.7362 0.3695
-3.5200 -0.4400 -1.7331 0.3211
-3.5200 -0.2200 -1.7171 0.1378
-3.5200 -0.0000 -1.7256 0.2498
-3.5200 0.2200 -1.7364 0.2736
-3.5200 0.4400 -1.7311 0.2261
-3.5200 0.6600 -1.7221 0.2220
-3.5200 0.8800 -1.7224 0.1614
-3.5200 1.1000 -1.7202 0.3494
-3.5200 1.3200 -1.7371 0.2168
-3.5200 1.5400 -1.7190 0.1988
-3.5200 1.7600 -1.7392 0.2481
-3.5200 1.9800 -1.7304 0.1695
-3.5200 2.2000 -1.7245 0.3036
-3.5200 2.4200 -1.7312 0.1358
-3.5200 2.6400 -1.7267 0.1376
-3.5200 2.8600 -1.7216 0.3017
-3.5200 3.0800 -1.7305 0.2821
-3.5200 3.3000 -1.7368 0.3360
-3.5200 3.5200 -1.7244 0.3572
-3.5200 3.7400 -1.7185 0.1998
-3.5200 3.9600 -1.7201 0.1840
-3.5200 4.1800 -1.7340 0.3602
-3.5200 4.4000 -1.7395 0.3611
-3.5200 4.6200 -1.7269 0.2373
-3.5200 4.8400 -1.7190 0.2618
-3.5200 5.0600 -1.7285 0.2731
-3.5200 5.2800 -1.7327 0.1278
-3.5200 5.5000 -1.7310 0.1279
-3.5200 5.7200 -1.7337 0.1702
-3.5200 5.9400 -1.7215 0.2426
-3.5200 6.1600 -1.7209 0.1987
-3.5200 6.3800 -1.7310 0.1999
-3.5200 6.6000 -1.7302 0.1978
-3.5200 6.8200 -1.7317 0.2947
-3.5200 7.0400 -1.7244 0.2236
-3.5200 7.2600 -1.7377 0.2244
-3.5200 7.4800 -1.7191 0.2298
-3.5200 7.7000 -1.7263 0.1784
-3.5200 7.9200 -1.7390 0.3427
-3.5200 8.1400 -1.7313 0.3066
-3.5200 8.3600 -1.7171 0.2448
-3.5200 8.5800 -1.7319 0.1219
-3.5200 8.8000 -1.7230 0.1376
-3.5200 9.0200 -1.7254 0.1901
-3.5200 9.2400 -1.7170 0.3002
-3.5200 9.4600 -1.7281 0.3054
-3.5200 9.6800 -1.7151 0.2464
-3.5200 9.9000 -1.7333 0.3097
-3.5200 10.1200 -1.7333 0.3180
-3.5200 10.3400 -1.7180 0.1754
-3.5200 10.5600 -1.7360 0.3607
-3.5200 10.7800 -1.7257 0.3174
-3.5200 11.0000 -1.7221 0.1909
-3.5200 11.2200 -1.7363 0.2838
-3.5200 11.4400 -1.7188 0.1843
-3.5200 11.6600 -1.7222 0.1625
-3.5200 11.8800 -1.7168 0.2158
-3.5200 12.1000 -1.7360 0.1662
-3.5200 12.3200 -1.7186 0.1530
-3.5200 12.5400 -1.7262 0.3115
-3.5200 12.7600 -1.7262 0.3371
-3.5200 12.9800 -1.7192 0.3478
-3.5200 13.2000 -1.7269 0.1423
-3.5200 13.4200 -1.7214 0.3206
-3.5200 13.6400 -1.7210 0.3529
-3.5200 13.8600 -1.7186 0.3161
-3.5200 14.0800 -1.7213 0.3387
-3.5200 14.3000 -1.7381 0.3547
-3.5200 14.5200 -1.7304 0.2739
-3.5200 14.7400 -1.7252 0.3002
-3.5200 14.9600 -1.7184 0.3545
-3.5200 15.1800 -1.7320 0.2759
-3.5200 15.4000 -1.7375 0.1865
-3.5200 15.6200 -1.7204 0.3531
-3.5200 15.8400 -1.7369 0.3383
-3.5200 16.0600 -1.7216 0.1998
-3.5200 16.2800 -1.7350 0.1922
-3.5200 16.5000 -1.7247 0.2137
-3.5200 16.7200 -1.7207 0.3232
-3.5200 16.9400 -1.7177 0.2558
-3.5200 17.1600 -1.7347 0.2790
-3.5200 17.3800 -1.7304 0.1873
-3.5200 17.6000 -1.7313 0.3229
-3.5200 17.8200 -1.7183 0.3331
-3.5200 18.0400 -1.7164 0.1421
-3.5200 18.2600 -1.7184 0.3110
-3.5200 18.4800 -1.7223 0.2818
-3.5200 18.7000 -1.7254 0.3001
-3.5200 18.9200 -1.7193 0.2641
-3.5200 19.1400 -1.7288 0.2311
-3.5200 19.3600 -1.7192 0.3578
-3.5200 19.5800 -1.7160 0.2268
-3.5200 19.8000 -1.7239 0.2778
-3.3000 -19.8000 -1.7391 0.2482
-3.3000 -19.5800 -1.7266 0.3320
-3.3000 -19.3600 -1.7182 0.1500
-3.3000 -19.1400 -1.7298 0.3141
-3.3000 -18.9200 -1.7297 0.1571
-3.3000 -18.7000 -1.7395 0.2740
-3.3000 -18.4800 -1.7220 0.2716
-3.3000 -18.2600 -1.7250 0.3397
-3.3000 -18.0400 -1.7318 0.1828
-3.3000 -17.8200 -1.7378 0.2129
-3.3000 -17.6000 -1.7262 0.1404
-3.3000 -17.3800 -1.7172 0.3449
-3.3000 -17.1600 -1.7313 0.3052
-3.3000 -16.9400 -1.7172 0.2409
-3.3000 -16.7200 -1.7324 0.1282
-3.3000 -16.5000 -1.7369 0.3603
-3.3000 -16.2800 -1.7314 0.1837
-3.3000 -16.0600 -1.7246 0.3632
-3.3000 -15.8400 -1.7155 0.2653
-3.3000 -15.6200 -1.7315 0.3658
-3.3000 -15.4000 -1.7218 0.1255
-3.3000 -15.1800 -1.7381 0.1255
-3.3000 -14.9600 -1.7222 0.2339
-3.3000 -14.7400 -1.7339 0.1717
-3.3000 -14.5200 -1.7354 0.3511
-3.3000 -14.3000 -1.7288 0.3164
-3.3000 -14.0800 -1.7372 0.1911
-3.3000 -13.8600 -1.7174 0.1822
-3.3000 -13.6400 -1.7170 0.1764
-3.3000 -13.4200 -1.7206 0.2070
-3.3000 -13.2000 -1.7216 0.3529
-3.3000 -12.9800 -1.7263 0.3404
-3.3000 -12.7600 -1.7196 0.2711
-3.3000 -12.5400 -1.7305 0.2889
-3.3000 -12.3200 -1.7277 0.2278
-3.3000 -12.1000 -1.7161 0.2960
-3.3000 -11.8800 -1.7161 0.2497
-3.3000 -11.6600 -1.7309 0.2915
-3.3000 -11.4400 -1.7300 0.2106
-3.3000 -11.2200 -1.7372 0.3029
-3.3000 -11.0000 -1.7279 0.2337
-3.3000 -10.7800 -1.7172 0.3024
-3.3000 -10.5600 -1.7213 0.2923
-3.3000 -10.3400 -1.7167 0.1202
-3.3000 -10.1200 -1.7192 0.2223
-3.3000 -9.9000 -1.7297 0.3470
-3.3000 -9.6800 -1.7373 0.3583
-3.3000 -9.4600 -1.7163 0.1652
-3.3000 -9.2400 -1.7335 0.1653
-3.3000 -9.0200 -1.7314 0.2941
-3.3000 -8.8000 -1.7178 0.3299
-3.3000 -8.5800 -1.7386 0.1478
-3.3000 -8.3600 -1.7178 0.3555
-3.3000 -8.1400 -1.7274 0.2127
-3.3000 -7.9200 -1.7187 0.3090
-3.3000 -7.7000 -1.7387 0.2179
-3.3000 -7.4800 -1.7179 0.1476
-3.3000 -7.2600 -1.7306 0.3552
-3.3000 -7.0400 -1.7327 0.2320
-3.3000 -6.8200 -1.7161 0.2824
-3.3000 -6.6000 -1.7284 0.2182
-3.3000 -6.3800 -1.7303 0.2598
-3.3000 -6.1600 -1.7316 0.2245
-3.3000 -5.9400 -1.7162 0.1502
-3.3000 -5.7200 -1.7208 0.3174
-3.3000 -5.5000 -1.7316 0.1606
-3.3000 -5.2800 -1.7277 0.3542
-3.3000 -5.0600 -1.7362 0.2762
-3.3000 -4.8400 -1.7285 0.3466
-3.3000 -4.6200 -1.7248 0.3180
-3.3000 -4.4000 -1.7374 0.3647
-3.3000 -4.1800 -1.7331 0.1933
-3.3000 -3.9600 -1.7194 0.2847
-3.3000 -3.7400 -1.7163 0.1426
-3.3000 -3.5200 -1.7315 0.2684
-3.3000 -3.3000 -1.7367 0.2577
-3.3000 -3.0800 -1.7156 0.3354
-3.3000 -2.8600 -1.7185 0.1579
-3.3000 -2.6400 -1.7348 0.1875
-3.3000 -2.4200 -1.7229 0.1535
-3.3000 -2.2000 -1.7277 0.2272
-3.3000 -1.9800 -1.7214 0.3123
-3.3000 -1.7600 -1.7318 0.3197
-3.3000 -1.5400 -1.7313 0.3237
-3.3000 -1.3200 -1.7301 0.2877
-3.3000 -1.1000 -1.7166 0.2023
-3.3000 -0.8800 -1.7265 0.1231
-3.3000 -0.6600 -1.7342 0.3418
-3.3000 -0.4400 -1.7359 0.2778
-3.3000 -0.2200 -1.7226 0.3084
-3.3000 -0.0000 -1.7302 0.2284
-3.3000 0.2200 -1.7338 0.2195
-3.3000 0.4400 -1.7183 0.2942
-3.3000 0.6600 -1.7175 0.1658
-3.3000 0.8800 -1.7153 0.3183
-3.3000 1.1000 -1.7360 0.3103
-3.3000 1.3200 -1.7263 0.3117
-3.3000 1.5400 -1.7216 0.1712
-3.3000 1.7600 -1.7289 0.2397
-3.3000 1.9800 -1.7178 0.3077
-3.3000 2.2000 -1.7334 0.2071
-3.3000 2.4200 -1.7384 0.1683
-3.3000 2.6400 -1.7263 0.2172
-3.3000 2.8600 -1.7291 0.1590
-3.3000 3.0800 -1.7285 0.3184
-3.3000 3.3000 -1.7351 0.2258
-3.3000 3.5200 -1.7195 0.1481
-3.3000 3.7400 -1.7156 0.2624
-3.3000 3.9600 -1.7287 0.2939
-3.3000 4.1800 -1.7381 0.1620
-3.3000 4.4000 -1.7249 0.1991
-3.3000 4.6200 -1.7155 0.2653
-3.3000 4.8400 -1.7274 0.1271
-3.3000 5.0600 -1.7298 0.2041
-3.3000 5.2800 -1.7374 0.1319
-3.3000 5.5000 -1.7151 0.3004
-3.3000 5.7200 -1.7386 0.1357
-3.3000 5.9400 -1.7341 0.3484
-3.3000 6.1600 -1.7332 0.2143
-3.3000 6.3800 -1.7337 0.2263
-3.3000 6.6000 -1.7356 0.2135
-3.3000 6.8200 -1.7290 0.2572
-3.3000 7.0400 -1.7156 0.3397
-3.3000 7.2600 -1.7323 0.3362
-3.3000 7.4800 -1.7159 0.3048
-3.3000 7.7000 -1.7302 0.1884
-3.3000 7.9200 -1.7199 0.2325
-3.3000 8.1400 -1.7357 0.3350
-3.3000 8.3600 -1.7237 0.3471
-3.3000 8.5800 -1.7271 0.1709
-3.3000 8.8000 -1.7212 0.2877
-3.3000 9.0200 -1.7368 0.2696
-3.3000 9.2400 -1.7310 0.1224
-3.3000 9.4600 -1.7284 0.3554
-3.3000 9.6800 -1.7214 0.1487
-3.3000 9.9000 -1.7396 0.3317
-3.3000 10.1200 -1.7242 0.1448
-3.3000 10.3400 -1.7349 0.1881
-3.3000 10.5600 -1.7293 0.2518
-3.3000 10.7800 -1.7334 0.1368
-3.3000 11.0000 -1.7221 0.1521
-3.3000 11.2200 -1.7342 0.2749
-3.3000 11.4400 -1.7168 0.2019
-3.3000 11.6600 -1.7206 0.2503
-3.3000 11.8800 -1.7233 0.2308
-3.3000 12.1000 -1.7245 0.2008
-3.3000 12.3200 -1.7369 0.2869
-3.3000 12.5400 -1.7345 0.2977
-3.3000 12.7600 -1.7246 0.2779
-3.3000 12.9800 -1.7342 0.3491
-3.3000 13.2000 -1.7187 0.1877
-3.3000 13.4200 -1.7235 0.2135
-3.3000 13.6400 -1.7167 0.2570
-3.3000 13.8600 -1.7346 0.2315
-3.3000 14.0800 -1.7241 0.3328
-3.3000 14.3000 -1.7389 0.2728
-3.3000 14.5200 -1.7340 0.2174
-3.3000 14.7400 -1.7334 0.3434
-3.3000 14.9600 -1.7241 0.1611
-3.3000 15.1800 -1.7379 0.2145
-3.3000 15.4000 -1.7226 0.2554
-3.3000 15.6200 -1.7167 0.2517
-3.3000 15.8400 -1.7232 0.1270
-3.3000 16.0600 -1.7249 0.3159
-3.3000 16.2800 -1.7358 0.1989
-3.3000 16.5000 -1.7160 0.3424
-3.3000 16.7200 -1.7159 0.1277
-3.3000 16.9400 -1.7160 0.2843
-3.3000 17.1600 -1.7165 0.2676
-3.3000 17.3800 -1.7294 0.3647
-3.3000 17.6000 -1.7389 0.3590
-3.3000 17.8200 -1.7370 0.3407
-3.3000 18.0400 -1.7355 0.1873
-3.3000 18.2600 -1.7330 0.2356
-3.3000 18.4800 -1.7316 0.2381
-3.3000 18.7000 -1.7290 0.3488
-3.3000 18.9200 -1.7398 0.2720
-3.3000 19.1400 -1.7347 0.2111
-3.3000 19.3600 -1.7173 0.2252
-3.3000 19.5800 -1.7327 0.1237
-3.3000 19.8000 -1.7174 0.3292
-3.0800 -19.8000 -1.7354 0.3221
-3.0800 -19.5800 -1.7172 0.2556
-3.0800 -19.3600 -1.7379 0.1222
-3.0800 -19.1400 -1.7256 0.2658
-3.0800 -18.9200 -1.7344 0.1332
-3.0800 -18.7000 -1.7321 0.1517
-3.0800 -18.4800 -1.7341 0.2676
-3.0800 -18.2600 -1.7178 0.3601
-3.0800 -18.0400 -1.7383 0.2403
-3.0800 -17.8200 -1.7212 0.3440
-3.0800 -17.6000 -1.7175 0.3197
-3.0800 -17.3800 -1.7220 0.2061
-3.0800 -17.1600 -1.7370 0.2782
-3.0800 -16.9400 -1.7255 0.1391
-3.0800 -16.7200 -1.7249 0.2969
-3.0800 -16.5000 -1.7312 0.3523
-3.0800 -16.2800 -1.7317 0.2536
-3.0800 -16.0600 -1.7184 0.1896
-3.0800 -15.8400 -1.7208 0.1713
-3.0800 -15.6200 -1.7278 0.2538
-3.0800 -15.4000 -1.7166 0.1529
-3.0800 -15.1800 -1.7329 0.2185
-3.0800 -14.9600 -1.7240 0.1249
-3.0800 -14.7400 -1.7266 0.3137
-3.0800 -14.5200 -1.7151 0.3398
-3.0800 -14.3000 -1.7371 0.1717
-3.0800 -14.0800 -1.7197 0.2127
-3.0800 -13.8600 -1.7286 0.2218
-3.0800 -13.6400 -1.7299 0.2023
-3.0800 -13.4200 -1.7331 0.2333
-3.0800 -13.2000 -1.7216 0.2302
-3.0800 -12.9800 -1.7384 0.3290
-3.0800 -12.7600 -1.7368 0.3573
-3.0800 -12.5400 -1.7376 0.3560
-3.0800 -12.3200 -1.7231 0.1498
-3.0800 -12.1000 -1.7158 0.2349
-3.0800 -11.8800 -1.7215 0.2367
-3.0800 -11.6600 -1.7340 0.3146
-3.0800 -11.4400 -1.7368 0.1222
-3.0800 -11.2200 -1.7261 0.3271
-3.0800 -11.0000 -1.7207 0.2167
-3.0800 -10.7800 -1.7335 0.2340
-3.0800 -10.5600 -1.7239 0.1266
-3.0800 -10.3400 -1.7278 0.2919
-3.0800 -10.1200 -1.7293 0.1545
-3.0800 -9.9000 -1.7234 0.1773
-3.0800 -9.6800 -1.7221 0.3033
-3.0800 -9.4600 -1.7280 0.2053
-3.0800 -9.2400 -1.7376 0.2579
-3.0800 -9.0200 -1.7236 0.1680
-3.0800 -8.8000 -1.7211 0.2480
-3.0800 -8.5800 -1.7317 0.1704
-3.0800 -8.3600 -1.7200 0.1440
-3.0800 -8.1400 -1.7175 0.2281
-3.0800 -7.9200 -1.7319 0.1411
-3.0800 -7.7000 -1.7306 0.2806
-3.0800 -7.4800 -1.7281 0.1253
-3.0800 -7.2600 -1.7266 0.3581
-3.0800 -7.0400 -1.7330 0.2865
-3.0800 -6.8200 -1.7274 0.1515
-3.0800 -6.6000 -1.7174 0.2593
-3.0800 -6.3800 -1.7183 0.1621
-3.0800 -6.1600 -1.7237 0.2038
-3.0800 -5.9400 -1.7161 0.2849
-3.0800 -5.7200 -1.7209 0.3600
-3.0800 -5.5000 -1.7275 0.3006
-3.0800 -5.2800 -1.7188 0.2667
-3.0800 -5.0600 -1.7198 0.3294
-3.0800 -4.8400 -1.7329 0.2357
-3.0800 -4.6200 -1.7239 0.2260
-3.0800 -4.4000 -1.7254 0.3664
-3.0800 -4.1800 -1.7355 0.1901
-3.0800 -3.9600 -1.7158 0.3477
-3.0800 -3.7400 -1.7343 0.2793
-3.0800 -3.5200 -1.7165 0.1425
-3.0800 -3.3000 -1.7249 0.1677
-3.0800 -3.0800 -1.7225 0.1889
-3.0800 -2.8600 -1.7395 0.2308
-3.0800 -2.6400 -1.7259 0.2518
-3.0800 -2.4200 -1.7203 0.2580
-3.0800 -2.2000 -1.7359 0.3101
-3.0800 -1.9800 -1.7259 0.2228
-3.0800 -1.7600 -1.7338 0.2342
-3.0800 -1.5400 -1.7222 0.2600
-3.0800 -1.3200 -1.7217 0.3403
-3.0800 -1.1000 -1.7299 0.2030
-3.0800 -0.8800 -1.7343 0.3319
-3.0800 -0.6600 -1.7265 0.3230
-3.0800 -0.4400 -1.7292 0.1869
-3.0800 -0.2200 -1.7187 0.3045
-3.0800 -0.0000 -1.7191 0.3253
-3.0800 0.2200 -1.7196 0.2986
-3.0800 0.4400 -1.7314 0.2487
-3.0800 0.6600 -1.7348 0.1403
-3.0800 0.8800 -1.7350 0.2222
-3.0800 1.1000 -1.7175 0.3023
-3.0800 1.3200 -1.7248 0.2069
-3.0800 1.5400 -1.7260 0.1870
-3.0800 1.7600 -1.7156 0.2321
-3.0800 1.9800 -1.7255 0.3337
-3.0800 2.2000 -1.7270 0.3432
-3.0800 2.4200 -1.7154 0.2248
-3.0800 2.6400 -1.7162 0.3364
-3.0800 2.8600 -1.7366 0.3532
-3.0800 3.0800 -1.7342 0.2634
-3.0800 3.3000 -1.7273 0.2074
-3.0800 3.5200 -1.7341 0.1993
-3.0800 3.7400 -1.7330 0.3523
-3.0800 3.9600 -1.7380 0.3660
-3.0800 4.1800 -1.7214 0.2807
-3.0800 4.4000 -1.7359 0.3556
-3.0800 4.6200 -1.7178 0.2298
-3.0800 4.8400 -1.7349 0.3517
-3.0800 5.0600 -1.7193 0.3350
-3.0800 5.2800 -1.7317 0.1721
-3.0800 5.5000 -1.7206 0.1388
-3.0800 5.7200 -1.7207 0.2096
-3.0800 5.9400 -1.7229 0.3287
-3.0800 6.1600 -1.7254 0.2446
-3.0800 6.3800 -1.7346 0.2807
-3.0800 6.6000 -1.7313 0.2948
-3.0800 6.8200 -1.7307 0.1978
-3.0800 7.0400 -1.7293 0.1991
-3.0800 7.2600 -1.7381 0.2540
-3.0800 7.4800 -1.7277 0.2249
-3.0800 7.7000 -1.7330 0.2426
-3.0800 7.9200 -1.7227 0.1546
-3.0800 8.1400 -1.7256 0.2615
-3.0800 8.3600 -1.7255 0.3054
-3.0800 8.5800 -1.7205 0.3502
-3.0800 8.8000 -1.7161 0.2741
-3.0800 9.0200 -1.7178 0.1369
-3.0800 9.2400 -1.7353 0.2427
-3.0800 9.4600 -1.7156 0.2211
-3.0800 9.6800 -1.7365 0.3601
-3.0800 9.9000 -1.7352 0.1296
-3.0800 10.1200 -1.7236 0.2034
-3.0800 10.3400 -1.7269 0.2040
-3.0800 10.5600 -1.7340 0.2841
-3.0800 10.7800 -1.7259 0.3476
-3.0800 11.0000 -1.7357 0.1484
-3.0800 11.2200 -1.7270 0.3383
-3.0800 11.4400 -1.7350 0.1768
-3.0800 11.6600 -1.7191 0.2885
-3.0800 11.8800 -1.7265 0.2491
-3.0800 12.1000 -1.7375 0.1510
-3.0800 12.3200 -1.7151 0.2156
-3.0800 12.5400 -1.7169 0.3515
-3.0800 12.7600 -1.7315 0.1918
-3.0800 12.9800 -1.7287 0.1307
-3.0800 13.2000 -1.7321 0.2047
-3.0800 13.4200 -1.7244 0.2466
-3.0800 13.6400 -1.7216 0.2212
-3.0800 13.8600 -1.7172 0.2231
-3.0800 14.0800 -1.7231 0.2317
-3.0800 14.3000 -1.7219 0.3343
-3.0800 14.5200 -1.7171 0.1831
-3.0800 14.7400 -1.7353 0.1501
-3.0800 14.9600 -1.7279 0.2063
-3.0800 15.1800 -1.7294 0.3131
-3.0800 15.4000 -1.7182 0.1480
-3.0800 15.6200 -1.7325 0.3455
-3.0800 15.8400 -1.7224 0.1880
-3.0800 16.0600 -1.7188 0.3022
-3.0800 16.2800 -1.7345 0.3303
-3.0800 16.5000 -1.7286 0.3491
-3.0800 16.7200 -1.7182 0.1341
-3.0800 16.9400 -1.7237 0.2720
-3.0800 17.1600 -1.7256 0.3083
-3.0800 17.3800 -1.7238 0.1722
-3.0800 17.6000 -1.7240 0.2456
-3.0800 17.8200 -1.7394 0.2050
-3.0800 18.0400 -1.7374 0.1722
-3.0800 18.2600 -1.7381 0.1795
-3.0800 18.4800 -1.7226 0.3073
-3.0800 18.7000 -1.7211 0.3264
-3.0800 18.9200 -1.7184 0.1932
-3.0800 19.1400 -1.7339 0.2451
-3.0800 19.3600 -1.7307 0.1320
-3.0800 19.5800 -1.7243 0.1702
-3.0800 19.8000 -1.7253 0.3034
-2.8600 -19.8000 -1.7195 0.1983
-2.8600 -19.5800 -1.7253 0.3087
-2.8600 -19.3600 -1.7263 0.1555
-2.8600 -19.1400 -1.7280 0.2590
-2.8600 -18.9200 -1.7336 0.2773
-2.8600 -18.7000 -1.7373 0.2491
-2.8600 -18.4800 -1.7183 0.1876
-2.8600 -18.2600 -1.7250 0.1840
-2.8600 -18.0400 -1.7169 0.2156
-2.8600 -17.8200 -1.7389 0.2214
-2.8600 -17.6000 -1.7366 0.2502
-2.8600 -17.3800 -1.7184 0.2873
-2.8600 -17.1600 -1.7337 0.1344
-2.8600 -16.9400 -1.7164 0.2105
-2.8600 -16.7200 -1.7173 0.1328
-2.8600 -16.5000 -1.7222 0.2367
-2.8600 -16.2800 -1.7347 0.3203
-2.8600 -16.0600 -1.7308 0.1676
-2.8600 -15.8400 -1.7153 0.1404
-2.8600 -15.6200 -1.7155 0.1710
-2.8600 -15.4000 -1.7207 0.1539
-2.8600 -15.1800 -1.7318 0.3658
-2.8600 -14.9600 -1.7190 0.1703
-2.8600 -14.7400 -1.7277 0.3019
-2.8600 -14.5200 -1.7273 0.2128
-2.8600 -14.3000 -1.7348 0.1877
-2.8600 -14.0800 -1.7192 0.3496
-2.8600 -13.8600 -1.7375 0.3542
-2.8600 -13.6400 -1.7363 0.3023
-2.8600 -13.4200 -1.7191 0.3335
-2.8600 -13.2000 -1.7367 0.1253
-2.8600 -12.9800 -1.7201 0.2139
-2.8600 -12.7600 -1.7280 0.2279
-2.8600 -12.5400 -1.7363 0.2733
-2.8600 -12.3200 -1.7315 0.1487
-2.8600 -12.1000 -1.7171 0.1569
-2.8600 -11.8800 -1.7312 0.3438
-2.8600 -11.6600 -1.7193 0.1465
-2.8600 -11.4400 -1.7190 0.3446
-2.8600 -11.2200 -1.7231 0.2450
-2.8600 -11.0000 -1.7198 0.2538
-2.8600 -10.7800 -1.7172 0.2781
-2.8600 -10.5600 -1.7174 0.1347
-2.8600 -10.3400 -1.7172 0.1566
-2.8600 -10.1200 -1.7222 0.1792
-2.8600 -9.9000 -1.7247 0.3254
-2.8600 -9.6800 -1.7289 0.1404
-2.8600 -9.4600 -1.7217 0.2838
-2.8600 -9.2400 -1.7191 0.3197
-2.8600 -9.0200 -1.7186 0.1281
-2.8600 -8.8000 -1.7388 0.3091
-2.8600 -8.5800 -1.7352 0.1274
-2.8600 -8.3600 -1.7287 0.2929
-2.8600 -8.1400 -1.7261 0.1777
-2.8600 -7.9200 -1.7178 0.1626
-2.8600 -7.7000 -1.7160 0.2574
-2.8600 -7.4800 -1.7338 0.2993
-2.8600 -7.2600 -1.7266 0.3498
-2.8600 -7.0400 -1.7326 0.3399
-2.8600 -6.8200 -1.7257 0.1777
-2.8600 -6.6000 -1.7306 0.2697
-2.8600 -6.3800 -1.7347 0.2543
-2.8600 -6.1600 -1.7241 0.2588
-2.8600 -5.9400 -1.7293 0.3143
-2.8600 -5.7200 -1.7324 0.2099
-2.8600 -5.5000 -1.7395 0.2301
-2.8600 -5.2800 -1.7155 0.2617
-2.8600 -5.0600 -1.7331 0.2264
-2.8600 -4.8400 -1.7191 0.3072
-2.8600 -4.6200 -1.7267 0.2813
-2.8600 -4.4000 -1.7253 0.1505
-2.8600 -4.1800 -1.7312 0.2573
-2.8600 -3.9600 -1.7363 0.2175
-2.8600 -3.7400 -1.7174 0.1630
-2.8600 -3.5200 -1.7239 0.1849
-2.8600 -3.3000 -1.7221 0.1918
-2.8600 -3.0800 -1.7251 0.2323
-2.8600 -2.8600 -1.7286 0.1628
-2.8600 -2.6400 -1.7180 0.3464
-2.8600 -2.4200 -1.7249 0.2956
-2.8600 -2.2000 -1.7311 0.1243
-2.8600 -1.9800 -1.7326 0.1290
-2.8600 -1.7600 -1.7317 0.3298
-2.8600 -1.5400 -1.7351 0.2251
-2.8600 -1.3200 -1.7246 0.3027
-2.8600 -1.1000 -1.7175 0.3264
-2.8600 -0.8800 -1.7308 0.1476
-2.8600 -0.6600 -1.7322 0.2774
-2.8600 -0.4400 -1.7278 0.1422
-2.8600 -0.2200 -1.7229 0.3123
-2.8600 -0.0000 -1.7243 0.3258
-2.8600 0.2200 -1.7326 0.1214
-2.8600 0.4400 -1.7206 0.2956
-2.8600 0.6600 -1.7377 0.2783
-2.8600 0.8800 -1.7156 0.3626
-2.8600 1.1000 -1.7309 0.2243
-2.8600 1.3200 -1.7211 0.1356
-2.8600 1.5400 -1.7301 0.2375
-2.8600 1.7600 -1.7376 0.1949
-2.8600 1.9800 -1.7323 0.1510
-2.8600 2.2000 -1.7213 0.2724
-2.8600 2.4200 -1.7158 0.2967
-2.8600 2.6400 -1.7230 0.1539
-2.8600 2.8600 -1.7363 0.1584
-2.8600 3.0800 -1.7197 0.1700
-2.8600 3.3000 -1.7165 0.2331
-2.8600 3.5200 -1.7269 0.1355
-2.8600 3.7400 -1.7244 0.1715
-2.8600 3.9600 -1.7192 0.2921
-2.8600 4.1800 -1.7293 0.2161
-2.8600 4.4000 -1.7185 0.2161
-2.8600 4.6200 -1.7343 0.1472
-2.8600 4.8400 -1.7214 0.3501
-2.8600 5.0600 -1.7319 0.3141
-2.8600 5.2800 -1.7194 0.1402
-2.8600 5.5000 -1.7357 0.1910
-2.8600 5.7200 -1.7374 0.1658
-2.8600 5.9400 -1.7291 0.2940
-2.8600 6.1600 -1.7277 0.2613
-2.8600 6.3800 -1.7194 0.1527
-2.8600 6.6000 -1.7252 0.2470
-2.8600 6.8200 -1.7307 0.2978
-2.8600 7.0400 -1.7328 0.3125
-2.8600 7.2600 -1.7386 0.2263
-2.8600 7.4800 -1.7221 0.1811
-2.8600 7.7000 -1.7197 0.3569
-2.8600 7.9200 -1.7195 0.2395
-2.8600 8.1400 -1.7341 0.3603
-2.8600 8.3600 -1.7164 0.1382
-2.8600 8.5800 -1.7381 0.3256
-2.8600 8.8000 -1.7264 0.2599
-2.8600 9.0200 -1.7215 0.1726
-2.8600 9.2400 -1.7392 0.2258
-2.8600 9.4600 -1.7391 0.2773
-2.8600 9.6800 -1.7211 0.1983
-2.8600 9.9000 -1.7169 0.2649
-2.8600 10.1200 -1.7384 0.2424
-2.8600 10.3400 -1.7325 0.1467
-2.8600 10.5600 -1.7255 0.3246
-2.8600 10.7800 -1.7230 0.2538
-2.8600 11.0000 -1.7235 0.2618
-2.8600 11.2200 -1.7218 0.2462
-2.8600 11.4400 -1.7255 0.3266
-2.8600 11.6600 -1.7210 0.2253
-2.8600 11.8800 -1.7266 0.3416
-2.8600 12.1000 -1.7283 0.2878
-2.8600 12.3200 -1.7257 0.3537
-2.8600 12.5400 -1.7350 0.3113
-2.8600 12.7600 -1.7156 0.2193
-2.8600 12.9800 -1.7178 0.2008
-2.8600 13.2000 -1.7300 0.3541
-2.8600 13.4200 -1.7153 0.3544
-2.8600 13.6400 -1.7181 0.2521
-2.8600 13.8600 -1.7183 0.3011
-2.8600 14.0800 -1.7192 0.1736
-2.8600 14.3000 -1.7288 0.3682
-2.8600 14.5200 -1.7307 0.2052
-2.8600 14.7400 -1.7321 0.1440
-2.8600 14.9600 -1.7196 0.1428
-2.8600 15.1800 -1.7189 0.1634
-2.8600 15.4000 -1.7305 0.3496
-2.8600 15.6200 -1.7334 0.2495
-2.8600 15.8400 -1.7369 0.3233
-2.8600 16.0600 -1.7322 0.3129
-2.8600 16.2800 -1.7293 0.2349
-2.8600 16.5000 -1.7160 0.2799
-2.8600 16.7200 -1.7206 0.1469
-2.8600 16.9400 -1.7216 0.1604
-2.8600 17.1600 -1.7257 0.2259
-2.8600 17.3800 -1.7207 0.3047
-2.8600 17.6000 -1.7272 0.2494
-2.8600 17.8200 -1.7380 0.1300
-2.8600 18.0400 -1.7254 0.1948
-2.8600 18.2600 -1.7345 0.3061
-2.8600 18.4800 -1.7166 0.1993
-2.8600 18.7000 -1.7274 0.3107
-2.8600 18.9200 -1.7349 0.1564
-2.8600 19.1400 -1.7377 0.3137
-2.8600 19.3600 -1.7209 0.1378
-2.8600 19.5800 -1.7247 0.1788
-2.8600 19.8000 -1.7223 0.3686
-2.6400 -19.8000 -1.7172 0.3296
-2.6400 -19.5800 -1.7389 0.3568
-2.6400 -19.3600 -1.7350 0.2415
-2.6400 -19.1400 -1.7221 0.2998
-2.6400 -18.9200 -1.7393 0.3304
-2.6400 -18.7000 -1.7206 0.3266
-2.6400 -18.4800 -1.7254 0.1851
-2.6400 -18.2600 -1.7278 0.3385
-2.6400 -18.0400 -1.7397 0.2149
-2.6400 -17.8200 -1.7373 0.2557
-2.6400 -17.6000 -1.7321 0.3506
-2.6400 -17.3800 -1.7257 0.2110
-2.6400 -17.1600 -1.7155 0.2160
-2.6400 -16.9400 -1.7259 0.2911
-2.6400 -16.7200 -1.7292 0.2904
-2.6400 -16.5000 -1.7241 0.2373
-2.6400 -16.2800 -1.7246 0.2299
-2.6400 -16.0600 -1.7365 0.3373
-2.6400 -15.8400 -1.7352 0.2498
-2.6400 -15.6200 -1.7201 0.2900
-2.6400 -15.4000 -1.7192 0.1632
-2.6400 -15.1800 -1.7222 0.3374
-2.6400 -14.9600 -1.7197 0.2726
-2.6400 -14.7400 -1.7299 0.1228
-2.6400 -14.5200 -1.7307 0.1727
-2.6400 -14.3000 -1.7299 0.2133
-2.6400 -14.0800 -1.7271 0.3222
-2.6400 -13.8600 -1.7190 0.3525
-2.6400 -13.6400 -1.7221 0.2914
-2.6400 -13.4200 -1.7152 0.1497
-2.6400 -13.2000 -1.7286 0.3074
-2.6400 -12.9800 -1.7292 0.1631
-2.6400 -12.7600 -1.7281 0.2239
-2.6400 -12.5400 -1.7372 0.1887
-2.6400 -12.3200 -1.7366 0.3224
-2.6400 -12.1000 -1.7315 0.2443
-2.6400 -11.8800 -1.7338 0.1755
-2.6400 -11.6600 -1.7306 0.3683
-2.6400 -11.4400 -1.7287 0.1632
-2.6400 -11.2200 -1.7340 0.1507
-2.6400 -11.0000 -1.7378 0.3257
-2.6400 -10.7800 -1.7358 0.1840
-2.6400 -10.5600 -1.7224 0.1922
-2.6400 -10.3400 -1.7347 0.1735
-2.6400 -10.1200 -1.7151 0.1761
-2.6400 -9.9000 -1.7168 0.1359
-2.6400 -9.6800 -1.7331 0.1969
-2.6400 -9.4600 -1.7233 0.2494
-2.6400 -9.2400 -1.7185 0.2679
-2.6400 -9.0200 -1.7215 0.1634
-2.6400 -8.8000 -1.7380 0.2654
-2.6400 -8.5800 -1.7347 0.1263
-2.6400 -8.3600 -1.7338 0.1584
-2.6400 -8.1400 -1.7358 0.2018
-2.6400 -7.9200 -1.7344 0.2436
-2.6400 -7.7000 -1.7200 0.1838
-2.6400 -7.4800 -1.7224 0.1974
-2.6400 -7.2600 -1.7278 0.3486
-2.6400 -7.0400 -1.7334 0.2739
-2.6400 -6.8200 -1.7194 0.2148
-2.6400 -6.6000 -1.7347 0.2620
-2.6400 -6.3800 -1.7245 0.1894
-2.6400 -6.1600 -1.7199 0.1422
-2.6400 -5.9400 -1.7370 0.2487
-2.6400 -5.7200 -1.7240 0.3579
-2.6400 -5.5000 -1.7249 0.2320
-2.6400 -5.2800 -1.7259 0.1978
-2.6400 -5.0600 -1.7369 0.2351
-2.6400 -4.8400 -1.7394 0.3463
-2.6400 -4.6200 -1.7157 0.1497
-2.6400 -4.4000 -1.7151 0.3306
-2.6400 -4.1800 -1.7224 0.3449
-2.6400 -3.9600 -1.7257 0.2142
-2.6400 -3.7400 -1.7171 0.3456
-2.6400 -3.5200 -1.7325 0.2622
-2.6400 -3.3000 -1.7335 0.2296
-2.6400 -3.0800 -1.7315 0.3507
-2.6400 -2.8600 -1.7352 0.1827
-2.6400 -2.6400 -1.7271 0.2759
-2.6400 -2.4200 -1.7336 0.1785
-2.6400 -2.2000 -1.7334 0.1987
-2.6400 -1.9800 -1.7249 0.2239
-2.6400 -1.7600 -1.7325 0.3564
-2.6400 -1.5400 -1.7227 0.2996
-2.6400 -1.3200 -1.7208 0.1981
-2.6400 -1.1000 -1.7189 0.1440
-2.6400 -0.8800 -1.7352 0.1925
-2.6400 -0.6600 -1.7367 0.3024
-2.6400 -0.4400 -1.7294 0.3102
-2.6400 -0.2200 -1.7334 0.1410
-2.6400 -0.0000 -1.7247 0.1716
-2.6400 0.2200 -1.7196 0.1398
-2.6400 0.4400 -1.7184 0.3550
-2.6400 0.6600 -1.7255 0.2546
-2.6400 0.8800 -1.7210 0.2292
-2.6400 1.1000 -1.7246 0.2296
-2.6400 1.3200 -1.7207 0.3338
-2.6400 1.5400 -1.7186 0.3308
-2.6400 1.7600 -1.7351 0.3108
-2.6400 1.9800 -1.7368 0.1766
-2.6400 2.2000 -1.7314 0.1202
-2.6400 2.4200 -1.7341 0.3143
-2.6400 2.6400 -1.7229 0.2324
-2.6400 2.8600 -1.7255 0.1810
-2.6400 3.0800 -1.7225 0.1606
-2.6400 3.3000 -1.7150 0.3153
-2.6400 3.5200 -1.7202 0.1852
-2.6400 3.7400 -1.7261 0.2186
-2.6400 3.9600 -1.7308 0.1749
-2.6400 4.1800 -1.7264 0.3197
-2.6400 4.4000 -1.7310 0.2494
-2.6400 4.6200 -1.7323 0.2088
-2.6400 4.8400 -1.7163 0.3508
-2.6400 5.0600 -1.7244 0.3043
-2.6400 5.2800 -1.7207 0.2063
-2.6400 5.5000 -1.7167 0.2099
-2.6400 5.7200 -1.7337 0.3563
-2.6400 5.9400 -1.7300 0.1308
-2.6400 6.1600 -1.7224 0.2172
-2.6400 6.3800 -1.7327 0.2245
-2.6400 6.6000 -1.7326 0.2304
-2.6400 6.8200 -1.7208 0.2519
-2.6400 7.0400 -1.7215 0.3382
-2.6400 7.2600 -1.7317 0.3632
-2.6400 7.4800 -1.7240 0.3089
-2.6400 7.7000 -1.7286 0.2919
-2.6400 7.9200 -1.7251 0.3557
-2.6400 8.1400 -1.7277 0.2895
-2.6400 8.3600 -1.7378 0.1465
-2.6400 8.5800 -1.7365 0.1253
-2.6400 8.8000 -1.7384 0.3337
-2.6400 9.0200 -1.7176 0.3674
-2.6400 9.2400 -1.7153 0.2797
-2.6400 9.4600 -1.7252 0.2590
-2.6400 9.6800 -1.7397 0.1815
-2.6400 9.9000 -1.7198 0.3424
-2.6400 10.1200 -1.7316 0.1274
-2.6400 10.3400 -1.7245 0.2190
-2.6400 10.5600 -1.7343 0.1835
-2.6400 10.7800 -1.7171 0.2990
-2.6400 11.0000 -1.7212 0.3697
-2.6400 11.2200 -1.7213 0.2310
-2.6400 11.4400 -1.7396 0.3398
-2.6400 11.6600 -1.7209 0.1231
-2.6400 11.8800 -1.7297 0.2391
-2.6400 12.1000 -1.7310 0.2981
-2.6400 12.3200 -1.7189 0.2388
-2.6400 12.5400 -1.7383 0.1359
-2.6400 12.7600 -1.7353 0.2397
-2.6400 12.9800 -1.7196 0.3396
-2.6400 13.2000 -1.7388 0.2038
-2.6400 13.4200 -1.7271 0.1406
-2.6400 13.6400 -1.7171 0.3142
-2.6400 13.8600 -1.7336 0.3324
-2.6400 14.0800 -1.7164 0.2232
-2.6400 14.3000 -1.7359 0.1306
-2.6400 14.5200 -1.7208 0.2482
-2.6400 14.7400 -1.7345 0.1503
-2.6400 14.9600 -1.7320 0.1239
-2.6400 15.1800 -1.7264 0.1872
-2.6400 15.4000 -1.7208 0.1355
-2.6400 15.6200 -1.7275 0.2840
-2.6400 15.8400 -1.7196 0.3030
-2.6400 16.0600 -1.7218 0.1929
-2.6400 16.2800 -1.7215 0.2635
-2.6400 16.5000 -1.7326 0.1882
-2.6400 16.7200 -1.7301 0.2996
-2.6400 16.9400 -1.7280 0.1560
-2.6400 17.1600 -1.7222 0.3455
-2.6400 17.3800 -1.7362 0.2379
-2.6400 17.6000 -1.7372 0.1252
-2.6400 17.8200 -1.7292 0.2998
-2.6400 18.0400 -1.7219 0.2578
-2.6400 18.2600 -1.7306 0.2055
-2.6400 18.4800 -1.7393 0.3408
-2.6400 18.7000 -1.7159 0.2177
-2.6400 18.9200 -1.7185 0.1244
-2.6400 19.1400 -1.7342 0.2216
-2.6400 19.3600 -1.7178 0.3008
-2.6400 19.5800 -1.7223 0.3072
-2.6400 19.8000 -1.7233 0.3298
-2.4200 -19.8000 -1.7388 0.2635
-2.4200 -19.5800 -1.7348 0.2430
-2.4200 -19.3600 -1.7192 0.2058
-2.4200 -19.1400 -1.7183 0.3181
-2.4200 -18.9200 -1.7159 0.2835
-2.4200 -18.7000 -1.7208 0.3093
-2.4200 -18.4800 -1.7388 0.2345
-2.4200 -18.2600 -1.7322 0.2137
-2.4200 -18.0400 -1.7152 0.1202
-2.4200 -17.8200 -1.7204 0.2506
-2.4200 -17.6000 -1.7231 0.2250
-2.4200 -17.3800 -1.7243 0.2507
-2.4200 -17.1600 -1.7285 0.2626
-2.4200 -16.9400 -1.7313 0.3489
-2.4200 -16.7200 -1.7271 0.3685
-2.4200 -16.5000 -1.7211 0.2668
-2.4200 -16.2800 -1.7386 0.1651
-2.4200 -16.0600 -1.7196 0.1608
-2.4200 -15.8400 -1.7246 0.3616
-2.4200 -15.6200 -1.7398 0.2486
-2.4200 -15.4000 -1.7310 0.1839
-2.4200 -15.1800 -1.7266 0.2471
-2.4200 -14.9600 -1.7263 0.3613
-2.4200 -14.7400 -1.7369 0.1550
-2.4200 -14.5200 -1.7210 0.1613
-2.4200 -14.3000 -1.7294 0.3294
-2.4200 -14.0800 -1.7358 0.3008
-2.4200 -13.8600 -1.7396 0.3302
-2.4200 -13.6400 -1.7372 0.2020
-2.4200 -13.4200 -1.7351 0.2033
-2.4200 -13.2000 -1.7348 0.2359
-2.4200 -12.9800 -1.7305 0.2614
-2.4200 -12.7600 -1.7239 0.3466
-2.4200 -12.5400 -1.7316 0.3364
-2.4200 -12.3200 -1.7299 0.1796
-2.4200 -12.1000 -1.7368 0.3643
-2.4200 -11.8800 -1.7211 0.3275
-2.4200 -11.6600 -1.7388 0.3494
-2.4200 -11.4400 -1.7214 0.2470
-2.4200 -11.2200 -1.7231 0.2985
-2.4200 -11.0000 -1.7233 0.3349
-2.4200 -10.7800 -1.7201 0.2614
-2.4200 -10.5600 -1.7273 0.3631
-2.4200 -10.3400 -1.7165 0.1239
-2.4200 -10.1200 -1.7310 0.1280
-2.4200 -9.9000 -1.7185 0.2647
-2.4200 -9.6800 -1.7333 0.1719
-2.4200 -9.4600 -1.7346 0.3273
-2.4200 -9.2400 -1.7151 0.2944
-2.4200 -9.0200 -1.7203 0.1944
-2.4200 -8.8000 -1.7348 0.3035
-2.4200 -8.5800 -1.7396 0.1417
-2.4200 -8.3600 -1.7191 0.2009
-2.4200 -8.1400 -1.7179 0.2861
-2.4200 -7.9200 -1.7298 0.2581
-2.4200 -7.7000 -1.7327 0.1948
-2.4200 -7.4800 -1.7168 0.2342
-2.4200 -7.2600 -1.7194 0.2443
-2.4200 -7.0400 -1.7374 0.2865
-2.4200 -6.8200 -1.7329 0.3025
-2.4200 -6.6000 -1.7197 0.2053
-2.4200 -6.3800 -1.7338 0.2558
-2.4200 -6.1600 -1.7183 0.1480
-2.4200 -5.9400 -1.7329 0.1798
-2.4200 -5.7200 -1.7384 0.3096
-2.4200 -5.5000 -1.7362 0.2709
-2.4200 -5.2800 -1.7196 0.1501
-2.4200 -5.0600 -1.7365 0.1329
-2.4200 -4.8400 -1.7399 0.2863
-2.4200 -4.6200 -1.7245 0.1321
-2.4200 -4.4000 -1.7369 0.1959
-2.4200 -4.1800 -1.7345 0.1987
-2.4200 -3.9600 -1.7309 0.1593
-2.4200 -3.7400 -1.7256 0.3194
-2.4200 -3.5200 -1.7352 0.3013
-2.4200 -3.3000 -1.7187 0.1322
-2.4200 -3.0800 -1.7395 0.2244
-2.4200 -2.8600 -1.7155 0.1597
-2.4200 -2.6400 -1.7355 0.2447
-2.4200 -2.4200 -1.7199 0.2113
-2.4200 -2.2000 -1.7365 0.1502
-2.4200 -1.9800 -1.7234 0.2521
-2.4200 -1.7600 -1.7317 0.2180
-2.4200 -1.5400 -1.7321 0.1441
-2.4200 -1.3200 -1.7324 0.1851
-2.4200 -1.1000 -1.7363 0.1901
-2.4200 -0.8800 -1.7392 0.1643
-2.4200 -0.6600 -1.7173 0.2788
-2.4200 -0.4400 -1.7300 0.1933
-2.4200 -0.2200 -1.7209 0.1733
-2.4200 -0.0000 -1.7389 0.1574
-2.4200 0.2200 -1.7266 0.3384
-2.4200 0.4400 -1.7197 0.2369
-2.4200 0.6600 -1.7321 0.1375
-2.4200 0.8800 -1.7226 0.1805
-2.4200 1.1000 -1.7161 0.3182
-2.4200 1.3200 -1.7375 0.1876
-2.4200 1.5400 -1.7277 0.2200
-2.4200 1.7600 -1.7330 0.2210
-2.4200 1.9800 -1.7339 0.1278
-2.4200 2.2000 -1.7224 0.2026
-2.4200 2.4200 -1.7363 0.1991
-2.4200 2.6400 -1.7275 0.3463
-2.4200 2.8600 -1.7249 0.2212
-2.4200 3.0800 -1.7265 0.2326
-2.4200 3.3000 -1.7154 0.1992
-2.4200 3.5200 -1.7333 0.2755
-2.4200 3.7400 -1.7175 0.2321
-2.4200 3.9600 -1.7304 0.1268
-2.4200 4.1800 -1.7347 0.1605
-2.4200 4.4000 -1.7336 0.3350
-2.4200 4.6200 -1.7319 0.2581
-2.4200 4.8400 -1.7321 0.3135
-2.4200 5.0600 -1.7173 0.2865
-2.4200 5.2800 -1.7339 0.1945
-2.4200 5.5000 -1.7171 0.1813
-2.4200 5.7200 -1.7339 0.1749
-2.4200 5.9400 -1.7230 0.2825
-2.4200 6.1600 -1.7193 0.1595
-2.4200 6.3800 -1.7298 0.2874
-2.4200 6.6000 -1.7296 0.2762
-2.4200 6.8200 -1.7189 0.1467
-2.4200 7.0400 -1.7385 0.2046
-2.4200 7.2600 -1.7253 0.2308
-2.4200 7.4800 -1.7250 0.2242
-2.4200 7.7000 -1.7354 0.1974
-2.4200 7.9200 -1.7332 0.1976
-2.4200 8.1400 -1.7234 0.1703
-2.4200 8.3600 -1.7327 0.3149
-2.4200 8.5800 -1.7186 0.2415
-2.4200 8.8000 -1.7366 0.3122
-2.4200 9.0200 -1.7246 0.2795
-2.4200 9.2400 -1.7189 0.1684
-2.4200 9.4600 -1.7182 0.3165
-2.4200 9.6800 -1.7170 0.2562
-2.4200 9.9000 -1.7271 0.1557
-2.4200 10.1200 -1.7274 0.3515
-2.4200 10.3400 -1.7277 0.2810
-2.4200 10.5600 -1.7190 0.3179
-2.4200 10.7800 -1.7178 0.2652
-2.4200 11.0000 -1.7234 0.2907
-2.4200 11.2200 -1.7362 0.2638
-2.4200 11.4400 -1.7315 0.2173
-2.4200 11.6600 -1.7171 0.1766
-2.4200 11.8800 -1.7203 0.3619
-2.4200 12.1000 -1.7286 0.2658
-2.4200 12.3200 -1.7238 0.2911
-2.4200 12.5400 -1.7354 0.3565
-2.4200 12.7600 -1.7301 0.2641
-2.4200 12.9800 -1.7244 0.2204
-2.4200 13.2000 -1.7358 0.1991
-2.4200 13.4200 -1.7317 0.2613
-2.4200 13.6400 -1.7370 0.1713
-2.4200 13.8600 -1.7222 0.2905
-2.4200 14.0800 -1.7311 0.3565
-2.4200 14.3000 -1.7256 0.3455
-2.4200 14.5200 -1.7234 0.1995
-2.4200 14.7400 -1.7353 0.3388
-2.4200 14.9600 -1.7369 0.2710
-2.4200 15.1800 -1.7180 0.3149
-2.4200 15.4000 -1.7190 0.1722
-2.4200 15.6200 -1.7313 0.3143
-2.4200 15.8400 -1.7346 0.1749
-2.4200 16.0600 -1.7322 0.1248
-2.4200 16.2800 -1.7240 0.1583
-2.4200 16.5000 -1.7391 0.1407
-2.4200 16.7200 -1.7301 0.1270
-2.4200 16.9400 -1.7377 0.1273
-2.4200 17.1600 -1.7314 0.2757
-2.4200 17.3800 -1.7193 0.2243
-2.4200 17.6000 -1.7200 0.1469
-2.4200 17.8200 -1.7208 0.2269
-2.4200 18.0400 -1.7177 0.1434
-2.4200 18.2600 -1.7179 0.2146
-2.4200 18.4800 -1.7178 0.2881
-2.4200 18.7000 -1.7185 0.2385
-2.4200 18.9200 -1.7381 0.1840
-2.4200 19.1400 -1.7224 0.1504
-2.4200 19.3600 -1.7373 0.2485
-2.4200 19.5800 -1.7157 0.2312
-2.4200 19.8000 -1.7286 0.1637
-2.2000 -19.8000 -1.7292 0.2538
-2.2000 -19.5800 -1.7240 0.3468
-2.2000 -19.3600 -1.7399 0.3331
-2.2000 -19.1400 -1.7201 0.2989
-2.2000 -18.9200 -1.7240 0.1723
-2.2000 -18.7000 -1.7202 0.2302
-2.2000 -18.4800 -1.7243 0.1506
-2.2000 -18.2600 -1.7241 0.3193
-2.2000 -18.0400 -1.7356 0.3216
-2.2000 -17.8200 -1.7210 0.3478
-2.2000 -17.6000 -1.7317 0.3358
-2.2000 -17.3800 -1.7237 0.2723
-2.2000 -17.1600 -1.7341 0.1364
-2.2000 -16.9400 -1.7238 0.1450
-2.2000 -16.7200 -1.7244 0.1650
-2.2000 -16.5000 -1.7227 0.2568
-2.2000 -16.2800 -1.7226 0.1578
-2.2000 -16.0600 -1.7276 0.2348
-2.2000 -15.8400 -1.7364 0.2779
-2.2000 -15.6200 -1.7168 0.2919
-2.2000 -15.4000 -1.7323 0.1922
-2.2000 -15.1800 -1.7342 0.1600
-2.2000 -14.9600 -1.7303 0.2465
-2.2000 -14.7400 -1.7266 0.1386
-2.2000 -14.5200 -1.7206 0.2626
-2.2000 -14.3000 -1.7207 0.1954
-2.2000 -14.0800 -1.7177 0.3383
-2.2000 -13.8600 -1.7210 0.2518
-2.2000 -13.6400 -1.7193 0.3572
-2.2000 -13.4200 -1.7330 0.2337
-2.2000 -13.2000 -1.7270 0.3337
-2.2000 -12.9800 -1.7246 0.1671
-2.2000 -12.7600 -1.7269 0.2789
-2.2000 -12.5400 -1.7184 0.1678
-2.2000 -12.3200 -1.7336 0.2564
-2.2000 -12.1000 -1.7350 0.1423
-2.2000 -11.8800 -1.7362 0.3311
-2.2000 -11.6600 -1.7206 0.2819
-2.2000 -11.4400 -1.7335 0.2946
-2.2000 -11.2200 -1.7351 0.2305
-2.2000 -11.0000 -1.7271 0.2740
-2.2000 -10.7800 -1.7310 0.2603
-2.2000 -10.5600 -1.7242 0.1304
-2.2000 -10.3400 -1.7357 0.3309
-2.2000 -10.1200 -1.7265 0.2342
-2.2000 -9.9000 -1.7327 0.1716
-2.2000 -9.6800 -1.7280 0.2041
-2.2000 -9.4600 -1.7382 0.2478
-2.2000 -9.2400 -1.7166 0.2570
-2.2000 -9.0200 -1.7158 0.2100
-2.2000 -8.8000 -1.7181 0.3464
-2.2000 -8.5800 -1.7253 0.2603
-2.2000 -8.3600 -1.7341 0.1636
-2.2000 -8.1400 -1.7199 0.3495
-2.2000 -7.9200 -1.7162 0.2148
-2.2000 -7.7000 -1.7262 0.2601
-2.2000 -7.4800 -1.7178 0.3622
-2.2000 -7.2600 -1.7388 0.1855
-2.2000 -7.0400 -1.7160 0.1441
-2.2000 -6.8200 -1.7280 0.1847
-2.2000 -6.6000 -1.7153 0.2245
-2.2000 -6.3800 -1.7400 0.1884
-2.2000 -6.1600 -1.7233 0.1907
-2.2000 -5.9400 -1.7330 0.2323
-2.2000 -5.7200 -1.7225 0.1211
-2.2000 -5.5000 -1.7239 0.1374
-2.2000 -5.2800 -1.7160 0.2302
-2.2000 -5.0600 -1.7282 0.1658
-2.2000 -4.8400 -1.7320 0.2427
-2.2000 -4.6200 -1.7230 0.3522
-2.2000 -4.4000 -1.7390 0.3266
-2.2000 -4.1800 -1.7332 0.3557
-2.2000 -3.9600 -1.7248 0.3093
-2.2000 -3.7400 -1.7378 0.1685
-2.2000 -3.5200 -1.7326 0.3263
-2.2000 -3.3000 -1.7311 0.2970
-2.2000 -3.0800 -1.7370 0.3424
-2.2000 -2.8600 -1.7323 0.2239
-2.2000 -2.6400 -1.7375 0.1448
-2.2000 -2.4200 -1.7230 0.1396
-2.2000 -2.2000 -1.7206 0.3510
-2.2000 -1.9800 -1.7309 0.2167
-2.2000 -1.7600 -1.7181 0.3353
-2.2000 -1.5400 -1.7366 0.3188
-2.2000 -1.3200 -1.7167 0.2471
-2.2000 -1.1000 -1.7247 0.1966
-2.2000 -0.8800 -1.7299 0.1591
-2.2000 -0.6600 -1.7334 0.1234
-2.2000 -0.4400 -1.7198 0.1794
-2.2000 -0.2200 -1.7391 0.2157
-2.2000 -0.0000 -1.7166 0.1251
-2.2000 0.2200 -1.7366 0.3457
-2.2000 0.4400 -1.7237 0.2569
-2.2000 0.6600 -1.7170 0.2586
-2.2000 0.8800 -1.7356 0.1889
-2.2000 1.1000 -1.7352 0.3246
-2.2000 1.3200 -1.7258 0.1993
-2.2000 1.5400 -1.7279 0.3187
-2.2000 1.7600 -1.7313 0.2018
-2.2000 1.9800 -1.7356 0.1899
-2.2000 2.2000 -1.7292 0.3218
-2.2000 2.4200 -1.7185 0.2638
-2.2000 2.6400 -1.7362 0.1518
-2.2000 2.8600 -1.7194 0.3174
-2.2000 3.0800 -1.7218 0.2471
-2.2000 3.3000 -1.7394 0.2737
-2.2000 3.5200 -1.7218 0.1478
-2.2000 3.7400 -1.7161 0.1358
-2.2000 3.9600 -1.7287 0.2754
-2.2000 4.1800 -1.7220 0.1938
-2.2000 4.4000 -1.7286 0.2582
-2.2000 4.6200 -1.7303 0.2219
-2.2000 4.8400 -1.7218 0.2949
-2.2000 5.0600 -1.7389 0.1639
-2.2000 5.2800 -1.7350 0.1603
-2.2000 5.5000 -1.7199 0.3623
-2.2000 5.7200 -1.7205 0.1919
-2.2000 5.9400 -1.7381 0.2559
-2.2000 6.1600 -1.7196 0.1460
-2.2000 6.3800 -1.7175 0.2607
-2.2000 6.6000 -1.7255 0.2382
-2.2000 6.8200 -1.7261 0.3595
-2.2000 7.0400 -1.7311 0.3305
-2.2000 7.2600 -1.7345 0.3382
-2.2000 7.4800 -1.7351 0.2484
-2.2000 7.7000 -1.7195 0.2992
-2.2000 7.9200 -1.7373 0.2478
-2.2000 8.1400 -1.7327 0.2251
-2.2000 8.3600 -1.7345 0.3093
-2.2000 8.5800 -1.7317 0.2396
-2.2000 8.8000 -1.7272 0.2458
-2.2000 9.0200 -1.7247 0.1620
-2.2000 9.2400 -1.7168 0.3013
-2.2000 9.4600 -1.7392 0.3063
-2.2000 9.6800 -1.7314 0.1517
-2.2000 9.9000 -1.7179 0.3289
-2.2000 10.1200 -1.7375 0.2746
-2.2000 10.3400 -1.7291 0.1990
-2.2000 10.5600 -1.7354 0.3414
-2.2000 10.7800 -1.7226 0.1886
-2.2000 11.0000 -1.7362 0.3223
-2.2000 11.2200 -1.7273 0.2326
-2.2000 11.4400 -1.7164 0.2205
-2.2000 11.6600 -1.7329 0.1411
-2.2000 11.8800 -1.7258 0.2582
-2.2000 12.1000 -1.7232 0.2178
-2.2000 12.3200 -1.7206 0.2688
-2.2000 12.5400 -1.7228 0.2910
-2.2000 12.7600 -1.7194 0.1810
-2.2000 12.9800 -1.7387 0.2883
-2.2000 13.2000 -1.7294 0.2351
-2.2000 13.4200 -1.7367 0.3427
-2.2000 13.6400 -1.7306 0.3095
-2.2000 13.8600 -1.7340 0.3292
-2.2000 14.0800 -1.7181 0.2697
-2.2000 14.3000 -1.7260 0.2160
-2.2000 14.5200 -1.7282 0.2872
-2.2000 14.7400 -1.7393 0.2961
-2.2000 14.9600 -1.7239 0.1272
-2.2000 15.1800 -1.7372 0.3369
-2.2000 15.4000 -1.7260 0.1758
-2.2000 15.6200 -1.7312 0.2340
-2.2000 15.8400 -1.7257 0.1737
-2.2000 16.0600 -1.7218 0.2619
-2.2000 16.2800 -1.7374 0.1681
-2.2000 16.5000 -1.7279 0.3292
-2.2000 16.7200 -1.7235 0.2953
-2.2000 16.9400 -1.7302 0.3011
-2.2000 17.1600 -1.7275 0.2908
-2.2000 17.3800 -1.7168 0.2391
-2.2000 17.6000 -1.7384 0.3523
-2.2000 17.8200 -1.7226 0.2447
-2.2000 18.0400 -1.7333 0.3335
-2.2000 18.2600 -1.7258 0.1449
-2.2000 18.4800 -1.7191 0.3315
-2.2000 18.7000 -1.7210 0.1279
-2.2000 18.9200 -1.7278 0.1916
-2.2000 19.1400 -1.7151 0.1787
-2.2000 19.3600 -1.7189 0.3304
-2.2000 19.5800 -1.7317 0.3277
-2.2000 19.8000 -1.7204 0.2652
-1.9800 -19.8000 -1.7270 0.2969
-1.9800 -19.5800 -1.7355 0.2794
-1.9800 -19.3600 -1.7362 0.3194
-1.9800 -19.1400 -1.7156 0.1408
-1.9800 -18.9200 -1.7163 0.1884
-1.9800 -18.7000 -1.7289 0.2589
-1.9800 -18.4800 -1.7281 0.2016
-1.9800 -18.2600 -1.7265 0.2390
-1.9800 -18.0400 -1.7388 0.2805
-1.9800 -17.8200 -1.7220 0.2603
-1.9800 -17.6000 -1.7290 0.1455
-1.9800 -17.3800 -1.7195 0.3630
-1.9800 -17.1600 -1.7186 0.2991
-1.9800 -16.9400 -1.7372 0.2846
-1.9800 -16.7200 -1.7212 0.3148
-1.9800 -16.5000 -1.7180 0.2826
-1.9800 -16.2800 -1.7271 0.3172
-1.9800 -16.0600 -1.7351 0.2675
-1.9800 -15.8400 -1.7200 0.3079
-1.9800 -15.6200 -1.7244 0.1633
-1.9800 -15.4000 -1.7221 0.2109
-1.9800 -15.1800 -1.7226 0.2548
-1.9800 -14.9600 -1.7201 0.1205
-1.9800 -14.7400 -1.7195 0.2671
-1.9800 -14.5200 -1.7396 0.1781
-1.9800 -14.3000 -1.7281 0.1853
-1.9800 -14.0800 -1.7178 0.1553
-1.9800 -13.8600 -1.7159 0.1902
-1.9800 -13.6400 -1.7347 0.2416
-1.9800 -13.4200 -1.7175 0.3055
-1.9800 -13.2000 -1.7343 0.2982
-1.9800 -12.9800 -1.7382 0.2533
-1.9800 -12.7600 -1.7341 0.1338
-1.9800 -12.5400 -1.7268 0.2329
-1.9800 -12.3200 -1.7158 0.1831
-1.9800 -12.1000 -1.7262 0.2472
-1.9800 -11.8800 -1.7270 0.1427
-1.9800 -11.6600 -1.7196 0.2538
-1.9800 -11.4400 -1.7291 0.1723
-1.9800 -11.2200 -1.7333 0.2257
-1.9800 -11.0000 -1.7292 0.3686
-1.9800 -10.7800 -1.7246 0.1532
-1.9800 -10.5600 -1.7163 0.2942
-1.9800 -10.3400 -1.7222 0.2498
-1.9800 -10.1200 -1.7184 0.2527
-1.9800 -9.9000 -1.7285 0.1642
-1.9800 -9.6800 -1.7244 0.2776
-1.9800 -9.4600 -1.7397 0.3140
-1.9800 -9.2400 -1.7289 0.2633
-1.9800 -9.0200 -1.7393 0.2758
-1.9800 -8.8000 -1.7312 0.3274
-1.9800 -8.5800 -1.7394 0.2944
-1.9800 -8.3600 -1.7293 0.1251
-1.9800 -8.1400 -1.7315 0.2812
-1.9800 -7.9200 -1.7211 0.3541
-1.9800 -7.7000 -1.7255 0.2611
-1.9800 -7.4800 -1.7317 0.3203
-1.9800 -7.2600 -1.7230 0.2019
-1.9800 -7.0400 -1.7178 0.2620
-1.9800 -6.8200 -1.7261 0.1828
-1.9800 -6.6000 -1.7282 0.1527
-1.9800 -6.3800 -1.7279 0.1938
-1.9800 -6.1600 -1.7301 0.1579
-1.9800 -5.9400 -1.7213 0.3646
-1.9800 -5.7200 -1.7242 0.2244
-1.9800 -5.5000 -1.7233 0.2055
-1.9800 -5.2800 -1.7209 0.1241
-1.9800 -5.0600 -1.7303 0.3517
-1.9800 -4.8400 -1.7313 0.3312
-1.9800 -4.6200 -1.7333 0.2444
-1.9800 -4.4000 -1.7205 0.1877
-1.9800 -4.1800 -1.7360 0.2559
-1.9800 -3.9600 -1.7355 0.1260
-1.9800 -3.7400 -1.7326 0.2596
-1.9800 -3.5200 -1.7227 0.1534
-1.9800 -3.3000 -1.7337 0.1501
-1.9800 -3.0800 -1.7361 0.2542
-1.9800 -2.8600 -1.7289 0.2187
-1.9800 -2.6400 -1.7398 0.2116
-1.9800 -2.4200 -1.7326 0.2341
-1.9800 -2.2000 -1.7208 0.3201
-1.9800 -1.9800 -1.7179 0.2696
-1.9800 -1.7600 -1.7315 0.1747
-1.9800 -1.5400 -1.7249 0.1448
-1.9800 -1.3200 -1.7326 0.2306
-1.9800 -1.1000 -1.7180 0.1908
-1.9800 -0.8800 -1.7265 0.3338
-1.9800 -0.6600 -1.7334 0.2529
-1.9800 -0.4400 -1.7192 0.3516
-1.9800 -0.2200 -1.7180 0.1203
-1.9800 -0.0000 -1.7347 0.1508
-1.9800 0.2200 -1.7287 0.3621
-1.9800 0.4400 -1.7169 0.1463
-1.9800 0.6600 -1.7346 0.1460
-1.9800 0.8800 -1.7227 0.2540
-1.9800 1.1000 -1.7234 0.3520
-1.9800 1.3200 -1.7181 0.2055
-1.9800 1.5400 -1.7203 0.1908
-1.9800 1.7600 -1.7252 0.1915
-1.9800 1.9800 -1.7307 0.1988
-1.9800 2.2000 -1.7245 0.2436
-1.9800 2.4200 -1.7260 0.2863
-1.9800 2.6400 -1.7240 0.3045
-1.9800 2.8600 -1.7253 0.2524
-1.9800 3.0800 -1.7191 0.1286
-1.9800 3.3000 -1.7271 0.2776
-1.9800 3.5200 -1.7369 0.3230
-1.9800 3.7400 -1.7278 0.3035
-1.9800 3.9600 -1.7289 0.2745
-1.9800 4.1800 -1.7181 0.3170
-1.9800 4.4000 -1.7243 0.2714
-1.9800 4.6200 -1.7177 0.2646
-1.9800 4.8400 -1.7337 0.2811
-1.9800 5.0600 -1.7158 0.1900
-1.9800 5.2800 -1.7250 0.1203
-1.9800 5.5000 -1.7179 0.2168
-1.9800 5.7200 -1.7241 0.3054
-1.9800 5.9400 -1.7299 0.3277
-1.9800 6.1600 -1.7158 0.3379
-1.9800 6.3800 -1.7367 0.2380
-1.9800 6.6000 -1.7169 0.2026
-1.9800 6.8200 -1.7290 0.1955
-1.9800 7.0400 -1.7174 0.1324
-1.9800 7.2600 -1.7370 0.1687
-1.9800 7.4800 -1.7323 0.3194
-1.9800 7.7000 -1.7158 0.1956
-1.9800 7.9200 -1.7200 0.1375
-1.9800 8.1400 -1.7361 0.3241
-1.9800 8.3600 -1.7233 0.1706
-1.9800 8.5800 -1.7384 0.1636
-1.9800 8.8000 -1.7370 0.2470
-1.9800 9.0200 -1.7254 0.3189
-1.9800 9.2400 -1.7247 0.2041
-1.9800 9.4600 -1.7316 0.1225
-1.9800 9.6800 -1.7174 0.1423
-1.9800 9.9000 -1.7356 0.1936
-1.9800 10.1200 -1.7234 0.3456
-1.9800 10.3400 -1.7242 0.1705
-1.9800 10.5600 -1.7210 0.2000
-1.9800 10.7800 -1.7207 0.3092
-1.9800 11.0000 -1.7179 0.3445
-1.9800 11.2200 -1.7284 0.1598
-1.9800 11.4400 -1.7249 0.2154
-1.9800 11.6600 -1.7201 0.3427
-1.9800 11.8800 -1.7372 0.2699
-1.9800 12.1000 -1.7248 0.3167
-1.9800 12.3200 -1.7396 0.1248
-1.9800 12.5400 -1.7304 0.2640
-1.9800 12.7600 -1.7332 0.3349
-1.9800 12.9800 -1.7341 0.3588
-1.9800 13.2000 -1.7348 0.2726
-1.9800 13.4200 -1.7170 0.2699
-1.9800 13.6400 -1.7243 0.1702
-1.9800 13.8600 -1.7396 0.1968
-1.9800 14.0800 -1.7189 0.1962
-1.9800 14.3000 -1.7395 0.1993
-1.9800 14.5200 -1.7167 0.1241
-1.9800 14.7400 -1.7364 0.1272
-1.9800 14.9600 -1.7270 0.3609
-1.9800 15.1800 -1.7157 0.3466
-1.9800 15.4000 -1.7375 0.2751
-1.9800 15.6200 -1.7223 0.2726
-1.9800 15.8400 -1.7394 0.3274
-1.9800 16.0600 -1.7189 0.3226
-1.9800 16.2800 -1.7368 0.2123
-1.9800 16.5000 -1.7240 0.3347
-1.9800 16.7200 -1.7362 0.2708
-1.9800 16.9400 -1.7320 0.3224
-1.9800 17.1600 -1.7338 0.3646
-1.9800 17.3800 -1.7282 0.3464
-1.9800 17.6000 -1.7265 0.1325
-1.9800 17.8200 -1.7331 0.3564
-1.9800 18.0400 -1.7242 0.1872
-1.9800 18.2600 -1.7359 0.3376
-1.9800 18.4800 -1.7171 0.2972
-1.9800 18.7000 -1.7178 0.2524
-1.9800 18.9200 -1.7333 0.2649
-1.9800 19.1400 -1.7359 0.2330
-1.9800 19.3600 -1.7200 0.2674
-1.9800 19.5800 -1.7350 0.2437
-1.9800 19.8000 -1.7165 0.2237
-1.7600 -19.8000 -1.7234 0.3262
-1.7600 -19.5800 -1.7350 0.2060
-1.7600 -19.3600 -1.7320 0.2802
-1.7600 -19.1400 -1.7309 0.3122
-1.7600 -18.9200 -1.7157 0.1787
-1.7600 -18.7000 -1.7398 0.2512
-1.7600 -18.4800 -1.7333 0.2077
-1.7600 -18.2600 -1.7324 0.2110
-1.7600 -18.0400 -1.7188 0.3493
-1.7600 -17.8200 -1.7309 0.1306
-1.7600 -17.6000 -1.7221 0.2047
-1.7600 -17.3800 -1.7273 0.2227
-1.7600 -17.1600 -1.7190 0.3584
-1.7600 -16.9400 -1.7317 0.1654
-1.7600 -16.7200 -1.7157 0.1647
-1.7600 -16.5000 -1.7154 0.1847
-1.7600 -16.2800 -1.7265 0.2394
-1.7600 -16.0600 -1.7393 0.1278
-1.7600 -15.8400 -1.7208 0.2346
-1.7600 -15.6200 -1.7324 0.3375
-1.7600 -15.4000 -1.7314 0.2999
-1.7600 -15.1800 -1.7156 0.2836
-1.7600 -14.9600 -1.7305 0.2685
-1.7600 -14.7400 -1.7315 0.1818
-1.7600 -14.5200 -1.7187 0.1446
-1.7600 -14.3000 -1.7358 0.2490
-1.7600 -14.0800 -1.7235 0.3019
-1.7600 -13.8600 -1.7170 0.3333
-1.7600 -13.6400 -1.7156 0.2808
-1.7600 -13.4200 -1.7252 0.3556
-1.7600 -13.2000 -1.7366 0.3642
-1.7600 -12.9800 -1.7385 0.3400
-1.7600 -12.7600 -1.7339 0.2802
-1.7600 -12.5400 -1.7325 0.3002
-1.7600 -12.3200 -1.7201 0.3389
-1.7600 -12.1000 -1.7310 0.1661
-1.7600 -11.8800 -1.7311 0.2258
-1.7600 -11.6600 -1.7179 0.2429
-1.7600 -11.4400 -1.7273 0.1646
-1.7600 -11.2200 -1.7376 0.1594
-1.7600 -11.0000 -1.7263 0.2793
-1.7600 -10.7800 -1.7231 0.2659
-1.7600 -10.5600 -1.7216 0.2856
-1.7600 -10.3400 -1.7233 0.3193
-1.7600 -10.1200 -1.7256 0.3224
-1.7600 -9.9000 -1.7308 0.1614
-1.7600 -9.6800 -1.7316 0.2889
-1.7600 -9.4600 -1.7366 0.1886
-1.7600 -9.2400 -1.7222 0.2861
-1.7600 -9.0200 -1.7368 0.1619
-1.7600 -8.8000 -1.7198 0.2887
-1.7600 -8.5800 -1.7308 0.1844
-1.7600 -8.3600 -1.7205 0.2583
-1.7600 -8.1400 -1.7364 0.1220
-1.7600 -7.9200 -1.7172 0.3419
-1.7600 -7.7000 -1.7389 0.2299
-1.7600 -7.4800 -1.7347 0.2170
-1.7600 -7.2600 -1.7368 0.3182
-1.7600 -7.0400 -1.7330 0.1418
-1.7600 -6.8200 -1.7270 0.3214
-1.7600 -6.6000 -1.7153 0.1996
-1.7600 -6.3800 -1.7318 0.2533
-1.7600 -6.1600 -1.7261 0.2929
-1.7600 -5.9400 -1.7290 0.2577
-1.7600 -5.7200 -1.7229 0.1695
-1.7600 -5.5000 -1.7186 0.2576
-1.7600 -5.2800 -1.7202 0.3371
-1.7600 -5.0600 -1.7165 0.2867
-1.7600 -4.8400 -1.7336 0.2983
-1.7600 -4.6200 -1.7215 0.3389
-1.7600 -4.4000 -1.7150 0.2471
-1.7600 -4.1800 -1.7323 0.2271
-1.7600 -3.9600 -1.7363 0.2727
-1.7600 -3.7400 -1.7150 0.2516
-1.7600 -3.5200 -1.7202 0.3238
-1.7600 -3.3000 -1.7230 0.2212
-1.7600 -3.0800 -1.7265 0.2404
-1.7600 -2.8600 -1.7286 0.2159
-1.7600 -2.6400 -1.7382 0.1554
-1.7600 -2.4200 -1.7263 0.2784
-1.7600 -2.2000 -1.7305 0.3439
-1.7600 -1.9800 -1.7208 0.1629
-1.7600 -1.7600 -1.7393 0.2907
-1.7600 -1.5400 -1.7331 0.2726
-1.7600 -1.3200 -1.7349 0.2580
-1.7600 -1.1000 -1.7226 0.3654
-1.7600 -0.8800 -1.7207 0.2403
-1.7600 -0.6600 -1.7212 0.2489
-1.7600 -0.4400 -1.7253 0.3635
-1.7600 -0.2200 -1.7374 0.2423
-1.7600 -0.0000 -1.7175 0.2828
-1.7600 0.2200 -1.7397 0.3058
-1.7600 0.4400 -1.7331 0.3178
-1.7600 0.6600 -1.7353 0.1406
-1.7600 0.8800 -1.7397 0.1637
-1.7600 1.1000 -1.7222 0.2048
-1.7600 1.3200 -1.7372 0.2197
-1.7600 1.5400 -1.7350 0.2613
-1.7600 1.7600 -1.7314 0.1746
-1.7600 1.9800 -1.7307 0.3541
-1.7600 2.2000 -1.7254 0.2529
-1.7600 2.4200 -1.7339 0.3171
-1.7600 2.6400 -1.7303 0.1699
-1.7600 2.8600 -1.7237 0.1880
-1.7600 3.0800 -1.7387 0.1819
-1.7600 3.3000 -1.7301 0.1755
-1.7600 3.5200 -1.7354 0.1501
-1.7600 3.7400 -1.7165 0.2586
-1.7600 3.9600 -1.7351 0.3023
-1.7600 4.1800 -1.7183 0.1496
-1.7600 4.4000 -1.7163 0.1569
-1.7600 4.6200 -1.7330 0.1359
-1.7600 4.8400 -1.7313 0.1736
-1.7600 5.0600 -1.7194 0.1882
-1.7600 5.2800 -1.7326 0.2504
-1.7600 5.5000 -1.7262 0.2436
-1.7600 5.7200 -1.7303 0.3623
-1.7600 5.9400 -1.7318 0.2738
-1.7600 6.1600 -1.7315 0.3285
-1.7600 6.3800 -1.7385 0.2319
-1.7600 6.6000 -1.7161 0.3690
-1.7600 6.8200 -1.7340 0.2069
-1.7600 7.0400 -1.7154 0.1496
-1.7600 7.2600 -1.7329 0.1891
-1.7600 7.4800 -1.7399 0.1265
-1.7600 7.7000 -1.7393 0.1730
-1.7600 7.9200 -1.7234 0.3013
-1.7600 8.1400 -1.7183 0.3069
-1.7600 8.3600 -1.7214 0.1293
-1.7600 8.5800 -1.7274 0.2018
-1.7600 8.8000 -1.7280 0.1479
-1.7600 9.0200 -1.7291 0.3055
-1.7600 9.2400 -1.7206 0.1720
-1.7600 9.4600 -1.7234 0.2864
-1.7600 9.6800 -1.7294 0.2733
-1.7600 9.9000 -1.7241 0.3662
-1.7600 10.1200 -1.7396 0.2370
-1.7600 10.3400 -1.7173 0.2371
-1.7600 10.5600 -1.7291 0.1277
-1.7600 10.7800 -1.7382 0.3028
-1.7600 11.0000 -1.7398 0.1879
-1.7600 11.2200 -1.7295 0.3522
-1.7600 11.4400 -1.7254 0.2478
-1.7600 11.6600 -1.7215 0.2423
-1.7600 11.8800 -1.7280 0.2442
-1.7600 12.1000 -1.7209 0.2489
-1.7600 12.3200 -1.7345 0.1895
-1.7600 12.5400 -1.7262 0.2942
-1.7600 12.7600 -1.7341 0.2680
-1.7600 12.9800 -1.7189 0.3208
-1.7600 13.2000 -1.7319 0.1517
-1.7600 13.4200 -1.7218 0.2124
-1.7600 13.6400 -1.7163 0.3048
-1.7600 13.8600 -1.7368 0.1521
-1.7600 14.0800 -1.7210 0.2908
-1.7600 14.3000 -1.7328 0.1884
-1.7600 14.5200 -1.7252 0.1585
-1.7600 14.7400 -1.7187 0.3111
-1.7600 14.9600 -1.7281 0.3468
-1.7600 15.1800 -1.7322 0.3461
-1.7600 15.4000 -1.7300 0.1591
-1.7600 15.6200 -1.7381 0.1971
-1.7600 15.8400 -1.7222 0.2078
-1.7600 16.0600 -1.7358 0.1944
-1.7600 16.2800 -1.7151 0.2746
-1.7600 16.5000 -1.7289 0.1652
-1.7600 16.7200 -1.7194 0.3142
-1.7600 16.9400 -1.7206 0.1577
-1.7600 17.1600 -1.7394 0.1741
-1.7600 17.3800 -1.7256 0.3652
-1.7600 17.6000 -1.7317 0.2771
-1.7600 17.8200 -1.7161 0.3638
-1.7600 18.0400 -1.7289 0.1406
-1.7600 18.2600 -1.7286 0.2726
-1.7600 18.4800 -1.7185 0.2519
-1.7600 18.7000 -1.7348 0.1639
-1.7600 18.9200 -1.7187 0.3648
-1.7600 19.1400 -1.7215 0.2382
-1.7600 19.3600 -1.7225 0.2623
-1.7600 19.5800 -1.7373 0.3505
-1.7600 19.8000 -1.7154 0.2984
-1.5400 -19.8000 -1.7368 0.2011
-1.5400 -19.5800 -1.7246 0.1828
-1.5400 -19.3600 -1.7249 0.2337
-1.5400 -19.1400 -1.7152 0.2719
-1.5400 -18.9200 -1.7190 0.2329
-1.5400 -18.7000 -1.7219 0.2542
-1.5400 -18.4800 -1.7215 0.2589
-1.5400 -18.2600 -1.7293 0.2666
-1.5400 -18.0400 -1.7378 0.1654
-1.5400 -17.8200 -1.7375 0.3410
-1.5400 -17.6000 -1.7159 0.1651
-1.5400 -17.3800 -1.7260 0.1761
-1.5400 -17.1600 -1.7354 0.1758
-1.5400 -16.9400 -1.7336 0.1901
-1.5400 -16.7200 -1.7285 0.3506
-1.5400 -16.5000 -1.7390 0.3420
-1.5400 -16.2800 -1.7353 0.2507
-1.5400 -16.0600 -1.7158 0.2065
-1.5400 -15.8400 -1.7382 0.1526
-1.5400 -15.6200 -1.7233 0.3647
-1.5400 -15.4000 -1.7294 0.1400
-1.5400 -15.1800 -1.7386 0.3416
-1.5400 -14.9600 -1.7358 0.2264
-1.5400 -14.7400 -1.7286 0.2047
-1.5400 -14.5200 -1.7183 0.2474
-1.5400 -14.3000 -1.7367 0.3262
-1.5400 -14.0800 -1.7200 0.1964
-1.5400 -13.8600 -1.7390 0.2046
-1.5400 -13.6400 -1.7270 0.1739
-1.5400 -13.4200 -1.7278 0.2056
-1.5400 -13.2000 -1.7162 0.3063
-1.5400 -12.9800 -1.7293 0.2260
-1.5400 -12.7600 -1.7312 0.2241
-1.5400 -12.5400 -1.7223 0.1397
-1.5400 -12.3200 -1.7266 0.2025
-1.5400 -12.1000 -1.7222 0.3478
-1.5400 -11.8800 -1.7358 0.1889
-1.5400 -11.6600 -1.7327 0.3228
-1.5400 -11.4400 -1.7272 0.2635
-1.5400 -11.2200 -1.7201 0.3484
-1.5400 -11.0000 -1.7240 0.2935
-1.5400 -10.7800 -1.7206 0.3333
-1.5400 -10.5600 -1.7284 0.3545
-1.5400 -10.3400 -1.7185 0.2229
-1.5400 -10.1200 -1.7384 0.2201
-1.5400 -9.9000 -1.7206 0.2579
-1.5400 -9.6800 -1.7162 0.3233
-1.5400 -9.4600 -1.7257 0.2185
-1.5400 -9.2400 -1.7262 0.2012
-1.5400 -9.0200 -1.7255 0.3257
-1.5400 -8.8000 -1.7201 0.2550
-1.5400 -8.5800 -1.7329 0.3666
-1.5400 -8.3600 -1.7219 0.2234
-1.5400 -8.1400 -1.7252 0.3570
-1.5400 -7.9200 -1.7184 0.2957
-1.5400 -7.7000 -1.7386 0.2117
-1.5400 -7.4800 -1.7368 0.3410
-1.5400 -7.2600 -1.7359 0.2364
-1.5400 -7.0400 -1.7227 0.1818
-1.5400 -6.8200 -1.7254 0.2397
-1.5400 -6.6000 -1.7389 0.2362
-1.5400 -6.3800 -1.7239 0.2399
-1.5400 -6.1600 -1.7181 0.1650
-1.5400 -5.9400 -1.7247 0.1367
-1.5400 -5.7200 -1.7275 0.1765
-1.5400 -5.5000 -1.7269 0.1981
-1.5400 -5.2800 -1.7233 0.3140
-1.5400 -5.0600 -1.7328 0.1770
-1.5400 -4.8400 -1.7279 0.2766
-1.5400 -4.6200 -1.7181 0.3045
-1.5400 -4.4000 -1.7207 0.2924
-1.5400 -4.1800 -1.7244 0.1481
-1.5400 -3.9600 -1.7300 0.1267
-1.5400 -3.7400 -1.7372 0.1464
-1.5400 -3.5200 -1.7183 0.1685
-1.5400 -3.3000 -1.7237 0.2030
-1.5400 -3.0800 -1.7368 0.3649
-1.5400 -2.8600 -1.7225 0.3353
-1.5400 -2.6400 -1.7351 0.1531
-1.5400 -2.4200 -1.7369 0.3102
-1.5400 -2.2000 -1.7297 0.1502
-1.5400 -1.9800 -1.7321 0.3278
-1.5400 -1.7600 -1.7372 0.2447
-1.5400 -1.5400 -1.7258 0.1234
-1.5400 -1.3200 -1.7342 0.1203
-1.5400 -1.1000 -1.7158 0.3532
-1.5400 -0.8800 -1.7329 0.2477
-1.5400 -0.6600 -1.7358 0.1820
-1.5400 -0.4400 -1.7349 0.1983
-1.5400 -0.2200 -1.7279 0.3192
-1.5400 -0.0000 -1.7167 0.1486
-1.5400 0.2200 -1.7287 0.3009
-1.5400 0.4400 -1.7155 0.3542
-1.5400 0.6600 -1.7170 0.2467
-1.5400 0.8800 -1.7293 0.1998
-1.5400 1.1000 -1.7231 0.2841
-1.5400 1.3200 -1.7319 0.3273
-1.5400 1.5400 -1.7258 0.2592
-1.5400 1.7600 -1.7251 0.2982
-1.5400 1.9800 -1.7162 0.2051
-1.5400 2.2000 -1.7332 0.2355
-1.5400 2.4200 -1.7169 0.1293
-1.5400 2.6400 -1.7164 0.1908
-1.5400 2.8600 -1.7195 0.3430
-1.5400 3.0800 -1.7225 0.3178
-1.5400 3.3000 -1.7197 0.3055
-1.5400 3.5200 -1.7351 0.1594
-1.5400 3.7400 -1.7276 0.3382
-1.5400 3.9600 -1.7324 0.2949
-1.5400 4.1800 -1.7349 0.1857
-1.5400 4.4000 -1.7286 0.2131
-1.5400 4.6200 -1.7223 0.2798
-1.5400 4.8400 -1.7215 0.1823
-1.5400 5.0600 -1.7323 0.3181
-1.5400 5.2800 -1.7343 0.2026
-1.5400 5.5000 -1.7297 0.2330
-1.5400 5.7200 -1.7186 0.2601
-1.5400 5.9400 -1.7383 0.2403
-1.5400 6.1600 -1.7332 0.3564
-1.5400 6.3800 -1.7366 0.3573
-1.5400 6.6000 -1.7298 0.2989
-1.5400 6.8200 -1.7273 0.1717
-1.5400 7.0400 -1.7339 0.3408
-1.5400 7.2600 -1.7279 0.3109
-1.5400 7.4800 -1.7318 0.3557
-1.5400 7.7000 -1.7354 0.2599
-1.5400 7.9200 -1.7167 0.2131
-1.5400 8.1400 -1.7348 0.2720
-1.5400 8.3600 -1.7188 0.2461
-1.5400 8.5800 -1.7277 0.2571
-1.5400 8.8000 -1.7290 0.2239
-1.5400 9.0200 -1.7219 0.2937
-1.5400 9.2400 -1.7218 0.2353
-1.5400 9.4600 -1.7264 0.2042
-1.5400 9.6800 -1.7182 0.3024
-1.5400 9.9000 -1.7364 0.3262
-1.5400 10.1200 -1.7319 0.2580
-1.5400 10.3400 -1.7329 0.1327
-1.5400 10.5600 -1.7216 0.2346
-1.5400 10.7800 -1.7244 0.1979
-1.5400 11.0000 -1.7203 0.1971
-1.5400 11.2200 -1.7285 0.3535
-1.5400 11.4400 -1.7220 0.3428
-1.5400 11.6600 -1.7283 0.1326
-1.5400 11.8800 -1.7216 0.3206
-1.5400 12.1000 -1.7227 0.2564
-1.5400 12.3200 -1.7375 0.2014
-1.5400 12.5400 -1.7374 0.2322
-1.5400 12.7600 -1.7399 0.3186
-1.5400 12.9800 -1.7174 0.2430
-1.5400 13.2000 -1.7173 0.3587
-1.5400 13.4200 -1.7354 0.1245
-1.5400 13.6400 -1.7177 0.3284
-1.5400 13.8600 -1.7271 0.3206
-1.5400 14.0800 -1.7262 0.2627
-1.5400 14.3000 -1.7317 0.3605
-1.5400 14.5200 -1.7321 0.2050
-1.5400 14.7400 -1.7340 0.1284
-1.5400 14.9600 -1.7297 0.1355
-1.5400 15.1800 -1.7251 0.2570
-1.5400 15.4000 -1.7219 0.3536
-1.5400 15.6200 -1.7297 0.2310
-1.5400 15.8400 -1.7244 0.3129
-1.5400 16.0600 -1.7243 0.3539
-1.5400 16.2800 -1.7204 0.1297
-1.5400 16.5000 -1.7151 0.3460
-1.5400 16.7200 -1.7272 0.2191
-1.5400 16.9400 -1.7346 0.2277
-1.5400 17.1600 -1.7333 0.3479
-1.5400 17.3800 -1.7316 0.2050
-1.5400 17.6000 -1.7164 0.3484
-1.5400 17.8200 -1.7190 0.1369
-1.5400 18.0400 -1.7197 0.2552
-1.5400 18.2600 -1.7226 0.3534
-1.5400 18.4800 -1.7243 0.2942
-1.5400 18.7000 -1.7179 0.2564
-1.5400 18.9200 -1.7201 0.1435
-1.5400 19.1400 -1.7374 0.2902
-1.5400 19.3600 -1.7210 0.2301
-1.5400 19.5800 -1.7383 0.2071
-1.5400 19.8000 -1.7174 0.3549
-1.3200 -19.8000 -1.7187 0.2129
-1.3200 -19.5800 -1.7173 0.2698
-1.3200 -19.3600 -1.7322 0.2345
-1.3200 -19.1400 -1.7307 0.1571
-1.3200 -18.9200 -1.7160 0.1801
-1.3200 -18.7000 -1.7265 0.2847
-1.3200 -18.4800 -1.7194 0.2371
-1.3200 -18.2600 -1.7385 0.1475
-1.3200 -18.0400 -1.7388 0.1266
-1.3200 -17.8200 -1.7341 0.1262
-1.3200 -17.6000 -1.7231 0.1378
-1.3200 -17.3800 -1.7228 0.2319
-1.3200 -17.1600 -1.7237 0.1756
-1.3200 -16.9400 -1.7267 0.2747
-1.3200 -16.7200 -1.7374 0.2612
-1.3200 -16.5000 -1.7359 0.3342
-1.3200 -16.2800 -1.7380 0.2519
-1.3200 -16.0600 -1.7388 0.2808
-1.3200 -15.8400 -1.7351 0.1552
-1.3200 -15.6200 -1.7152 0.3096
-1.3200 -15.4000 -1.7198 0.2469
-1.3200 -15.1800 -1.7362 0.3477
-1.3200 -14.9600 -1.7292 0.1833
-1.3200 -14.7400 -1.7205 0.2991
-1.3200 -14.5200 -1.7289 0.3632
-1.3200 -14.3000 -1.7310 0.3399
-1.3200 -14.0800 -1.7174 0.2457
-1.3200 -13.8600 -1.7282 0.1792
-1.3200 -13.6400 -1.7222 0.2138
-1.3200 -13.4200 -1.7237 0.2164
-1.3200 -13.2000 -1.7400 0.1970
-1.3200 -12.9800 -1.7321 0.1295
-1.3200 -12.7600 -1.7179 0.3354
-1.3200 -12.5400 -1.7366 0.3548
-1.3200 -12.3200 -1.7221 0.2117
-1.3200 -12.1000 -1.7309 0.3661
-1.3200 -11.8800 -1.7275 0.1875
-1.3200 -11.6600 -1.7182 0.1542
-1.3200 -11.4400 -1.7297 0.1745
-1.3200 -11.2200 -1.7157 0.3166
-1.3200 -11.0000 -1.7285 0.1582
-1.3200 -10.7800 -1.7376 0.3573
-1.3200 -10.5600 -1.7207 0.2868
-1.3200 -10.3400 -1.7351 0.3427
-1.3200 -10.1200 -1.7348 0.1363
-1.3200 -9.9000 -1.7222 0.3572
-1.3200 -9.6800 -1.7340 0.1774
-1.3200 -9.4600 -1.7226 0.2861
-1.3200 -9.2400 -1.7192 0.2584
-1.3200 -9.0200 -1.7329 0.3487
-1.3200 -8.8000 -1.7370 0.1369
-1.3200 -8.5800 -1.7188 0.3066
-1.3200 -8.3600 -1.7234 0.1394
-1.3200 -8.1400 -1.7364 0.1903
-1.3200 -7.9200 -1.7292 0.2978
-1.3200 -7.7000 -1.7259 0.3269
-1.3200 -7.4800 -1.7266 0.2905
-1.3200 -7.2600 -1.7320 0.3303
-1.3200 -7.0400 -1.7277 0.2559
-1.3200 -6.8200 -1.7369 0.3685
-1.3200 -6.6000 -1.7191 0.2964
-1.3200 -6.3800 -1.7222 0.2457
-1.3200 -6.1600 -1.7188 0.1327
-1.3200 -5.9400 -1.7205 0.3480
-1.3200 -5.7200 -1.7334 0.3344
-1.3200 -5.5000 -1.7284 0.1486
-1.3200 -5.2800 -1.7154 0.2607
-1.3200 -5.0600 -1.7203 0.2108
-1.3200 -4.8400 -1.7310 0.3498
-1.3200 -4.6200 -1.7347 0.1569
-1.3200 -4.4000 -1.7210 0.3565
-1.3200 -4.1800 -1.7259 0.1412
-1.3200 -3.9600 -1.7243 0.1543
-1.3200 -3.7400 -1.7198 0.1874
-1.3200 -3.5200 -1.7162 0.2416
-1.3200 -3.3000 -1.7194 0.1510
-1.3200 -3.0800 -1.7303 0.1853
-1.3200 -2.8600 -1.7385 0.2863
-1.3200 -2.6400 -1.7281 0.2253
-1.3200 -2.4200 -1.7180 0.1377
-1.3200 -2.2000 -1.7362 0.2110
-1.3200 -1.9800 -1.7356 0.3602
-1.3200 -1.7600 -1.7387 0.2413
-1.3200 -1.5400 -1.7351 0.3065
-1.3200 -1.3200 -1.7331 0.1897
-1.3200 -1.1000 -1.7352 0.3223
-1.3200 -0.8800 -1.7330 0.3177
-1.3200 -0.6600 -1.7358 0.2476
-1.3200 -0.4400 -1.7379 0.2021
-1.3200 -0.2200 -1.7379 0.3294
-1.3200 -0.0000 -1.7205 0.3343
-1.3200 0.2200 -1.7240 0.2428
-1.3200 0.4400 -1.7263 0.2930
-1.3200 0.6600 -1.7365 0.3395
-1.3200 0.8800 -1.7224 0.3598
-1.3200 1.1000 -1.7399 0.3523
-1.3200 1.3200 -1.7171 0.3335
-1.3200 1.5400 -1.7338 0.2805
-1.3200 1.7600 -1.7269 0.3414
-1.3200 1.9800 -1.7276 0.3545
-1.3200 2.2000 -1.7272 0.3164
-1.3200 2.4200 -1.7290 0.3215
-1.3200 2.6400 -1.7201 0.2914
-1.3200 2.8600 -1.7262 0.2748
-1.3200 3.0800 -1.7300 0.2711
-1.3200 3.3000 -1.7216 0.2347
-1.3200 3.5200 -1.7391 0.3601
-1.3200 3.7400 -1.7269 0.2416
-1.3200 3.9600 -1.7267 0.2223
-1.3200 4.1800 -1.7305 0.2748
-1.3200 4.4000 -1.7334 0.2615
-1.3200 4.6200 -1.7341 0.3542
-1.3200 4.8400 -1.7264 0.3338
-1.3200 5.0600 -1.7318 0.3527
-1.3200 5.2800 -1.7167 0.2473
-1.3200 5.5000 -1.7364 0.1705
-1.3200 5.7200 -1.7369 0.1363
-1.3200 5.9400 -1.7234 0.1498
-1.3200 6.1600 -1.7354 0.1653
-1.3200 6.3800 -1.7365 0.2569
-1.3200 6.6000 -1.7179 0.3545
-1.3200 6.8200 -1.7156 0.2678
-1.3200 7.0400 -1.7277 0.2416
-1.3200 7.2600 -1.7234 0.3693
-1.3200 7.4800 -1.7254 0.3398
-1.3200 7.7000 -1.7348 0.3236
-1.3200 7.9200 -1.7281 0.3681
-1.3200 8.1400 -1.7303 0.2675
-1.3200 8.3600 -1.7300 0.2528
-1.3200 8.5800 -1.7385 0.2365
-1.3200 8.8000 -1.7286 0.1645
-1.3200 9.0200 -1.7169 0.3241
-1.3200 9.2400 -1.7292 0.3362
-1.3200 9.4600 -1.7183 0.3287
-1.3200 9.6800 -1.7364 0.2016
-1.3200 9.9000 -1.7245 0.2158
-1.3200 10.1200 -1.7258 0.2681
-1.3200 10.3400 -1.7340 0.1880
-1.3200 10.5600 -1.7186 0.2059
-1.3200 10.7800 -1.7277 0.3557
-1.3200 11.0000 -1.7166 0.2156
-1.3200 11.2200 -1.7184 0.3475
-1.3200 11.4400 -1.7204 0.2934
-1.3200 11.6600 -1.7255 0.1529
-1.3200 11.8800 -1.7328 0.3385
-1.3200 12.1000 -1.7379 0.3198
-1.3200 12.3200 -1.7236 0.2532
-1.3200 12.5400 -1.7386 0.2579
-1.3200 12.7600 -1.7173 0.2166
-1.3200 12.9800 -1.7330 0.1616
-1.3200 13.2000 -1.7397 0.1299
-1.3200 13.4200 -1.7174 0.3603
-1.3200 13.6400 -1.7232 0.1814
-1.3200 13.8600 -1.7195 0.3609
-1.3200 14.0800 -1.7220 0.3146
-1.3200 14.3000 -1.7331 0.1486
-1.3200 14.5200 -1.7297 0.1698
-1.3200 14.7400 -1.7165 0.3354
-1.3200 14.9600 -1.7264 0.2198
-1.3200 15.1800 -1.7229 0.3632
-1.3200 15.4000 -1.7274 0.2388
-1.3200 15.6200 -1.7245 0.3006
-1.3200 15.8400 -1.7386 0.1383
-1.3200 16.0600 -1.7343 0.3282
-1.3200 16.2800 -1.7329 0.3429
-1.3200 16.5000 -1.7232 0.2633
-1.3200 16.7200 -1.7355 0.2804
-1.3200 16.9400 -1.7366 0.3237
-1.3200 17.1600 -1.7300 0.1278
-1.3200 17.3800 -1.7338 0.2847
-1.3200 17.6000 -1.7272 0.2430
-1.3200 17.8200 -1.7202 0.2091
-1.3200 18.0400 -1.7319 0.1483
-1.3200 18.2600 -1.7305 0.2306
-1.3200 18.4800 -1.7273 0.1584
-1.3200 18.7000 -1.7227 0.1299
-1.3200 18.9200 -1.7162 0.1385
-1.3200 19.1400 -1.7400 0.3124
-1.3200 19.3600 -1.7347 0.1625
-1.3200 19.5800 -1.7290 0.3536
-1.3200 19.8000 -1.7269 0.1475
-1.1000 -19.8000 -1.7153 0.2119
-1.1000 -19.5800 -1.7346 0.1216
-1.1000 -19.3600 -1.7319 0.2904
-1.1000 -19.1400 -1.7179 0.2959
-1.1000 -18.9200 -1.7151 0.2516
-1.1000 -18.7000 -1.7271 0.3110
-1.1000 -18.4800 -1.7301 0.3599
-1.1000 -18.2600 -1.7239 0.2015
-1.1000 -18.0400 -1.7159 0.2280
-1.1000 -17.8200 -1.7383 0.2034
-1.1000 -17.6000 -1.7388 0.2679
-1.1000 -17.3800 -1.7352 0.3587
-1.1000 -17.1600 -1.7324 0.1711
-1.1000 -16.9400 -1.7195 0.3143
-1.1000 -16.7200 -1.7189 0.1723
-1.1000 -16.5000 -1.7210 0.2180
-1.1000 -16.2800 -1.7350 0.2778
-1.1000 -16.0600 -1.7306 0.2525
-1.1000 -15.8400 -1.7346 0.2857
-1.1000 -15.6200 -1.7182 0.2491
-1.1000 -15.4000 -1.7320 0.3440
-1.1000 -15.1800 -1.7261 0.1225
-1.1000 -14.9600 -1.7205 0.2101
-1.1000 -14.7400 -1.7239 0.2327
-1.1000 -14.5200 -1.7238 0.2563
-1.1000 -14.3000 -1.7269 0.3066
-1.1000 -14.0800 -1.7312 0.1800
-1.1000 -13.8600 -1.7178 0.3584
-1.1000 -13.6400 -1.7343 0.2731
-1.1000 -13.4200 -1.7285 0.3009
-1.1000 -13.2000 -1.7279 0.3400
-1.1000 -12.9800 -1.7294 0.3682
-1.1000 -12.7600 -1.7363 0.1923
-1.1000 -12.5400 -1.7301 0.2409
-1.1000 -12.3200 -1.7311 0.1699
-1.1000 -12.1000 -1.7364 0.2073
-1.1000 -11.8800 -1.7159 0.1228
-1.1000 -11.6600 -1.7248 0.2935
-1.1000 -11.4400 -1.7326 0.3694
-1.1000 -11.2200 -1.7388 0.2502
-1.1000 -11.0000 -1.7342 0.2478
-1.1000 -10.7800 -1.7308 0.3407
-1.1000 -10.5600 -1.7315 0.3011
-1.1000 -10.3400 -1.7205 0.2909
-1.1000 -10.1200 -1.7250 0.2615
-1.1000 -9.9000 -1.7358 0.2127
-1.1000 -9.6800 -1.7265 0.3099
-1.1000 -9.4600 -1.7251 0.2115
-1.1000 -9.2400 -1.7275 0.2773
-1.1000 -9.0200 -1.7238 0.3626
-1.1000 -8.8000 -1.7320 0.3288
-1.1000 -8.5800 -1.7170 0.3436
-1.1000 -8.3600 -1.7264 0.3183
-1.1000 -8.1400 -1.7184 0.2308
-1.1000 -7.9200 -1.7372 0.1425
-1.1000 -7.7000 -1.7352 0.1606
-1.1000 -7.4800 -1.7293 0.2698
-1.1000 -7.2600 -1.7397 0.2481
-1.1000 -7.0400 -1.7323 0.3453
-1.1000 -6.8200 -1.7211 0.3638
-1.1000 -6.6000 -1.7266 0.2402
-1.1000 -6.3800 -1.7274 0.2377
-1.1000 -6.1600 -1.7355 0.1581
-1.1000 -5.9400 -1.7233 0.3125
-1.1000 -5.7200 -1.7169 0.3634
-1.1000 -5.5000 -1.7268 0.1352
-1.1000 -5.2800 -1.7236 0.2027
-1.1000 -5.0600 -1.7157 0.3035
-1.1000 -4.8400 -1.7285 0.2982
-1.1000 -4.6200 -1.7160 0.3204
-1.1000 -4.4000 -1.7274 0.2931
-1.1000 -4.1800 -1.7257 0.1292
-1.1000 -3.9600 -1.7229 0.2794
-1.1000 -3.7400 -1.7394 0.2310
-1.1000 -3.5200 -1.7284 0.3065
-1.1000 -3.3000 -1.7322 0.3589
-1.1000 -3.0800 -1.7225 0.1421
-1.1000 -2.8600 -1.7321 0.3438
-1.1000 -2.6400 -1.7282 0.3444
-1.1000 -2.4200 -1.7222 0.3498
-1.1000 -2.2000 -1.7153 0.1466
-1.1000 -1.9800 -1.7188 0.1538
-1.1000 -1.7600 -1.7291 0.2266
-1.1000 -1.5400 -1.7303 0.1411
-1.1000 -1.3200 -1.7213 0.2669
-1.1000 -1.1000 -1.7357 0.2749
-1.1000 -0.8800 -1.7216 0.2714
-1.1000 -0.6600 -1.7243 0.1640
-1.1000 -0.4400 -1.7254 0.2027
-1.1000 -0.2200 -1.7278 0.2393
-1.1000 -0.0000 -1.7173 0.2713
-1.1000 0.2200 -1.7156 0.2154
-1.1000 0.4400 -1.7307 0.2240
-1.1000 0.6600 -1.7171 0.1940
-1.1000 0.8800 -1.7302 0.1616
-1.1000 1.1000 -1.7302 0.2358
-1.1000 1.3200 -1.7248 0.2596
-1.1000 1.5400 -1.7151 0.3446
-1.1000 1.7600 -1.7254 0.1475
-1.1000 1.9800 -1.7256 0.1761
-1.1000 2.2000 -1.7211 0.3494
-1.1000 2.4200 -1.7363 0.1747
-1.1000 2.6400 -1.7358 0.3274
-1.1000 2.8600 -1.7273 0.2002
-1.1000 3.0800 -1.7387 0.1455
-1.1000 3.3000 -1.7245 0.3510
-1.1000 3.5200 -1.7319 0.2353
-1.1000 3.7400 -1.7256 0.1362
-1.1000 3.9600 -1.7208 0.2539
-1.1000 4.1800 -1.7233 0.3169
-1.1000 4.4000 -1.7168 0.3200
-1.1000 4.6200 -1.7301 0.3484
-1.1000 4.8400 -1.7396 0.3285
-1.1000 5.0600 -1.7203 0.1406
-1.1000 5.2800 -1.7259 0.3227
-1.1000 5.5000 -1.7312 0.2501
-1.1000 5.7200 -1.7207 0.1974
-1.1000 5.9400 -1.7352 0.1802
-1.1000 6.1600 -1.7289 0.1913
-1.1000 6.3800 -1.7255 0.2337
-1.1000 6.6000 -1.7238 0.1520
-1.1000 6.8200 -1.7281 0.3061
-1.1000 7.0400 -1.7336 0.2812
-1.1000 7.2600 -1.7319 0.3046
-1.1000 7.4800 -1.7358 0.2862
-1.1000 7.7000 -1.7309 0.1575
-1.1000 7.9200 -1.7346 0.3651
-1.1000 8.1400 -1.7208 0.1364
-1.1000 8.3600 -1.7237 0.2024
-1.1000 8.5800 -1.7275 0.2596
-1.1000 8.8000 -1.7166 0.1809
-1.1000 9.0200 -1.7212 0.3423
-1.1000 9.2400 -1.7192 0.1465
-1.1000 9.4600 -1.7259 0.3099
-1.1000 9.6800 -1.7185 0.2783
-1.1000 9.9000 -1.7246 0.3271
-1.1000 10.1200 -1.7262 0.1797
-1.1000 10.3400 -1.7214 0.2319
-1.1000 10.5600 -1.7356 0.2713
-1.1000 10.7800 -1.7335 0.1991
-1.1000 11.0000 -1.7210 0.2845
-1.1000 11.2200 -1.7372 0.1966
-1.1000 11.4400 -1.7355 0.3179
-1.1000 11.6600 -1.7398 0.3398
-1.1000 11.8800 -1.7203 0.1980
-1.1000 12.1000 -1.7236 0.1648
-1.1000 12.3200 -1.7217 0.2243
-1.1000 12.5400 -1.7343 0.2142
-1.1000 12.7600 -1.7219 0.2294
-1.1000 12.9800 -1.7269 0.3392
-1.1000 13.2000 -1.7261 0.1475
-1.1000 13.4200 -1.7350 0.2418
-1.1000 13.6400 -1.7336 0.2752
-1.1000 13.8600 -1.7182 0.3564
-1.1000 14.0800 -1.7263 0.1886
-1.1000 14.3000 -1.7152 0.2887
-1.1000 14.5200 -1.7205 0.1953
-1.1000 14.7400 -1.7353 0.2971
-1.1000 14.9600 -1.7194 0.2655
-1.1000 15.1800 -1.7343 0.1414
-1.1000 15.4000 -1.7355 0.3467
-1.1000 15.6200 -1.7170 0.1487
-1.1000 15.8400 -1.7274 0.2101
-1.1000 16.0600 -1.7180 0.1655
-1.1000 16.2800 -1.7281 0.3672
-1.1000 16.5000 -1.7353 0.1753
-1.1000 16.7200 -1.7309 0.1876
-1.1000 16.9400 -1.7392 0.2001
-1.1000 17.1600 -1.7287 0.2321
-1.1000 17.3800 -1.7169 0.3609
-1.1000 17.6000 -1.7380 0.1245
-1.1000 17.8200 -1.7296 0.3542
-1.1000 18.0400 -1.7215 0.2769
-1.1000 18.2600 -1.7372 0.2810
-1.1000 18.4800 -1.7254 0.1256
-1.1000 18.7000 -1.7299 0.1213
-1.1000 18.9200 -1.7276 0.2471
-1.1000 19.1400 -1.7274 0.1282
-1.1000 19.3600 -1.7190 0.3516
-1.1000 19.5800 -1.7207 0.2113
-1.1000 19.8000 -1.7273 0.2653
-0.8800 -19.8000 -1.7169 0.2436
-0.8800 -19.5800 -1.7277 0.2516
-0.8800 -19.3600 -1.7379 0.1707
-0.8800 -19.1400 -1.7210 0.2372
-0.8800 -18.9200 -1.7300 0.2749
-0.8800 -18.7000 -1.7368 0.1543
-0.8800 -18.4800 -1.7323 0.3379
-0.8800 -18.2600 -1.7300 0.1692
-0.8800 -18.0400 -1.7253 0.3275
-0.8800 -17.8200 -1.7290 0.1248
-0.8800 -17.6000 -1.7276 0.3427
-0.8800 -17.3800 -1.7176 0.2837
-0.8800 -17.1600 -1.7175 0.1561
-0.8800 -16.9400 -1.7174 0.2661
-0.8800 -16.7200 -1.7338 0.2983
-0.8800 -16.5000 -1.7151 0.1250
-0.8800 -16.2800 -1.7169 0.1538
-0.8800 -16.0600 -1.7184 0.1662
-0.8800 -15.8400 -1.7302 0.2174
-0.8800 -15.6200 -1.7281 0.3611
-0.8800 -15.4000 -1.7387 0.3448
-0.8800 -15.1800 -1.7279 0.3463
-0.8800 -14.9600 -1.7173 0.2753
-0.8800 -14.7400 -1.7165 0.2550
-0.8800 -14.5200 -1.7165 0.2924
-0.8800 -14.3000 -1.7216 0.3421
-0.8800 -14.0800 -1.7309 0.1833
-0.8800 -13.8600 -1.7241 0.1544
-0.8800 -13.6400 -1.7324 0.2460
-0.8800 -13.4200 -1.7347 0.2508
-0.8800 -13.2000 -1.7368 0.2631
-0.8800 -12.9800 -1.7368 0.2314
-0.8800 -12.7600 -1.7344 0.2340
-0.8800 -12.5400 -1.7276 0.1332
-0.8800 -12.3200 -1.7333 0.3059
-0.8800 -12.1000 -1.7344 0.3455
-0.8800 -11.8800 -1.7306 0.1819
-0.8800 -11.6600 -1.7281 0.2968
-0.8800 -11.4400 -1.7273 0.3656
-0.8800 -11.2200 -1.7207 0.1719
-0.8800 -11.0000 -1.7152 0.3197
-0.8800 -10.7800 -1.7266 0.2343
-0.8800 -10.5600 -1.7208 0.1962
-0.8800 -10.3400 -1.7187 0.3416
-0.8800 -10.1200 -1.7251 0.3341
-0.8800 -9.9000 -1.7374 0.2679
-0.8800 -9.6800 -1.7228 0.3539
-0.8800 -9.4600 -1.7395 0.2024
-0.8800 -9.2400 -1.7333 0.2304
-0.8800 -9.0200 -1.7268 0.1480
-0.8800 -8.8000 -1.7170 0.3279
-0.8800 -8.5800 -1.7243 0.3460
-0.8800 -8.3600 -1.7204 0.2412
-0.8800 -8.1400 -1.7315 0.2366
-0.8800 -7.9200 -1.7321 0.3495
-0.8800 -7.7000 -1.7250 0.2655
-0.8800 -7.4800 -1.7399 0.1451
-0.8800 -7.2600 -1.7207 0.1718
-0.8800 -7.0400 -1.7282 0.1245
-0.8800 -6.8200 -1.7371 0.2270
-0.8800 -6.6000 -1.7180 0.2211
-0.8800 -6.3800 -1.7295 0.3062
-0.8800 -6.1600 -1.7213 0.2914
-0.8800 -5.9400 -1.7291 0.3699
-0.8800 -5.7200 -1.7292 0.2782
-0.8800 -5.5000 -1.7237 0.3556
-0.8800 -5.2800 -1.7380 0.2274
-0.8800 -5.0600 -1.7334 0.2373
-0.8800 -4.8400 -1.7318 0.3236
-0.8800 -4.6200 -1.7247 0.3417
-0.8800 -4.4000 -1.7186 0.3549
-0.8800 -4.1800 -1.7338 0.2533
-0.8800 -3.9600 -1.7245 0.2620
-0.8800 -3.7400 -1.7244 0.2882
-0.8800 -3.5200 -1.7156 0.3459
-0.8800 -3.3000 -1.7234 0.2374
-0.8800 -3.0800 -1.7387 0.3219
-0.8800 -2.8600 -1.7289 0.2582
-0.8800 -2.6400 -1.7370 0.3099
-0.8800 -2.4200 -1.7325 0.1527
-0.8800 -2.2000 -1.7187 0.2963
-0.8800 -1.9800 -1.7332 0.2008
-0.8800 -1.7600 -1.7247 0.1743
-0.8800 -1.5400 -1.7316 0.1864
-0.8800 -1.3200 -1.7183 0.1249
-0.8800 -1.1000 -1.7394 0.2982
-0.8800 -0.8800 -1.7158 0.2699
-0.8800 -0.6600 -1.7253 0.2466
-0.8800 -0.4400 -1.7267 0.1495
-0.8800 -0.2200 -1.7172 0.1416
-0.8800 -0.0000 -1.7199 0.1331
-0.8800 0.2200 -1.7291 0.1999
-0.8800 0.4400 -1.7284 0.3524
-0.8800 0.6600 -1.7223 0.3580
-0.8800 0.8800 -1.7363 0.2592
-0.8800 1.1000 -1.7281 0.2510
-0.8800 1.3200 -1.7257 0.1777
-0.8800 1.5400 -1.7279 0.3513
-0.8800 1.7600 -1.7162 0.3240
-0.8800 1.9800 -1.7155 0.1392
-0.8800 2.2000 -1.7310 0.1455
-0.8800 2.4200 -1.7234 0.1614
-0.8800 2.6400 -1.7371 0.2078
-0.8800 2.8600 -1.7179 0.1450
-0.8800 3.0800 -1.7317 0.1666
-0.8800 3.3000 -1.7393 0.3214
-0.8800 3.5200 -1.7287 0.3392
-0.8800 3.7400 -1.7387 0.1206
-0.8800 3.9600 -1.7253 0.3445
-0.8800 4.1800 -1.7284 0.3351
-0.8800 4.4000 -1.7348 0.1432
-0.8800 4.6200 -1.7363 0.2084
-0.8800 4.8400 -1.7258 0.2650
-0.8800 5.0600 -1.7180 0.3600
-0.8800 5.2800 -1.7313 0.2764
-0.8800 5.5000 -1.7226 0.3177
-0.8800 5.7200 -1.7282 0.3319
-0.8800 5.9400 -1.7337 0.1282
-0.8800 6.1600 -1.7348 0.3183
-0.8800 6.3800 -1.7191 0.1778
-0.8800 6.6000 -1.7162 0.2547
-0.8800 6.8200 -1.7190 0.3136
-0.8800 7.0400 -1.7398 0.2649
-0.8800 7.2600 -1.7347 0.2438
-0.8800 7.4800 -1.7273 0.2131
-0.8800 7.7000 -1.7245 0.3370
-0.8800 7.9200 -1.7341 0.3288
-0.8800 8.1400 -1.7238 0.2237
-0.8800 8.3600 -1.7182 0.2237
-0.8800 8.5800 -1.7184 0.3611
-0.8800 8.8000 -1.7158 0.2477
-0.8800 9.0200 -1.7273 0.1942
-0.8800 9.2400 -1.7285 0.1264
-0.8800 9.4600 -1.7308 0.2459
-0.8800 9.6800 -1.7347 0.2295
-0.8800 9.9000 -1.7318 0.3115
-0.8800 10.1200 -1.7348 0.3331
-0.8800 10.3400 -1.7185 0.1284
-0.8800 10.5600 -1.7380 0.2512
-0.8800 10.7800 -1.7383 0.3008
-0.8800 11.0000 -1.7165 0.3468
-0.8800 11.2200 -1.7240 0.1972
-0.8800 11.4400 -1.7174 0.1984
-0.8800 11.6600 -1.7292 0.1641
-0.8800 11.8800 -1.7377 0.2590
-0.8800 12.1000 -1.7389 0.1331
-0.8800 12.3200 -1.7245 0.2042
-0.8800 12.5400 -1.7337 0.3425
-0.8800 12.7600 -1.7190 0.2057
-0.8800 12.9800 -1.7163 0.2350
-0.8800 13.2000 -1.7243 0.3020
-0.8800 13.4200 -1.7350 0.3157
-0.8800 13.6400 -1.7252 0.3577
-0.8800 13.8600 -1.7291 0.3540
-0.8800 14.0800 -1.7187 0.1204
-0.8800 14.3000 -1.7390 0.2285
-0.8800 14.5200 -1.7349 0.1420
-0.8800 14.7400 -1.7385 0.2671
-0.8800 14.9600 -1.7163 0.2432
-0.8800 15.1800 -1.7269 0.2714
-0.8800 15.4000 -1.7385 0.3212
-0.8800 15.6200 -1.7352 0.2869
-0.8800 15.8400 -1.7304 0.2461
-0.8800 16.0600 -1.7151 0.2575
-0.8800 16.2800 -1.7345 0.2006
-0.8800 16.5000 -1.7191 0.2645
-0.8800 16.7200 -1.7352 0.2383
-0.8800 16.9400 -1.7285 0.3168
-0.8800 17.1600 -1.7302 0.2408
-0.8800 17.3800 -1.7366 0.1967
-0.8800 17.6000 -1.7329 0.2618
-0.8800 17.8200 -1.7163 0.2151
-0.8800 18.0400 -1.7368 0.1288
-0.8800 18.2600 -1.7208 0.3337
-0.8800 18.4800 -1.7263 0.2184
-0.8800 18.7000 -1.7358 0.3294
-0.8800 18.9200 -1.7213 0.2108
-0.8800 19.1400 -1.7222 0.2599
-0.8800 19.3600 -1.7194 0.2399
-0.8800 19.5800 -1.7320 0.1201
-0.8800 19.8000 -1.7331 0.1302
-0.6600 -19.8000 -1.7316 0.1804
-0.6600 -19.5800 -1.7200 0.2146
-0.6600 -19.3600 -1.7233 0.2433
-0.6600 -19.1400 -1.7215 0.1315
-0.6600 -18.9200 -1.7200 0.3386
-0.6600 -18.7000 -1.7242 0.2412
-0.6600 -18.4800 -1.7393 0.3542
-0.6600 -18.2600 -1.7400 0.3595
-0.6600 -18.0400 -1.7173 0.3594
-0.6600 -17.8200 -1.7232 0.3371
-0.6600 -17.6000 -1.7257 0.2822
-0.6600 -17.3800 -1.7331 0.1287
-0.6600 -17.1600 -1.7306 0.1460
-0.6600 -16.9400 -1.7368 0.2071
-0.6600 -16.7200 -1.7360 0.1889
-0.6600 -16.5000 -1.7297 0.2555
-0.6600 -16.2800 -1.7220 0.1981
-0.6600 -16.0600 -1.7262 0.3655
-0.6600 -15.8400 -1.7181 0.2455
-0.6600 -15.6200 -1.7363 0.2667
-0.6600 -15.4000 -1.7215 0.1598
-0.6600 -15.1800 -1.7153 0.2793
-0.6600 -14.9600 -1.7319 0.1304
-0.6600 -14.7400 -1.7229 0.1836
-0.6600 -14.5200 -1.7371 0.2798
-0.6600 -14.3000 -1.7297 0.3106
-0.6600 -14.0800 -1.7373 0.3378
-0.6600 -13.8600 -1.7231 0.1887
-0.6600 -13.6400 -1.7238 0.3089
-0.6600 -13.4200 -1.7375 0.2396
-0.6600 -13.2000 -1.7215 0.2928
-0.6600 -12.9800 -1.7325 0.1288
-0.6600 -12.7600 -1.7316 0.2508
-0.6600 -12.5400 -1.7214 0.2473
-0.6600 -12.3200 -1.7320 0.1570
-0.6600 -12.1000 -1.7209 0.1578
-0.6600 -11.8800 -1.7346 0.1821
-0.6600 -11.6600 -1.7328 0.2902
-0.6600 -11.4400 -1.7328 0.2480
-0.6600 -11.2200 -1.7369 0.2369
-0.6600 -11.0000 -1.7176 0.3498
-0.6600 -10.7800 -1.7343 0.1683
-0.6600 -10.5600 -1.7294 0.3418
-0.6600 -10.3400 -1.7377 0.2857
-0.6600 -10.1200 -1.7365 0.1917
-0.6600 -9.9000 -1.7341 0.1361
-0.6600 -9.6800 -1.7181 0.3472
-0.6600 -9.4600 -1.7386 0.2568
-0.6600 -9.2400 -1.7289 0.3065
-0.6600 -9.0200 -1.7186 0.2223
-0.6600 -8.8000 -1.7399 0.1524
-0.6600 -8.5800 -1.7207 0.3217
-0.6600 -8.3600 -1.7270 0.3470
-0.6600 -8.1400 -1.7231 0.2471
-0.6600 -7.9200 -1.7253 0.3642
-0.6600 -7.7000 -1.7197 0.2719
-0.6600 -7.4800 -1.7228 0.3384
-0.6600 -7.2600 -1.7390 0.3564
-0.6600 -7.0400 -1.7303 0.3046
-0.6600 -6.8200 -1.7242 0.2697
-0.6600 -6.6000 -1.7210 0.3441
-0.6600 -6.3800 -1.7357 0.1314
-0.6600 -6.1600 -1.7371 0.2223
-0.6600 -5.9400 -1.7313 0.1691
-0.6600 -5.7200 -1.7218 0.2421
-0.6600 -5.5000 -1.7228 0.3050
-0.6600 -5.2800 -1.7300 0.2173
-0.6600 -5.0600 -1.7240 0.1616
-0.6600 -4.8400 -1.7180 0.3585
-0.6600 -4.6200 -1.7228 0.2592
-0.6600 -4.4000 -1.7369 0.2541
-0.6600 -4.1800 -1.7158 0.3514
-0.6600 -3.9600 -1.7333 0.1704
-0.6600 -3.7400 -1.7163 0.2266
-0.6600 -3.5200 -1.7364 0.3612
-0.6600 -3.3000 -1.7277 0.1437
-0.6600 -3.0800 -1.7385 0.1837
-0.6600 -2.8600 -1.7348 0.3676
-0.6600 -2.6400 -1.7194 0.1458
-0.6600 -2.4200 -1.7351 0.3182
-0.6600 -2.2000 -1.7287 0.2696
-0.6600 -1.9800 -1.7205 0.1680
-0.6600 -1.7600 -1.7395 0.2569
-0.6600 -1.5400 -1.7321 0.2486
-0.6600 -1.3200 -1.7285 0.1716
-0.6600 -1.1000 -1.7193 0.3063
-0.6600 -0.8800 -1.7175 0.3228
-0.6600 -0.6600 -1.7202 0.1613
-0.6600 -0.4400 -1.7271 0.2546
-0.6600 -0.2200 -1.7214 0.2368
-0.6600 -0.0000 -1.7355 0.2527
-0.6600 0.2200 -1.7159 0.3559
-0.6600 0.4400 -1.7204 0.2928
-0.6600 0.6600 -1.7231 0.1609
-0.6600 0.8800 -1.7346 0.1324
-0.6600 1.1000 -1.7318 0.2634
-0.6600 1.3200 -1.7370 0.2979
-0.6600 1.5400 -1.7298 0.2991
-0.6600 1.7600 -1.7330 0.1812
-0.6600 1.9800 -1.7245 0.1877
-0.6600 2.2000 -1.7249 0.2489
-0.6600 2.4200 -1.7239 0.2968
-0.6600 2.6400 -1.7264 0.2786
-0.6600 2.8600 -1.7237 0.2048
-0.6600 3.0800 -1.7349 0.1280
-0.6600 3.3000 -1.7271 0.3033
-0.6600 3.5200 -1.7161 0.3159
-0.6600 3.7400 -1.7221 0.1309
-0.6600 3.9600 -1.7177 0.2307
-0.6600 4.1800 -1.7246 0.3224
-0.6600 4.4000 -1.7240 0.1605
-0.6600 4.6200 -1.7350 0.3416
-0.6600 4.8400 -1.7343 0.1477
-0.6600 5.0600 -1.7318 0.1433
-0.6600 5.2800 -1.7170 0.1350
-0.6600 5.5000 -1.7163 0.2215
-0.6600 5.7200 -1.7224 0.3669
-0.6600 5.9400 -1.7348 0.3612
-0.6600 6.1600 -1.7237 0.3159
-0.6600 6.3800 -1.7173 0.3234
-0.6600 6.6000 -1.7261 0.1701
-0.6600 6.8200 -1.7298 0.2268
-0.6600 7.0400 -1.7184 0.1256
-0.6600 7.2600 -1.7218 0.1584
-0.6600 7.4800 -1.7277 0.2040
-0.6600 7.7000 -1.7302 0.1709
-0.6600 7.9200 -1.7358 0.2911
-0.6600 8.1400 -1.7264 0.2705
-0.6600 8.3600 -1.7245 0.2301
-0.6600 8.5800 -1.7389 0.2892
-0.6600 8.8000 -1.7242 0.3008
-0.6600 9.0200 -1.7197 0.3486
-0.6600 9.2400 -1.7389 0.1958
-0.6600 9.4600 -1.7277 0.1564
-0.6600 9.6800 -1.7357 0.3367
-0.6600 9.9000 -1.7185 0.1845
-0.6600 10.1200 -1.7338 0.1834
-0.6600 10.3400 -1.7175 0.2198
-0.6600 10.5600 -1.7288 0.2704
-0.6600 10.7800 -1.7201 0.3342
-0.6600 11.0000 -1.7271 0.2329
-0.6600 11.2200 -1.7289 0.2003
-0.6600 11.4400 -1.7152 0.3476
-0.6600 11.6600 -1.7312 0.1625
-0.6600 11.8800 -1.7282 0.1657
-0.6600 12.1000 -1.7255 0.1301
-0.6600 12.3200 -1.7360 0.3294
-0.6600 12.5400 -1.7350 0.3210
-0.6600 12.7600 -1.7201 0.1355
-0.6600 12.9800 -1.7194 0.1867
-0.6600 13.2000 -1.7239 0.2243
-0.6600 13.4200 -1.7339 0.2708
-0.6600 13.6400 -1.7185 0.3213
-0.6600 13.8600 -1.7268 0.1565
-0.6600 14.0800 -1.7247 0.1697
-0.6600 14.3000 -1.7227 0.2863
-0.6600 14.5200 -1.7256 0.2290
-0.6600 14.7400 -1.7392 0.2671
-0.6600 14.9600 -1.7399 0.2520
-0.6600 15.1800 -1.7197 0.2451
-0.6600 15.4000 -1.7362 0.2495
-0.6600 15.6200 -1.7376 0.3655
-0.6600 15.8400 -1.7399 0.1424
-0.6600 16.0600 -1.7364 0.1389
-0.6600 16.2800 -1.7345 0.3124
-0.6600 16.5000 -1.7158 0.2037
-0.6600 16.7200 -1.7276 0.1810
-0.6600 16.9400 -1.7374 0.2542
-0.6600 17.1600 -1.7344 0.2585
-0.6600 17.3800 -1.7218 0.1966
-0.6600 17.6000 -1.7201 0.2854
-0.6600 17.8200 -1.7227 0.3363
-0.6600 18.0400 -1.7315 0.3475
-0.6600 18.2600 -1.7249 0.1823
-0.6600 18.4800 -1.7294 0.3385
-0.6600 18.7000 -1.7335 0.1566
-0.6600 18.9200 -1.7271 0.2311
-0.6600 19.1400 -1.7353 0.3045
-0.6600 19.3600 -1.7305 0.2627
-0.6600 19.5800 -1.7235 0.1794
-0.6600 19.8000 -1.7332 0.2247
-0.4400 -19.8000 -1.7237 0.3308
-0.4400 -19.5800 -1.7165 0.2653
-0.4400 -19.3600 -1.7295 0.1866
-0.4400 -19.1400 -1.7230 0.2314
-0.4400 -18.9200 -1.7284 0.2802
-0.4400 -18.7000 -1.7220 0.2183
-0.4400 -18.4800 -1.7171 0.2673
-0.4400 -18.2600 -1.7349 0.1267
-0.4400 -18.0400 -1.7265 0.3611
-0.4400 -17.8200 -1.7358 0.1935
-0.4400 -17.6000 -1.7272 0.1935
-0.4400 -17.3800 -1.7323 0.2048
-0.4400 -17.1600 -1.7224 0.1329
-0.4400 -16.9400 -1.7174 0.3453
-0.4400 -16.7200 -1.7176 0.1528
-0.4400 -16.5000 -1.7380 0.2195
-0.4400 -16.2800 -1.7237 0.3683
-0.4400 -16.0600 -1.7166 0.2689
-0.4400 -15.8400 -1.7209 0.2673
-0.4400 -15.6200 -1.7235 0.3064
-0.4400 -15.4000 -1.7368 0.2308
-0.4400 -15.1800 -1.7154 0.1215
-0.4400 -14.9600 -1.7249 0.3089
-0.4400 -14.7400 -1.7274 0.2104
-0.4400 -14.5200 -1.7196 0.2733
-0.4400 -14.3000 -1.7184 0.1287
-0.4400 -14.0800 -1.7225 0.3145
-0.4400 -13.8600 -1.7163 0.2101
-0.4400 -13.6400 -1.7308 0.3250
-0.4400 -13.4200 -1.7390 0.2988
-0.4400 -13.2000 -1.7196 0.2352
-0.4400 -12.9800 -1.7307 0.3250
-0.4400 -12.7600 -1.7346 0.2637
-0.4400 -12.5400 -1.7237 0.2359
-0.4400 -12.3200 -1.7317 0.1621
-0.4400 -12.1000 -1.7247 0.1636
-0.4400 -11.8800 -1.7290 0.2318
-0.4400 -11.6600 -1.7366 0.2152
-0.4400 -11.4400 -1.7256 0.2573
-0.4400 -11.2200 -1.7305 0.1830
-0.4400 -11.0000 -1.7259 0.2859
-0.4400 -10.7800 -1.7285 0.3330
-0.4400 -10.5600 -1.7240 0.1412
-0.4400 -10.3400 -1.7185 0.1931
-0.4400 -10.1200 -1.7343 0.2690
-0.4400 -9.9000 -1.7377 0.3049
-0.4400 -9.6800 -1.7204 0.3141
-0.4400 -9.4600 -1.7257 0.3239
-0.4400 -9.2400 -1.7291 0.2845
-0.4400 -9.0200 -1.7375 0.2263
-0.4400 -8.8000 -1.7243 0.1828
-0.4400 -8.5800 -1.7250 0.1910
-0.4400 -8.3600 -1.7237 0.2930
-0.4400 -8.1400 -1.7176 0.1504
-0.4400 -7.9200 -1.7273 0.1210
-0.4400 -7.7000 -1.7379 0.2722
-0.4400 -7.4800 -1.7391 0.1548
-0.4400 -7.2600 -1.7399 0.3114
-0.4400 -7.0400 -1.7343 0.1233
-0.4400 -6.8200 -1.7188 0.3624
-0.4400 -6.6000 -1.7355 0.2956
-0.4400 -6.3800 -1.7230 0.1849
-0.4400 -6.1600 -1.7303 0.1971
-0.4400 -5.9400 -1.7229 0.2504
-0.4400 -5.7200 -1.7233 0.1576
-0.4400 -5.5000 -1.7349 0.2383
-0.4400 -5.2800 -1.7308 0.1377
-0.4400 -5.0600 -1.7365 0.1599
-0.4400 -4.8400 -1.7333 0.2101
-0.4400 -4.6200 -1.7245 0.1458
-0.4400 -4.4000 -1.7236 0.2380
-0.4400 -4.1800 -1.7363 0.1785
-0.4400 -3.9600 -1.7331 0.1374
-0.4400 -3.7400 -1.7177 0.1729
-0.4400 -3.5200 -1.7238 0.2764
-0.4400 -3.3000 -1.7373 0.3621
-0.4400 -3.0800 -1.7227 0.2227
-0.4400 -2.8600 -1.7372 0.2094
-0.4400 -2.6400 -1.7211 0.2046
-0.4400 -2.4200 -1.7375 0.2107
-0.4400 -2.2000 -1.7321 0.2773
-0.4400 -1.9800 -1.7187 0.2228
-0.4400 -1.7600 -1.7217 0.3595
-0.4400 -1.5400 -1.7285 0.1943
-0.4400 -1.3200 -1.7301 0.2533
-0.4400 -1.1000 -1.7269 0.1266
-0.4400 -0.8800 -1.7252 0.2193
-0.4400 -0.6600 -1.7282 0.2988
-0.4400 -0.4400 -1.7204 0.2228
-0.4400 -0.2200 -1.7399 0.1385
-0.4400 -0.0000 -1.7220 0.2239
-0.4400 0.2200 -1.7248 0.1758
-0.4400 0.4400 -1.7319 0.1556
-0.4400 0.6600 -1.7369 0.3044
-0.4400 0.8800 -1.7190 0.3249
-0.4400 1.1000 -1.7286 0.2308
-0.4400 1.3200 -1.7252 0.1847
-0.4400 1.5400 -1.7188 0.1578
-0.4400 1.7600 -1.7295 0.2703
-0.4400 1.9800 -1.7390 0.2173
-0.4400 2.2000 -1.7369 0.1492
-0.4400 2.4200 -1.7271 0.1497
-0.4400 2.6400 -1.7389 0.2575
-0.4400 2.8600 -1.7371 0.1803
-0.4400 3.0800 -1.7293 0.3216
-0.4400 3.3000 -1.7182 0.1557
-0.4400 3.5200 -1.7338 0.2140
-0.4400 3.7400 -1.7331 0.3049
-0.4400 3.9600 -1.7192 0.1411
-0.4400 4.1800 -1.7381 0.1335
-0.4400 4.4000 -1.7176 0.2884
-0.4400 4.6200 -1.7344 0.3096
-0.4400 4.8400 -1.7380 0.1201
-0.4400 5.0600 -1.7230 0.3088
-0.4400 5.2800 -1.7239 0.1505
-0.4400 5.5000 -1.7204 0.1646
-0.4400 5.7200 -1.7157 0.3340
-0.4400 5.9400 -1.7180 0.3211
-0.4400 6.1600 -1.7241 0.1502
-0.4400 6.3800 -1.7257 0.3216
-0.4400 6.6000 -1.7252 0.2504
-0.4400 6.8200 -1.7247 0.2344
-0.4400 7.0400 -1.7206 0.1786
-0.4400 7.2600 -1.7366 0.3517
-0.4400 7.4800 -1.7237 0.3549
-0.4400 7.7000 -1.7300 0.3421
-0.4400 7.9200 -1.7199 0.2871
-0.4400 8.1400 -1.7168 0.2898
-0.4400 8.3600 -1.7256 0.2936
-0.4400 8.5800 -1.7241 0.3648
-0.4400 8.8000 -1.7295 0.2518
-0.4400 9.0200 -1.7245 0.2854
-0.4400 9.2400 -1.7387 0.3574
-0.4400 9.4600 -1.7305 0.1580
-0.4400 9.6800 -1.7281 0.3615
-0.4400 9.9000 -1.7312 0.1210
-0.4400 10.1200 -1.7165 0.3500
-0.4400 10.3400 -1.7332 0.2098
-0.4400 10.5600 -1.7390 0.2530
-0.4400 10.7800 -1.7308 0.3080
-0.4400 11.0000 -1.7194 0.1806
-0.4400 11.2200 -1.7340 0.1809
-0.4400 11.4400 -1.7232 0.2745
-0.4400 11.6600 -1.7251 0.2293
-0.4400 11.8800 -1.7286 0.1937
-0.4400 12.1000 -1.7335 0.3169
-0.4400 12.3200 -1.7164 0.1901
-0.4400 12.5400 -1.7343 0.3199
-0.4400 12.7600 -1.7274 0.1751
-0.4400 12.9800 -1.7347 0.2615
-0.4400 13.2000 -1.7240 0.1778
-0.4400 13.4200 -1.7331 0.1204
-0.4400 13.6400 -1.7251 0.1764
-0.4400 13.8600 -1.7282 0.2726
-0.4400 14.0800 -1.7367 0.1326
-0.4400 14.3000 -1.7152 0.3212
-0.4400 14.5200 -1.7228 0.3183
-0.4400 14.7400 -1.7227 0.1659
-0.4400 14.9600 -1.7223 0.3170
-0.4400 15.1800 -1.7392 0.3431
-0.4400 15.4000 -1.7151 0.1764
-0.4400 15.6200 -1.7166 0.2952
-0.4400 15.8400 -1.7326 0.1262
-0.4400 16.0600 -1.7281 0.2389
-0.4400 16.2800 -1.7226 0.2541
-0.4400 16.5000 -1.7159 0.2207
-0.4400 16.7200 -1.7369 0.2852
-0.4400 16.9400 -1.7274 0.2310
-0.4400 17.1600 -1.7230 0.1203
-0.4400 17.3800 -1.7299 0.2711
-0.4400 17.6000 -1.7181 0.2549
-0.4400 17.8200 -1.7201 0.2090
-0.4400 18.0400 -1.7274 0.3502
-0.4400 18.2600 -1.7365 0.3124
-0.4400 18.4800 -1.7302 0.2120
-0.4400 18.7000 -1.7262 0.3581
-0.4400 18.9200 -1.7231 0.2174
-0.4400 19.1400 -1.7313 0.1665
-0.4400 19.3600 -1.7293 0.1822
-0.4400 19.5800 -1.7349 0.1992
-0.4400 19.8000 -1.7396 0.1216
-0.2200 -19.8000 -1.7256 0.2121
-0.2200 -19.5800 -1.7155 0.3453
-0.2200 -19.3600 -1.7244 0.2495
-0.2200 -19.1400 -1.7365 0.2301
-0.2200 -18.9200 -1.7253 0.1596
-0.2200 -18.7000 -1.7316 0.2559
-0.2200 -18.4800 -1.7201 0.3677
-0.2200 -18.2600 -1.7389 0.1997
-0.2200 -18.0400 -1.7227 0.2138
-0.2200 -17.8200 -1.7320 0.1468
-0.2200 -17.6000 -1.7281 0.1958
-0.2200 -17.3800 -1.7269 0.1602
-0.2200 -17.1600 -1.7261 0.3033
-0.2200 -16.9400 -1.7208 0.3697
-0.2200 -16.7200 -1.7239 0.2397
-0.2200 -16.5000 -1.7253 0.1870
-0.2200 -16.2800 -1.7238 0.3308
-0.2200 -16.0600 -1.7356 0.2795
-0.2200 -15.8400 -1.7184 0.1998
-0.2200 -15.6200 -1.7267 0.2390
-0.2200 -15.4000 -1.7395 0.1593
-0.2200 -15.1800 -1.7173 0.2408
-0.2200 -14.9600 -1.7244 0.1645
-0.2200 -14.7400 -1.7381 0.2160
-0.2200 -14.5200 -1.7189 0.2739
-0.2200 -14.3000 -1.7220 0.1814
-0.2200 -14.0800 -1.7385 0.3679
-0.2200 -13.8600 -1.7311 0.3206
-0.2200 -13.6400 -1.7353 0.2151
-0.2200 -13.4200 -1.7250 0.3640
-0.2200 -13.2000 -1.7314 0.1596
-0.2200 -12.9800 -1.7200 0.2162
-0.2200 -12.7600 -1.7272 0.1989
-0.2200 -12.5400 -1.7245 0.2575
-0.2200 -12.3200 -1.7174 0.2739
-0.2200 -12.1000 -1.7323 0.1776
-0.2200 -11.8800 -1.7221 0.3440
-0.2200 -11.6600 -1.7243 0.1395
-0.2200 -11.4400 -1.7268 0.2224
-0.2200 -11.2200 -1.7190 0.3354
-0.2200 -11.0000 -1.7188 0.3040
-0.2200 -10.7800 -1.7177 0.1425
-0.2200 -10.5600 -1.7152 0.3294
-0.2200 -10.3400 -1.7255 0.2417
-0.2200 -10.1200 -1.7220 0.1492
-0.2200 -9.9000 -1.7261 0.2585
-0.2200 -9.6800 -1.7330 0.2358
-0.2200 -9.4600 -1.7189 0.2752
-0.2200 -9.2400 -1.7276 0.1945
-0.2200 -9.0200 -1.7285 0.2051
-0.2200 -8.8000 -1.7332 0.1756
-0.2200 -8.5800 -1.7281 0.3230
-0.2200 -8.3600 -1.7176 0.1842
-0.2200 -8.1400 -1.7303 0.3042
-0.2200 -7.9200 -1.7250 0.2783
-0.2200 -7.7000 -1.7200 0.3285
-0.2200 -7.4800 -1.7237 0.1646
-0.2200 -7.2600 -1.7176 0.1715
-0.2200 -7.0400 -1.7198 0.1844
-0.2200 -6.8200 -1.7209 0.2021
-0.2200 -6.6000 -1.7250 0.1782
-0.2200 -6.3800 -1.7245 0.3329
-0.2200 -6.1600 -1.7352 0.2401
-0.2200 -5.9400 -1.7282 0.2892
-0.2200 -5.7200 -1.7396 0.2844
-0.2200 -5.5000 -1.7248 0.2037
-0.2200 -5.2800 -1.7332 0.3038
-0.2200 -5.0600 -1.7307 0.2635
-0.2200 -4.8400 -1.7370 0.2979
-0.2200 -4.6200 -1.7162 0.1996
-0.2200 -4.4000 -1.7232 0.2082
-0.2200 -4.1800 -1.7250 0.2748
-0.2200 -3.9600 -1.7397 0.2103
-0.2200 -3.7400 -1.7370 0.3067
-0.2200 -3.5200 -1.7252 0.2373
-0.2200 -3.3000 -1.7302 0.3412
-0.2200 -3.0800 -1.7361 0.2123
-0.2200 -2.8600 -1.7341 0.2367
-0.2200 -2.6400 -1.7302 0.1506
-0.2200 -2.4200 -1.7231 0.1695
-0.2200 -2.2000 -1.7249 0.2870
-0.2200 -1.9800 -1.7235 0.1268
-0.2200 -1.7600 -1.7269 0.3662
-0.2200 -1.5400 -1.7368 0.1545
-0.2200 -1.3200 -1.7204 0.1652
-0.2200 -1.1000 -1.7228 0.3351
-0.2200 -0.8800 -1.7334 0.3344
-0.2200 -0.6600 -1.7256 0.2148
-0.2200 -0.4400 -1.7362 0.2452
-0.2200 -0.2200 -1.7293 0.2076
-0.2200 -0.0000 -1.7394 0.2938
-0.2200 0.2200 -1.7158 0.2871
-0.2200 0.4400 -1.7252 0.2164
-0.2200 0.6600 -1.7331 0.2275
-0.2200 0.8800 -1.7354 0.2821
-0.2200 1.1000 -1.7201 0.3257
-0.2200 1.3200 -1.7282 0.3269
-0.2200 1.5400 -1.7284 0.2991
-0.2200 1.7600 -1.7387 0.2658
-0.2200 1.9800 -1.7247 0.2310
-0.2200 2.2000 -1.7205 0.2845
-0.2200 2.4200 -1.7294 0.2058
-0.2200 2.6400 -1.7326 0.1267
-0.2200 2.8600 -1.7235 0.1915
-0.2200 3.0800 -1.7198 0.2194
-0.2200 3.3000 -1.7249 0.2161
-0.2200 3.5200 -1.7299 0.3126
-0.2200 3.7400 -1.7264 0.1634
-0.2200 3.9600 -1.7339 0.2586
-0.2200 4.1800 -1.7209 0.2495
-0.2200 4.4000 -1.7360 0.2763
-0.2200 4.6200 -1.7269 0.1244
-0.2200 4.8400 -1.7172 0.2759
-0.2200 5.0600 -1.7387 0.3470
-0.2200 5.2800 -1.7293 0.3213
-0.2200 5.5000 -1.7324 0.2408
-0.2200 5.7200 -1.7153 0.3651
-0.2200 5.9400 -1.7299 0.3353
-0.2200 6.1600 -1.7153 0.3069
-0.2200 6.3800 -1.7303 0.2563
-0.2200 6.6000 -1.7281 0.3164
-0.2200 6.8200 -1.7394 0.3141
-0.2200 7.0400 -1.7226 0.1945
-0.2200 7.2600 -1.7326 0.3174
-0.2200 7.4800 -1.7190 0.2614
-0.2200 7.7000 -1.7386 0.2768
-0.2200 7.9200 -1.7257 0.3652
-0.2200 8.1400 -1.7253 0.2431
-0.2200 8.3600 -1.7364 0.2337
-0.2200 8.5800 -1.7376 0.1413
-0.2200 8.8000 -1.7196 0.2015
-0.2200 9.0200 -1.7319 0.2589
-0.2200 9.2400 -1.7291 0.2376
-0.2200 9.4600 -1.7301 0.1844
-0.2200 9.6800 -1.7353 0.2571
-0.2200 9.9000 -1.7172 0.3408
-0.2200 10.1200 -1.7266 0.2386
-0.2200 10.3400 -1.7324 0.3694
-0.2200 10.5600 -1.7314 0.2447
-0.2200 10.7800 -1.7343 0.1291
-0.2200 11.0000 -1.7217 0.2489
-0.2200 11.2200 -1.7261 0.1201
-0.2200 11.4400 -1.7273 0.3085
-0.2200 11.6600 -1.7368 0.2000
-0.2200 11.8800 -1.7368 0.1867
-0.2200 12.1000 -1.7185 0.2504
-0.2200 12.3200 -1.7273 0.2179
-0.2200 12.5400 -1.7227 0.2548
-0.2200 12.7600 -1.7369 0.2224
-0.2200 12.9800 -1.7334 0.2610
-0.2200 13.2000 -1.7276 0.1946
-0.2200 13.4200 -1.7356 0.3630
-0.2200 13.6400 -1.7323 0.1540
-0.2200 13.8600 -1.7375 0.3662
-0.2200 14.0800 -1.7292 0.2244
-0.2200 14.3000 -1.7315 0.2198
-0.2200 14.5200 -1.7303 0.3544
-0.2200 14.7400 -1.7304 0.2423
-0.2200 14.9600 -1.7237 0.3133
-0.2200 15.1800 -1.7271 0.2758
-0.2200 15.4000 -1.7156 0.2025
-0.2200 15.6200 -1.7258 0.3145
-0.2200 15.8400 -1.7197 0.2125
-0.2200 16.0600 -1.7382 0.2456
-0.2200 16.2800 -1.7175 0.1254
-0.2200 16.5000 -1.7314 0.2561
-0.2200 16.7200 -1.7374 0.3273
-0.2200 16.9400 -1.7204 0.2262
-0.2200 17.1600 -1.7251 0.2027
-0.2200 17.3800 -1.7380 0.2428
-0.2200 17.6000 -1.7252 0.1805
-0.2200 17.8200 -1.7372 0.1291
-0.2200 18.0400 -1.7321 0.2012
-0.2200 18.2600 -1.7274 0.1569
-0.2200 18.4800 -1.7323 0.1626
-0.2200 18.7000 -1.7194 0.3604
-0.2200 18.9200 -1.7316 0.2260
-0.2200 19.1400 -1.7398 0.3036
-0.2200 19.3600 -1.7273 0.3095
-0.2200 19.5800 -1.7378 0.3471
-0.2200 19.8000 -1.7200 0.1457
-0.0000 -19.8000 -1.7380 0.1724
-0.0000 -19.5800 -1.7335 0.2859
-0.0000 -19.3600 -1.7314 0.1238
-0.0000 -19.1400 -1.7157 0.1307
-0.0000 -18.9200 -1.7364 0.1502
-0.0000 -18.7000 -1.7374 0.2578
-0.0000 -18.4800 -1.7228 0.2733
-0.0000 -18.2600 -1.7348 0.2024
-0.0000 -18.0400 -1.7189 0.3632
-0.0000 -17.8200 -1.7155 0.1720
-0.0000 -17.6000 -1.7393 0.3040
-0.0000 -17.3800 -1.7273 0.1425
-0.0000 -17.1600 -1.7314 0.1893
-0.0000 -16.9400 -1.7227 0.3661
-0.0000 -16.7200 -1.7303 0.2490
-0.0000 -16.5000 -1.7264 0.3115
-0.0000 -16.2800 -1.7314 0.1314
-0.0000 -16.0600 -1.7180 0.2009
-0.0000 -15.8400 -1.7299 0.2910
-0.0000 -15.6200 -1.7179 0.1733
-0.0000 -15.4000 -1.7358 0.2898
-0.0000 -15.1800 -1.7329 0.2130
-0.0000 -14.9600 -1.7249 0.3319
-0.0000 -14.7400 -1.7287 0.3579
-0.0000 -14.5200 -1.7214 0.2668
-0.0000 -14.3000 -1.7371 0.2511
-0.0000 -14.0800 -1.7238 0.3576
-0.0000 -13.8600 -1.7374 0.2596
-0.0000 -13.6400 -1.7323 0.3644
-0.0000 -13.4200 -1.7242 0.1672
-0.0000 -13.2000 -1.7322 0.2316
-0.0000 -12.9800 -1.7180 0.2856
-0.0000 -12.7600 -1.7343 0.3170
-0.0000 -12.5400 -1.7267 0.2305
-0.0000 -12.3200 -1.7223 0.1807
-0.0000 -12.1000 -1.7198 0.3262
-0.0000 -11.8800 -1.7347 0.3568
-0.0000 -11.6600 -1.7307 0.2302
-0.0000 -11.4400 -1.7154 0.3251
-0.0000 -11.2200 -1.7351 0.2731
-0.0000 -11.0000 -1.7310 0.3643
-0.0000 -10.7800 -1.7295 0.1651
-0.0000 -10.5600 -1.7248 0.1512
-0.0000 -10.3400 -1.7239 0.1463
-0.0000 -10.1200 -1.7377 0.1369
-0.0000 -9.9000 -1.7337 0.3537
-0.0000 -9.6800 -1.7278 0.1855
-0.0000 -9.4600 -1.7325 0.2291
-0.0000 -9.2400 -1.7265 0.2289
-0.0000 -9.0200 -1.7202 0.2246
-0.0000 -8.8000 -1.7204 0.2868
-0.0000 -8.5800 -1.7393 0.2075
-0.0000 -8.3600 -1.7259 0.1266
-0.0000 -8.1400 -1.7331 0.2357
-0.0000 -7.9200 -1.7200 0.1477
-0.0000 -7.7000 -1.7323 0.1732
-0.0000 -7.4800 -1.7314 0.2265
-0.0000 -7.2600 -1.7311 0.3439
-0.0000 -7.0400 -1.7212 0.2386
-0.0000 -6.8200 -1.7367 0.1691
-0.0000 -6.6000 -1.7327 0.1902
-0.0000 -6.3800 -1.7191 0.2783
-0.0000 -6.1600 -1.7276 0.3017
-0.0000 -5.9400 -1.7270 0.2637
-0.0000 -5.7200 -1.7294 0.2286
-0.0000 -5.5000 -1.7292 0.2490
-0.0000 -5.2800 -1.7321 0.1956
-0.0000 -5.0600 -1.7208 0.2086
-0.0000 -4.8400 -1.7252 0.1671
-0.0000 -4.6200 -1.7314 0.1234
-0.0000 -4.4000 -1.7361 0.3479
-0.0000 -4.1800 -1.7360 0.1745
-0.0000 -3.9600 -1.7166 0.1285
-0.0000 -3.7400 -1.7302 0.1523
-0.0000 -3.5200 -1.7363 0.2938
-0.0000 -3.3000 -1.7264 0.1368
-0.0000 -3.0800 -1.7385 0.1480
-0.0000 -2.8600 -1.7355 0.1476
-0.0000 -2.6400 -1.7249 0.1824
-0.0000 -2.4200 -1.7275 0.1357
-0.0000 -2.2000 -1.7300 0.1582
-0.0000 -1.9800 -1.7230 0.1679
-0.0000 -1.7600 -1.7231 0.3228
-0.0000 -1.5400 -1.7392 0.2297
-0.0000 -1.3200 -1.7195 0.2621
-0.0000 -1.1000 -1.7341 0.3101
-0.0000 -0.8800 -1.7223 0.2293
-0.0000 -0.6600 -1.7277 0.3187
-0.0000 -0.4400 -1.7348 0.3126
-0.0000 -0.2200 -1.7379 0.1465
-0.0000 -0.0000 -1.7314 0.2840
-0.0000 0.2200 -1.7223 0.2348
-0.0000 0.4400 -1.7291 0.2762
-0.0000 0.6600 -1.7361 0.3483
-0.0000 0.8800 -1.7268 0.1778
-0.0000 1.1000 -1.7331 0.3308
-0.0000 1.3200 -1.7157 0.3403
-0.0000 1.5400 -1.7295 0.1272
-0.0000 1.7600 -1.7355 0.2680
-0.0000 1.9800 -1.7311 0.2411
-0.0000 2.2000 -1.7276 0.2940
-0.0000 2.4200 -1.7265 0.1740
-0.0000 2.6400 -1.7386 0.1394
-0.0000 2.8600 -1.7176 0.3660
-0.0000 3.0800 -1.7263 0.2817
-0.0000 3.3000 -1.7203 0.2818
-0.0000 3.5200 -1.7328 0.2521
-0.0000 3.7400 -1.7229 0.1727
-0.0000 3.9600 -1.7206 0.2670
-0.0000 4.1800 -1.7195 0.2566
-0.0000 4.4000 -1.7210 0.1644
-0.0000 4.6200 -1.7326 0.3511
-0.0000 4.8400 -1.7270 0.3298
-0.0000 5.0600 -1.7211 0.1321
-0.0000 5.2800 -1.7235 0.2666
-0.0000 5.5000 -1.7208 0.2178
-0.0000 5.7200 -1.7399 0.1984
-0.0000 5.9400 -1.7202 0.3348
-0.0000 6.1600 -1.7258 0.3337
-0.0000 6.3800 -1.7394 0.1759
-0.0000 6.6000 -1.7225 0.1269
-0.0000 6.8200 -1.7361 0.3059
-0.0000 7.0400 -1.7352 0.1878
-0.0000 7.2600 -1.7373 0.2937
-0.0000 7.4800 -1.7330 0.2887
-0.0000 7.7000 -1.7276 0.2078
-0.0000 7.9200 -1.7396 0.1970
-0.0000 8.1400 -1.7315 0.3162
-0.0000 8.3600 -1.7388 0.1225
-0.0000 8.5800 -1.7381 0.2117
-0.0000 8.8000 -1.7287 0.2293
-0.0000 9.0200 -1.7234 0.2945
-0.0000 9.2400 -1.7298 0.2080
-0.0000 9.4600 -1.7235 0.3041
-0.0000 9.6800 -1.7274 0.2187
-0.0000 9.9000 -1.7377 0.3375
-0.0000 10.1200 -1.7312 0.1689
-0.0000 10.3400 -1.7337 0.3529
-0.0000 10.5600 -1.7228 0.1915
-0.0000 10.7800 -1.7276 0.2349
-0.0000 11.0000 -1.7288 0.1579
-0.0000 11.2200 -1.7315 0.1870
-0.0000 11.4400 -1.7197 0.1223
-0.0000 11.6600 -1.7325 0.2935
-0.0000 11.8800 -1.7180 0.1907
-0.0000 12.1000 -1.7300 0.1755
-0.0000 12.3200 -1.7319 0.2695
-0.0000 12.5400 -1.7320 0.3308
-0.0000 12.7600 -1.7311 0.2764
-0.0000 12.9800 -1.7180 0.3599
-0.0000 13.2000 -1.7200 0.1310
-0.0000 13.4200 -1.7343 0.3325
-0.0000 13.6400 -1.7183 0.1958
-0.0000 13.8600 -1.7265 0.1272
-0.0000 14.0800 -1.7158 0.2063
-0.0000 14.3000 -1.7181 0.1557
-0.0000 14.5200 -1.7258 0.3142
-0.0000 14.7400 -1.7302 0.1760
-0.0000 14.9600 -1.7205 0.1975
-0.0000 15.1800 -1.7399 0.2932
-0.0000 15.4000 -1.7188 0.2367
-0.0000 15.6200 -1.7173 0.2162
-0.0000 15.8400 -1.7307 0.3074
-0.0000 16.0600 -1.7377 0.2519
-0.0000 16.2800 -1.7234 0.2656
-0.0000 16.5000 -1.7284 0.2477
-0.0000 16.7200 -1.7347 0.1670
-0.0000 16.9400 -1.7349 0.3048
-0.0000 17.1600 -1.7246 0.3632
-0.0000 17.3800 -1.7191 0.2049
-0.0000 17.6000 -1.7269 0.1294
-0.0000 17.8200 -1.7350 0.1829
-0.0000 18.0400 -1.7369 0.2264
-0.0000 18.2600 -1.7165 0.1541
-0.0000 18.4800 -1.7201 0.1535
-0.0000 18.7000 -1.7366 0.1398
-0.0000 18.9200 -1.7154 0.1670
-0.0000 19.1400 -1.7262 0.3514
-0.0000 19.3600 -1.7162 0.1371
-0.0000 19.5800 -1.7397 0.3272
-0.0000 19.8000 -1.7359 0.3305
0.2200 -19.8000 -1.7296 0.3438
0.2200 -19.5800 -1.7243 0.2343
0.2200 -19.3600 -1.7221 0.3012
0.2200 -19.1400 -1.7166 0.1729
0.2200 -18.9200 -1.7155 0.3282
0.2200 -18.7000 -1.7286 0.3170
0.2200 -18.4800 -1.7207 0.2979
0.2200 -18.2600 -1.7275 0.2034
0.2200 -18.0400 -1.7287 0.2852
0.2200 -17.8200 -1.7260 0.3437
0.2200 -17.6000 -1.7384 0.1795
0.2200 -17.3800 -1.7248 0.3225
0.2200 -17.1600 -1.7183 0.1846
0.2200 -16.9400 -1.7230 0.2374
0.2200 -16.7200 -1.7399 0.1251
0.2200 -16.5000 -1.7175 0.3456
0.2200 -16.2800 -1.7288 0.1446
0.2200 -16.0600 -1.7276 0.2343
0.2200 -15.8400 -1.7267 0.3016
0.2200 -15.6200 -1.7301 0.3160
0.2200 -15.4000 -1.7371 0.2363
0.2200 -15.1800 -1.7219 0.3298
0.2200 -14.9600 -1.7169 0.2690
0.2200 -14.7400 -1.7240 0.3110
0.2200 -14.5200 -1.7333 0.2232
0.2200 -14.3000 -1.7259 0.3079
0.2200 -14.0800 -1.7224 0.2454
0.2200 -13.8600 -1.7263 0.2878
0.2200 -13.6400 -1.7232 0.1934
0.2200 -13.4200 -1.7349 0.3142
0.2200 -13.2000 -1.7186 0.2511
0.2200 -12.9800 -1.7268 0.1642
0.2200 -12.7600 -1.7373 0.1627
0.2200 -12.5400 -1.7311 0.2249
0.2200 -12.3200 -1.7199 0.1747
0.2200 -12.1000 -1.7245 0.3180
0.2200 -11.8800 -1.7287 0.2966
0.2200 -11.6600 -1.7240 0.2976
0.2200 -11.4400 -1.7286 0.2761
0.2200 -11.2200 -1.7151 0.2379
0.2200 -11.0000 -1.7367 0.2716
0.2200 -10.7800 -1.7262 0.2196
0.2200 -10.5600 -1.7161 0.1589
0.2200 -10.3400 -1.7157 0.3450
0.2200 -10.1200 -1.7399 0.3044
0.2200 -9.9000 -1.7262 0.3513
0.2200 -9.6800 -1.7283 0.3134
0.2200 -9.4600 -1.7264 0.3593
0.2200 -9.2400 -1.7341 0.3124
0.2200 -9.0200 -1.7271 0.2380
0.2200 -8.8000 -1.7174 0.2429
0.2200 -8.5800 -1.7243 0.1997
0.2200 -8.3600 -1.7386 0.2395
0.2200 -8.1400 -1.7290 0.2683
0.2200 -7.9200 -1.7166 0.2069
0.2200 -7.7000 -1.7306 0.1603
0.2200 -7.4800 -1.7270 0.2778
0.2200 -7.2600 -1.7375 0.2629
0.2200 -7.0400 -1.7212 0.3179
0.2200 -6.8200 -1.7162 0.3093
0.2200 -6.6000 -1.7357 0.2428
0.2200 -6.3800 -1.7317 0.3511
0.2200 -6.1600 -1.7374 0.3401
0.2200 -5.9400 -1.7206 0.3370
0.2200 -5.7200 -1.7251 0.3323
0.2200 -5.5000 -1.7285 0.2350
0.2200 -5.2800 -1.7171 0.3536
0.2200 -5.0600 -1.7298 0.2490
0.2200 -4.8400 -1.7172 0.2502
0.2200 -4.6200 -1.7359 0.2814
0.2200 -4.4000 -1.7348 0.2701
0.2200 -4.1800 -1.7174 0.1934
0.2200 -3.9600 -1.7257 0.1818
0.2200 -3.7400 -1.7370 0.1283
0.2200 -3.5200 -1.7223 0.2021
0.2200 -3.3000 -1.7313 0.1844
0.2200 -3.0800 -1.7266 0.1807
0.2200 -2.8600 -1.7369 0.1329
0.2200 -2.6400 -1.7351 0.2750
0.2200 -2.4200 -1.7195 0.2840
0.2200 -2.2000 -1.7150 0.2300
0.2200 -1.9800 -1.7253 0.1246
0.2200 -1.7600 -1.7388 0.2972
0.2200 -1.5400 -1.7257 0.1287
0.2200 -1.3200 -1.7335 0.2501
0.2200 -1.1000 -1.7398 0.2690
0.2200 -0.8800 -1.7371 0.3012
0.2200 -0.6600 -1.7226 0.1835
0.2200 -0.4400 -1.7212 0.2945
0.2200 -0.2200 -1.7400 0.1600
0.2200 -0.0000 -1.7267 0.1606
0.2200 0.2200 -1.7268 0.3188
0.2200 0.4400 -1.7155 0.3195
0.2200 0.6600 -1.7309 0.2968
0.2200 0.8800 -1.7195 0.2850
0.2200 1.1000 -1.7174 0.3084
0.2200 1.3200 -1.7173 0.2371
0.2200 1.5400 -1.7215 0.3192
0.2200 1.7600 -1.7278 0.1832
0.2200 1.9800 -1.7372 0.2679
0.2200 2.2000 -1.7167 0.3641
0.2200 2.4200 -1.7344 0.2301
0.2200 2.6400 -1.7286 0.3399
0.2200 2.8600 -1.7343 0.3373
0.2200 3.0800 -1.7238 0.1373
0.2200 3.3000 -1.7212 0.1848
0.2200 3.5200 -1.7279 0.3650
0.2200 3.7400 -1.7219 0.3133
0.2200 3.9600 -1.7177 0.2479
0.2200 4.1800 -1.7179 0.3458
0.2200 4.4000 -1.7169 0.1736
0.2200 4.6200 -1.7393 0.2902
0.2200 4.8400 -1.7291 0.2459
0.2200 5.0600 -1.7276 0.3172
0.2200 5.2800 -1.7375 0.3573
0.2200 5.5000 -1.7288 0.1230
0.2200 5.7200 -1.7399 0.3239
0.2200 5.9400 -1.7352 0.2826
0.2200 6.1600 -1.7393 0.1604
0.2200 6.3800 -1.7224 0.1868
0.2200 6.6000 -1.7168 0.2855
0.2200 6.8200 -1.7373 0.2857
0.2200 7.0400 -1.7303 0.1417
0.2200 7.2600 -1.7205 0.3088
0.2200 7.4800 -1.7304 0.3234
0.2200 7.7000 -1.7396 0.1436
0.2200 7.9200 -1.7307 0.2536
0.2200 8.1400 -1.7180 0.3147
0.2200 8.3600 -1.7335 0.2509
0.2200 8.5800 -1.7182 0.2531
0.2200 8.8000 -1.7164 0.2276
0.2200 9.0200 -1.7266 0.2285
0.2200 9.2400 -1.7323 0.2944
0.2200 9.4600 -1.7205 0.2724
0.2200 9.6800 -1.7354 0.2279
0.2200 9.9000 -1.7189 0.1510
0.2200 10.1200 -1.7379 0.2137
0.2200 10.3400 -1.7353 0.2946
0.2200 10.5600 -1.7340 0.2477
0.2200 10.7800 -1.7184 0.1391
0.2200 11.0000 -1.7283 0.2324
0.2200 11.2200 -1.7386 0.2199
0.2200 11.4400 -1.7321 0.3316
0.2200 11.6600 -1.7157 0.3644
0.2200 11.8800 -1.7186 0.1561
0.2200 12.1000 -1.7330 0.3541
0.2200 12.3200 -1.7361 0.3260
0.2200 12.5400 -1.7298 0.1999
0.2200 12.7600 -1.7293 0.2687
0.2200 12.9800 -1.7305 0.3214
0.2200 13.2000 -1.7319 0.2367
0.2200 13.4200 -1.7161 0.3445
0.2200 13.6400 -1.7219 0.1318
0.2200 13.8600 -1.7378 0.1491
0.2200 14.0800 -1.7223 0.1283
0.2200 14.3000 -1.7269 0.3251
0.2200 14.5200 -1.7276 0.1961
0.2200 14.7400 -1.7264 0.1723
0.2200 14.9600 -1.7384 0.2643
0.2200 15.1800 -1.7228 0.1726
0.2200 15.4000 -1.7342 0.2914
0.2200 15.6200 -1.7248 0.1793
0.2200 15.8400 -1.7262 0.3034
0.2200 16.0600 -1.7170 0.3378
0.2200 16.2800 -1.7324 0.3215
0.2200 16.5000 -1.7290 0.3611
0.2200 16.7200 -1.7344 0.1221
0.2200 16.9400 -1.7191 0.3246
0.2200 17.1600 -1.7217 0.2090
0.2200 17.3800 -1.7186 0.3605
0.2200 17.6000 -1.7241 0.3168
0.2200 17.8200 -1.7157 0.3575
0.2200 18.0400 -1.7175 0.1878
0.2200 18.2600 -1.7394 0.1425
0.2200 18.4800 -1.7313 0.1707
0.2200 18.7000 -1.7167 0.2690
0.2200 18.9200 -1.7320 0.2870
0.2200 19.1400 -1.7167 0.3539
0.2200 19.3600 -1.7271 0.1694
0.2200 19.5800 -1.7251 0.3225
0.2200 19.8000 -1.7330 0.2019
0.4400 -19.8000 -1.7309 0.1832
0.4400 -19.5800 -1.7246 0.1983
0.4400 -19.3600 -1.7153 0.1767
0.4400 -19.1400 -1.7308 0.3603
0.4400 -18.9200 -1.7381 0.3190
0.4400 -18.7000 -1.7241 0.1718
0.4400 -18.4800 -1.7259 0.1293
0.4400 -18.2600 -1.7216 0.3279
0.4400 -18.0400 -1.7277 0.1574
0.4400 -17.8200 -1.7262 0.3391
0.4400 -17.6000 -1.7295 0.1779
0.4400 -17.3800 -1.7336 0.1491
0.4400 -17.1600 -1.7170 0.2019
0.4400 -16.9400 -1.7284 0.2389
0.4400 -16.7200 -1.7261 0.3374
0.4400 -16.5000 -1.7257 0.2990
0.4400 -16.2800 -1.7304 0.2095
0.4400 -16.0600 -1.7365 0.2025
0.4400 -15.8400 -1.7341 0.3679
0.4400 -15.6200 -1.7224 0.2172
0.4400 -15.4000 -1.7257 0.2314
0.4400 -15.1800 -1.7246 0.1479
0.4400 -14.9600 -1.7168 0.3526
0.4400 -14.7400 -1.7252 0.2305
0.4400 -14.5200 -1.7250 0.3094
0.4400 -14.3000 -1.7204 0.2870
0.4400 -14.0800 -1.7228 0.3473
0.4400 -13.8600 -1.7267 0.2948
0.4400 -13.6400 -1.7366 0.3098
0.4400 -13.4200 -1.7221 0.1750
0.4400 -13.2000 -1.7207 0.2237
0.4400 -12.9800 -1.7243 0.2094
0.4400 -12.7600 -1.7154 0.2920
0.4400 -12.5400 -1.7352 0.1208
0.4400 -12.3200 -1.7283 0.1605
0.4400 -12.1000 -1.7328 0.1345
0.4400 -11.8800 -1.7204 0.2113
0.4400 -11.6600 -1.7327 0.3592
0.4400 -11.4400 -1.7269 0.2538
0.4400 -11.2200 -1.7384 0.1978
0.4400 -11.0000 -1.7242 0.2748
0.4400 -10.7800 -1.7254 0.2674
0.4400 -10.5600 -1.7357 0.3319
0.4400 -10.3400 -1.7287 0.1647
0.4400 -10.1200 -1.7267 0.1294
0.4400 -9.9000 -1.7309 0.2208
0.4400 -9.6800 -1.7333 0.3341
0.4400 -9.4600 -1.7167 0.2065
0.4400 -9.2400 -1.7311 0.2685
0.4400 -9.0200 -1.7372 0.2578
0.4400 -8.8000 -1.7152 0.3013
0.4400 -8.5800 -1.7265 0.1834
0.4400 -8.3600 -1.7155 0.3645
0.4400 -8.1400 -1.7211 0.3269
0.4400 -7.9200 -1.7327 0.2163
0.4400 -7.7000 -1.7310 0.1218
0.4400 -7.4800 -1.7170 0.3089
0.4400 -7.2600 -1.7294 0.3005
0.4400 -7.0400 -1.7158 0.3043
0.4400 -6.8200 -1.7359 0.3361
0.4400 -6.6000 -1.7345 0.1330
0.4400 -6.3800 -1.7279 0.2853
0.4400 -6.1600 -1.7358 0.1243
0.4400 -5.9400 -1.7293 0.1524
0.4400 -5.7200 -1.7187 0.3341
0.4400 -5.5000 -1.7243 0.1253
0.4400 -5.2800 -1.7377 0.1692
0.4400 -5.0600 -1.7151 0.2696
0.4400 -4.8400 -1.7309 0.2367
0.4400 -4.6200 -1.7216 0.2400
0.4400 -4.4000 -1.7151 0.1592
0.4400 -4.1800 -1.7227 0.3013
0.4400 -3.9600 -1.7339 0.1661
0.4400 -3.7400 -1.7389 0.3465
0.4400 -3.5200 -1.7170 0.3419
0.4400 -3.3000 -1.7318 0.2918
0.4400 -3.0800 -1.7247 0.1592
0.4400 -2.8600 -1.7288 0.2572
0.4400 -2.6400 -1.7354 0.1953
0.4400 -2.4200 -1.7216 0.2016
0.4400 -2.2000 -1.7274 0.3535
0.4400 -1.9800 -1.7373 0.3430
0.4400 -1.7600 -1.7247 0.2379
0.4400 -1.5400 -1.7382 0.2225
0.4400 -1.3200 -1.7343 0.2011
0.4400 -1.1000 -1.7335 0.2783
0.4400 -0.8800 -1.7272 0.1980
0.4400 -0.6600 -1.7363 0.1244
0.4400 -0.4400 -1.7385 0.2611
0.4400 -0.2200 -1.7211 0.3311
0.4400 -0.0000 -1.7173 0.1205
0.4400 0.2200 -1.7321 0.3226
0.4400 0.4400 -1.7354 0.1985
0.4400 0.6600 -1.7164 0.2785
0.4400 0.8800 -1.7215 0.1920
0.4400 1.1000 -1.7168 0.1421
0.4400 1.3200 -1.7362 0.3662
0.4400 1.5400 -1.7184 0.2866
0.4400 1.7600 -1.7291 0.3076
0.4400 1.9800 -1.7199 0.2008
0.4400 2.2000 -1.7293 0.1992
0.4400 2.4200 -1.7347 0.1255
0.4400 2.6400 -1.7164 0.3156
0.4400 2.8600 -1.7388 0.1381
0.4400 3.0800 -1.7357 0.3118
0.4400 3.3000 -1.7272 0.2329
0.4400 3.5200 -1.7287 0.2544
0.4400 3.7400 -1.7223 0.3389
0.4400 3.9600 -1.7386 0.2278
0.4400 4.1800 -1.7248 0.1412
0.4400 4.4000 -1.7295 0.1715
0.4400 4.6200 -1.7378 0.1441
0.4400 4.8400 -1.7282 0.1413
0.4400 5.0600 -1.7151 0.2149
0.4400 5.2800 -1.7340 0.1863
0.4400 5.5000 -1.7280 0.2061
0.4400 5.7200 -1.7385 0.2729
0.4400 5.9400 -1.7157 0.2192
0.4400 6.1600 -1.7217 0.2824
0.4400 6.3800 -1.7191 0.2995
0.4400 6.6000 -1.7274 0.1838
0.4400 6.8200 -1.7244 0.2128
0.4400 7.0400 -1.7155 0.2099
0.4400 7.2600 -1.7277 0.3308
0.4400 7.4800 -1.7271 0.1707
0.4400 7.7000 -1.7277 0.3030
0.4400 7.9200 -1.7245 0.2796
0.4400 8.1400 -1.7249 0.2182
0.4400 8.3600 -1.7154 0.1453
0.4400 8.5800 -1.7223 0.1849
0.4400 8.8000 -1.7154 0.2907
0.4400 9.0200 -1.7287 0.2587
0.4400 9.2400 -1.7363 0.3481
0.4400 9.4600 -1.7159 0.3625
0.4400 9.6800 -1.7355 0.1689
0.4400 9.9000 -1.7151 0.2229
0.4400 10.1200 -1.7325 0.2392
0.4400 10.3400 -1.7348 0.3671
0.4400 10.5600 -1.7202 0.2997
0.4400 10.7800 -1.7372 0.2391
0.4400 11.0000 -1.7351 0.2074
0.4400 11.2200 -1.7323 0.3618
0.4400 11.4400 -1.7167 0.1908
0.4400 11.6600 -1.7289 0.1755
0.4400 11.8800 -1.7205 0.2318
0.4400 12.1000 -1.7359 0.3259
0.4400 12.3200 -1.7326 0.2144
0.4400 12.5400 -1.7178 0.2420
0.4400 12.7600 -1.7193 0.1707
0.4400 12.9800 -1.7257 0.3002
0.4400 13.2000 -1.7167 0.2238
0.4400 13.4200 -1.7387 0.2035
0.4400 13.6400 -1.7234 0.2343
0.4400 13.8600 -1.7394 0.2763
0.4400 14.0800 -1.7191 0.3167
0.4400 14.3000 -1.7219 0.2912
0.4400 14.5200 -1.7217 0.3655
0.4400 14.7400 -1.7253 0.1646
0.4400 14.9600 -1.7325 0.3179
0.4400 15.1800 -1.7394 0.1743
0.4400 15.4000 -1.7368 0.2176
0.4400 15.6200 -1.7352 0.3696
0.4400 15.8400 -1.7320 0.1859
0.4400 16.0600 -1.7360 0.2965
0.4400 16.2800 -1.7348 0.3536
0.4400 16.5000 -1.7167 0.3603
0.4400 16.7200 -1.7378 0.1981
0.4400 16.9400 -1.7352 0.3679
0.4400 17.1600 -1.7245 0.2463
0.4400 17.3800 -1.7273 0.2129
0.4400 17.6000 -1.7225 0.2848
0.4400 17.8200 -1.7192 0.1287
0.4400 18.0400 -1.7341 0.2046
0.4400 18.2600 -1.7267 0.3316
0.4400 18.4800 -1.7152 0.3282
0.4400 18.7000 -1.7163 0.3211
0.4400 18.9200 -1.7266 0.2543
0.4400 19.1400 -1.7174 0.3597
0.4400 19.3600 -1.7322 0.2684
0.4400 19.5800 -1.7181 0.3458
0.4400 19.8000 -1.7354 0.3280
0.6600 -19.8000 -1.7356 0.2722
0.6600 -19.5800 -1.7390 0.2158
0.6600 -19.3600 -1.7360 0.2157
0.6600 -19.1400 -1.7311 0.3603
0.6600 -18.9200 -1.7206 0.3217
0.6600 -18.7000 -1.7385 0.2103
0.6600 -18.4800 -1.7322 0.2075
0.6600 -18.2600 -1.7219 0.1323
0.6600 -18.0400 -1.7252 0.1255
0.6600 -17.8200 -1.7276 0.1525
0.6600 -17.6000 -1.7349 0.3534
0.6600 -17.3800 -1.7316 0.1459
0.6600 -17.1600 -1.7234 0.3673
0.6600 -16.9400 -1.7174 0.1788
0.6600 -16.7200 -1.7343 0.2751
0.6600 -16.5000 -1.7166 0.1418
0.6600 -16.2800 -1.7211 0.1920
0.6600 -16.0600 -1.7352 0.2909
0.6600 -15.8400 -1.7346 0.1471
0.6600 -15.6200 -1.7308 0.3104
0.6600 -15.4000 -1.7319 0.3026
0.6600 -15.1800 -1.7282 0.2843
0.6600 -14.9600 -1.7175 0.2718
0.6600 -14.7400 -1.7175 0.2923
0.6600 -14.5200 -1.7243 0.3677
0.6600 -14.3000 -1.7174 0.2302
0.6600 -14.0800 -1.7326 0.2330
0.6600 -13.8600 -1.7210 0.3161
0.6600 -13.6400 -1.7378 0.2220
0.6600 -13.4200 -1.7319 0.1622
0.6600 -13.2000 -1.7317 0.2160
0.6600 -12.9800 -1.7325 0.2574
0.6600 -12.7600 -1.7240 0.3456
0.6600 -12.5400 -1.7187 0.3551
0.6600 -12.3200 -1.7294 0.1687
0.6600 -12.1000 -1.7358 0.3275
0.6600 -11.8800 -1.7382 0.2314
0.6600 -11.6600 -1.7222 0.1301
0.6600 -11.4400 -1.7249 0.1988
0.6600 -11.2200 -1.7292 0.3321
0.6600 -11.0000 -1.7173 0.1209
0.6600 -10.7800 -1.7234 0.2235
0.6600 -10.5600 -1.7175 0.3550
0.6600 -10.3400 -1.7179 0.3241
0.6600 -10.1200 -1.7255 0.2840
0.6600 -9.9000 -1.7381 0.2583
0.6600 -9.6800 -1.7180 0.2255
0.6600 -9.4600 -1.7151 0.3149
0.6600 -9.2400 -1.7390 0.2919
0.6600 -9.0200 -1.7318 0.3310
0.6600 -8.8000 -1.7258 0.2280
0.6600 -8.5800 -1.7267 0.3126
0.6600 -8.3600 -1.7284 0.2492
0.6600 -8.1400 -1.7347 0.2528
0.6600 -7.9200 -1.7311 0.1553
0.6600 -7.7000 -1.7262 0.2554
0.6600 -7.4800 -1.7368 0.2507
0.6600 -7.2600 -1.7282 0.1622
0.6600 -7.0400 -1.7315 0.3022
0.6600 -6.8200 -1.7313 0.3081
0.6600 -6.6000 -1.7246 0.1780
0.6600 -6.3800 -1.7247 0.2353
0.6600 -6.1600 -1.7374 0.3283
0.6600 -5.9400 -1.7354 0.2396
0.6600 -5.7200 -1.7345 0.2626
0.6600 -5.5000 -1.7261 0.2624
0.6600 -5.2800 -1.7330 0.3162
0.6600 -5.0600 -1.7187 0.1218
0.6600 -4.8400 -1.7218 0.1509
0.6600 -4.6200 -1.7262 0.1815
0.6600 -4.4000 -1.7291 0.2410
0.6600 -4.1800 -1.7249 0.2525
0.6600 -3.9600 -1.7218 0.3699
0.6600 -3.7400 -1.7243 0.3102
0.6600 -3.5200 -1.7214 0.3434
0.6600 -3.3000 -1.7230 0.2245
0.6600 -3.0800 -1.7376 0.2951
0.6600 -2.8600 -1.7369 0.3170
0.6600 -2.6400 -1.7236 0.2603
0.6600 -2.4200 -1.7363 0.2994
0.6600 -2.2000 -1.7198 0.1764
0.6600 -1.9800 -1.7192 0.2539
0.6600 -1.7600 -1.7384 0.3424
0.6600 -1.5400 -1.7186 0.2284
0.6600 -1.3200 -1.7395 0.3407
0.6600 -1.1000 -1.7329 0.2623
0.6600 -0.8800 -1.7394 0.2518
0.6600 -0.6600 -1.7177 0.2268
0.6600 -0.4400 -1.7341 0.2431
0.6600 -0.2200 -1.7209 0.1796
0.6600 -0.0000 -1.7343 0.2118
0.6600 0.2200 -1.7224 0.3453
0.6600 0.4400 -1.7172 0.1863
0.6600 0.6600 -1.7297 0.3116
0.6600 0.8800 -1.7241 0.2729
0.6600 1.1000 -1.7359 0.3695
0.6600 1.3200 -1.7350 0.2561
0.6600 1.5400 -1.7211 0.1474
0.6600 1.7600 -1.7249 0.3534
0.6600 1.9800 -1.7339 0.1335
0.6600 2.2000 -1.7223 0.2223
0.6600 2.4200 -1.7231 0.2049
0.6600 2.6400 -1.7309 0.2613
0.6600 2.8600 -1.7216 0.2423
0.6600 3.0800 -1.7215 0.1697
0.6600 3.3000 -1.7342 0.2883
0.6600 3.5200 -1.7384 0.1958
0.6600 3.7400 -1.7357 0.2347
0.6600 3.9600 -1.7374 0.3075
0.6600 4.1800 -1.7275 0.1474
0.6600 4.4000 -1.7314 0.3579
0.6600 4.6200 -1.7308 0.2815
0.6600 4.8400 -1.7237 0.2920
0.6600 5.0600 -1.7263 0.2874
0.6600 5.2800 -1.7368 0.3287
0.6600 5.5000 -1.7399 0.2487
0.6600 5.7200 -1.7248 0.1811
0.6600 5.9400 -1.7365 0.2162
0.6600 6.1600 -1.7225 0.2993
0.6600 6.3800 -1.7354 0.3003
0.6600 6.6000 -1.7323 0.2020
0.6600 6.8200 -1.7368 0.3281
0.6600 7.0400 -1.7329 0.1595
0.6600 7.2600 -1.7274 0.3071
0.6600 7.4800 -1.7163 0.3376
0.6600 7.7000 -1.7394 0.2901
0.6600 7.9200 -1.7216 0.2770
0.6600 8.1400 -1.7394 0.1674
0.6600 8.3600 -1.7163 0.2326
0.6600 8.5800 -1.7371 0.2803
0.6600 8.8000 -1.7171 0.1998
0.6600 9.0200 -1.7150 0.3590
0.6600 9.2400 -1.7171 0.1922
0.6600 9.4600 -1.7184 0.3482
0.6600 9.6800 -1.7386 0.2305
0.6600 9.9000 -1.7232 0.2129
0.6600 10.1200 -1.7225 0.3189
0.6600 10.3400 -1.7245 0.1848
0.6600 10.5600 -1.7310 0.2705
0.6600 10.7800 -1.7301 0.2643
0.6600 11.0000 -1.7298 0.3581
0.6600 11.2200 -1.7358 0.2258
0.6600 11.4400 -1.7362 0.2609
0.6600 11.6600 -1.7395 0.2427
0.6600 11.8800 -1.7152 0.2882
0.6600 12.1000 -1.7311 0.2918
0.6600 12.3200 -1.7213 0.2876
0.6600 12.5400 -1.7229 0.2881
0.6600 12.7600 -1.7278 0.3413
0.6600 12.9800 -1.7155 0.3263
0.6600 13.2000 -1.7251 0.2053
0.6600 13.4200 -1.7326 0.3241
0.6600 13.6400 -1.7228 0.3177
0.6600 13.8600 -1.7309 0.2576
0.6600 14.0800 -1.7219 0.2532
0.6600 14.3000 -1.7382 0.3597
0.6600 14.5200 -1.7233 0.1745
0.6600 14.7400 -1.7169 0.3460
0.6600 14.9600 -1.7221 0.2923
0.6600 15.1800 -1.7153 0.1530
0.6600 15.4000 -1.7333 0.3474
0.6600 15.6200 -1.7175 0.2361
0.6600 15.8400 -1.7395 0.2027
0.6600 16.0600 -1.7307 0.3590
0.6600 16.2800 -1.7165 0.2866
0.6600 16.5000 -1.7214 0.3200
0.6600 16.7200 -1.7215 0.1319
0.6600 16.9400 -1.7333 0.1678
0.6600 17.1600 -1.7264 0.2302
0.6600 17.3800 -1.7243 0.1549
0.6600 17.6000 -1.7312 0.2598
0.6600 17.8200 -1.7234 0.2828
0.6600 18.0400 -1.7208 0.1780
0.6600 18.2600 -1.7311 0.1495
0.6600 18.4800 -1.7234 0.2033
0.6600 18.7000 -1.7338 0.2948
0.6600 18.9200 -1.7166 0.2626
0.6600 19.1400 -1.7327 0.1327
0.6600 19.3600 -1.7310 0.1431
0.6600 19.5800 -1.7153 0.2451
0.6600 19.8000 -1.7235 0.3616
0.8800 -19.8000 -1.7295 0.1635
0.8800 -19.5800 -1.7257 0.3043
0.8800 -19.3600 -1.7219 0.2860
0.8800 -19.1400 -1.7250 0.2691
0.8800 -18.9200 -1.7216 0.2066
0.8800 -18.7000 -1.7324 0.3145
0.8800 -18.4800 -1.7312 0.1327
0.8800 -18.2600 -1.7323 0.3413
0.8800 -18.0400 -1.7388 0.1278
0.8800 -17.8200 -1.7249 0.2664
0.8800 -17.6000 -1.7344 0.3309
0.8800 -17.3800 -1.7209 0.1918
0.8800 -17.1600 -1.7217 0.1748
0.8800 -16.9400 -1.7193 0.3113
0.8800 -16.7200 -1.7305 0.3479
0.8800 -16.5000 -1.7278 0.1329
0.8800 -16.2800 -1.7382 0.2702
0.8800 -16.0600 -1.7279 0.1375
0.8800 -15.8400 -1.7299 0.1672
0.8800 -15.6200 -1.7380 0.2157
0.8800 -15.4000 -1.7297 0.2498
0.8800 -15.1800 -1.7359 0.2462
0.8800 -14.9600 -1.7377 0.2040
0.8800 -14.7400 -1.7163 0.2511
0.8800 -14.5200 -1.7321 0.2786
0.8800 -14.3000 -1.7172 0.1943
0.8800 -14.0800 -1.7304 0.2507
0.8800 -13.8600 -1.7275 0.1203
0.8800 -13.6400 -1.7383 0.2841
0.8800 -13.4200 -1.7151 0.1572
0.8800 -13.2000 -1.7214 0.1606
0.8800 -12.9800 -1.7218 0.1947
0.8800 -12.7600 -1.7212 0.3320
0.8800 -12.5400 -1.7152 0.3076
0.8800 -12.3200 -1.7222 0.3227
0.8800 -12.1000 -1.7298 0.1912
0.8800 -11.8800 -1.7185 0.2804
0.8800 -11.6600 -1.7224 0.3244
0.8800 -11.4400 -1.7314 0.2751
0.8800 -11.2200 -1.7264 0.2711
0.8800 -11.0000 -1.7249 0.3419
0.8800 -10.7800 -1.7249 0.1621
0.8800 -10.5600 -1.7188 0.2231
0.8800 -10.3400 -1.7260 0.1592
0.8800 -10.1200 -1.7177 0.1334
0.8800 -9.9000 -1.7377 0.3633
0.8800 -9.6800 -1.7169 0.2735
0.8800 -9.4600 -1.7302 0.1273
0.8800 -9.2400 -1.7258 0.2938
0.8800 -9.0200 -1.7366 0.2255
0.8800 -8.8000 -1.7228 0.2498
0.8800 -8.5800 -1.7289 0.3618
0.8800 -8.3600 -1.7236 0.3301
0.8800 -8.1400 -1.7168 0.2650
0.8800 -7.9200 -1.7288 0.2139
0.8800 -7.7000 -1.7383 0.1810
0.8800 -7.4800 -1.7331 0.3414
0.8800 -7.2600 -1.7355 0.3362
0.8800 -7.0400 -1.7318 0.1755
0.8800 -6.8200 -1.7397 0.1220
0.8800 -6.6000 -1.7263 0.2571
0.8800 -6.3800 -1.7197 0.2821
0.8800 -6.1600 -1.7193 0.1342
0.8800 -5.9400 -1.7173 0.3137
0.8800 -5.7200 -1.7326 0.3153
0.8800 -5.5000 -1.7283 0.1407
0.8800 -5.2800 -1.7297 0.1526
0.8800 -5.0600 -1.7275 0.3180
0.8800 -4.8400 -1.7391 0.2606
0.8800 -4.6200 -1.7282 0.1824
0.8800 -4.4000 -1.7301 0.2651
0.8800 -4.1800 -1.7236 0.2793
0.8800 -3.9600 -1.7383 0.3533
0.8800 -3.7400 -1.7285 0.1483
0.8800 -3.5200 -1.7307 0.1975
0.8800 -3.3000 -1.7284 0.1779
0.8800 -3.0800 -1.7306 0.2089
0.8800 -2.8600 -1.7330 0.2839
0.8800 -2.6400 -1.7264 0.2451
0.8800 -2.4200 -1.7372 0.2851
0.8800 -2.2000 -1.7272 0.1745
0.8800 -1.9800 -1.7350 0.1617
0.8800 -1.7600 -1.7262 0.2480
0.8800 -1.5400 -1.7185 0.1264
0.8800 -1.3200 -1.7203 0.2803
0.8800 -1.1000 -1.7351 0.2917
0.8800 -0.8800 -1.7339 0.1207
0.8800 -0.6600 -1.7344 0.2150
0.8800 -0.4400 -1.7268 0.3637
0.8800 -0.2200 -1.7207 0.1308
0.8800 -0.0000 -1.7169 0.1441
0.8800 0.2200 -1.7390 0.2224
0.8800 0.4400 -1.7245 0.2762
0.8800 0.6600 -1.7163 0.3178
0.8800 0.8800 -1.7200 0.2110
0.8800 1.1000 -1.7328 0.3233
0.8800 1.3200 -1.7344 0.2483
0.8800 1.5400 -1.7316 0.1634
0.8800 1.7600 -1.7181 0.1920
0.8800 1.9800 -1.7293 0.3467
0.8800 2.2000 -1.7313 0.2134
0.8800 2.4200 -1.7288 0.3251
0.8800 2.6400 -1.7160 0.1558
0.8800 2.8600 -1.7183 0.2721
0.8800 3.0800 -1.7381 0.3034
0.8800 3.3000 -1.7229 0.1569
0.8800 3.5200 -1.7388 0.1782
0.8800 3.7400 -1.7162 0.1479
0.8800 3.9600 -1.7256 0.2186
0.8800 4.1800 -1.7243 0.2747
0.8800 4.4000 -1.7260 0.1363
0.8800 4.6200 -1.7390 0.3525
0.8800 4.8400 -1.7214 0.3297
0.8800 5.0600 -1.7338 0.2988
0.8800 5.2800 -1.7178 0.2487
0.8800 5.5000 -1.7329 0.2625
0.8800 5.7200 -1.7275 0.2645
0.8800 5.9400 -1.7205 0.2839
0.8800 6.1600 -1.7152 0.1323
0.8800 6.3800 -1.7169 0.1601
0.8800 6.6000 -1.7157 0.2244
0.8800 6.8200 -1.7355 0.3148
0.8800 7.0400 -1.7228 0.3086
0.8800 7.2600 -1.7247 0.2072
0.8800 7.4800 -1.7284 0.3514
0.8800 7.7000 -1.7268 0.1950
0.8800 7.9200 -1.7164 0.1421
0.8800 8.1400 -1.7290 0.2487
0.8800 8.3600 -1.7367 0.3077
0.8800 8.5800 -1.7360 0.1722
0.8800 8.8000 -1.7232 0.1982
0.8800 9.0200 -1.7376 0.2928
0.8800 9.2400 -1.7311 0.1810
0.8800 9.4600 -1.7306 0.2401
0.8800 9.6800 -1.7242 0.3178
0.8800 9.9000 -1.7284 0.1841
0.8800 10.1200 -1.7302 0.3682
0.8800 10.3400 -1.7228 0.3498
0.8800 10.5600 -1.7378 0.3115
0.8800 10.7800 -1.7181 0.2237
0.8800 11.0000 -1.7246 0.1847
0.8800 11.2200 -1.7224 0.2740
0.8800 11.4400 -1.7189 0.1495
0.8800 11.6600 -1.7368 0.2938
0.8800 11.8800 -1.7201 0.2218
0.8800 12.1000 -1.7328 0.3030
0.8800 12.3200 -1.7372 0.1775
0.8800 12.5400 -1.7384 0.2570
0.8800 12.7600 -1.7352 0.2263
0.8800 12.9800 -1.7392 0.3591
0.8800 13.2000 -1.7364 0.1552
0.8800 13.4200 -1.7270 0.2781
0.8800 13.6400 -1.7342 0.1342
0.8800 13.8600 -1.7207 0.1964
0.8800 14.0800 -1.7284 0.3363
0.8800 14.3000 -1.7170 0.2772
0.8800 14.5200 -1.7162 0.2859
0.8800 14.7400 -1.7183 0.1563
0.8800 14.9600 -1.7393 0.3464
0.8800 15.1800 -1.7268 0.2216
0.8800 15.4000 -1.7169 0.1590
0.8800 15.6200 -1.7381 0.3483
0.8800 15.8400 -1.7282 0.1929
0.8800 16.0600 -1.7243 0.1931
0.8800 16.2800 -1.7379 0.3069
0.8800 16.5000 -1.7276 0.1927
0.8800 16.7200 -1.7210 0.3175
0.8800 16.9400 -1.7369 0.2785
0.8800 17.1600 -1.7217 0.3051
0.8800 17.3800 -1.7170 0.2295
0.8800 17.6000 -1.7168 0.3501
0.8800 17.8200 -1.7260 0.1613
0.8800 18.0400 -1.7383 0.3120
0.8800 18.2600 -1.7284 0.1943
0.8800 18.4800 -1.7254 0.3409
0.8800 18.7000 -1.7280 0.2949
0.8800 18.9200 -1.7160 0.1765
0.8800 19.1400 -1.7319 0.1884
0.8800 19.3600 -1.7346 0.2851
0.8800 19.5800 -1.7157 0.2688
0.8800 19.8000 -1.7314 0.2893
1.1000 -19.8000 -1.7390 0.2622
1.1000 -19.5800 -1.7289 0.3013
1.1000 -19.3600 -1.7339 0.2506
1.1000 -19.1400 -1.7352 0.1544
1.1000 -18.9200 -1.7375 0.2566
1.1000 -18.7000 -1.7313 0.3075
1.1000 -18.4800 -1.7345 0.2033
1.1000 -18.2600 -1.7364 0.3389
1.1000 -18.0400 -1.7382 0.2544
1.1000 -17.8200 -1.7272 0.2745
1.1000 -17.6000 -1.7244 0.3246
1.1000 -17.3800 -1.7163 0.3308
1.1000 -17.1600 -1.7221 0.2138
1.1000 -16.9400 -1.7351 0.3655
1.1000 -16.7200 -1.7380 0.1336
1.1000 -16.5000 -1.7392 0.1362
1.1000 -16.2800 -1.7254 0.3035
1.1000 -16.0600 -1.7233 0.2945
1.1000 -15.8400 -1.7326 0.2398
1.1000 -15.6200 -1.7218 0.2467
1.1000 -15.4000 -1.7316 0.3319
1.1000 -15.1800 -1.7284 0.2819
1.1000 -14.9600 -1.7226 0.1656
1.1000 -14.7400 -1.7340 0.1993
1.1000 -14.5200 -1.7386 0.2450
1.1000 -14.3000 -1.7307 0.3562
1.1000 -14.0800 -1.7154 0.2634
1.1000 -13.8600 -1.7349 0.3281
1.1000 -13.6400 -1.7281 0.1658
1.1000 -13.4200 -1.7323 0.1944
1.1000 -13.2000 -1.7165 0.1679
1.1000 -12.9800 -1.7361 0.1820
1.1000 -12.7600 -1.7369 0.1762
1.1000 -12.5400 -1.7313 0.1380
1.1000 -12.3200 -1.7192 0.2572
1.1000 -12.1000 -1.7174 0.3335
1.1000 -11.8800 -1.7328 0.3034
1.1000 -11.6600 -1.7192 0.3094
1.1000 -11.4400 -1.7400 0.1318
1.1000 -11.2200 -1.7191 0.2453
1.1000 -11.0000 -1.7222 0.2036
1.1000 -10.7800 -1.7318 0.2478
1.1000 -10.5600 -1.7243 0.1280
1.1000 -10.3400 -1.7173 0.1664
1.1000 -10.1200 -1.7167 0.1680
1.1000 -9.9000 -1.7247 0.3269
1.1000 -9.6800 -1.7229 0.2384
1.1000 -9.4600 -1.7220 0.1501
1.1000 -9.2400 -1.7348 0.2372
1.1000 -9.0200 -1.7242 0.3214
1.1000 -8.8000 -1.7252 0.3147
1.1000 -8.5800 -1.7382 0.2004
1.1000 -8.3600 -1.7286 0.1651
1.1000 -8.1400 -1.7247 0.3676
1.1000 -7.9200 -1.7373 0.1645
1.1000 -7.7000 -1.7260 0.1620
1.1000 -7.4800 -1.7296 0.2895
1.1000 -7.2600 -1.7237 0.2060
1.1000 -7.0400 -1.7222 0.2384
1.1000 -6.8200 -1.7374 0.2331
1.1000 -6.6000 -1.7311 0.3643
1.1000 -6.3800 -1.7161 0.3439
1.1000 -6.1600 -1.7269 0.1210
1.1000 -5.9400 -1.7248 0.3420
1.1000 -5.7200 -1.7392 0.3606
1.1000 -5.5000 -1.7272 0.3615
1.1000 -5.2800 -1.7283 0.2597
1.1000 -5.0600 -1.7337 0.3079
1.1000 -4.8400 -1.7264 0.2715
1.1000 -4.6200 -1.7323 0.2583
1.1000 -4.4000 -1.7341 0.1918
1.1000 -4.1800 -1.7388 0.3487
1.1000 -3.9600 -1.7205 0.2364
1.1000 -3.7400 -1.7381 0.3046
1.1000 -3.5200 -1.7339 0.2230
1.1000 -3.3000 -1.7339 0.2980
1.1000 -3.0800 -1.7162 0.1321
1.1000 -2.8600 -1.7294 0.3362
1.1000 -2.6400 -1.7212 0.2848
1.1000 -2.4200 -1.7162 0.2845
1.1000 -2.2000 -1.7281 0.1636
1.1000 -1.9800 -1.7346 0.1245
1.1000 -1.7600 -1.7187 0.1733
1.1000 -1.5400 -1.7263 0.2816
1.1000 -1.3200 -1.7380 0.3521
1.1000 -1.1000 -1.7286 0.2488
1.1000 -0.8800 -1.7317 0.1625
1.1000 -0.6600 -1.7356 0.2941
1.1000 -0.4400 -1.7209 0.1399
1.1000 -0.2200 -1.7342 0.3503
1.1000 -0.0000 -1.7338 0.2153
1.1000 0.2200 -1.7254 0.3420
1.1000 0.4400 -1.7207 0.1951
1.1000 0.6600 -1.7197 0.1718
1.1000 0.8800 -1.7256 0.2490
1.1000 1.1000 -1.7152 0.1980
1.1000 1.3200 -1.7226 0.2550
1.1000 1.5400 -1.7243 0.2413
1.1000 1.7600 -1.7201 0.3589
1.1000 1.9800 -1.7249 0.2519
1.1000 2.2000 -1.7312 0.1361
1.1000 2.4200 -1.7312 0.1282
1.1000 2.6400 -1.7272 0.1265
1.1000 2.8600 -1.7342 0.3599
1.1000 3.0800 -1.7310 0.2823
1.1000 3.3000 -1.7287 0.1406
1.1000 3.5200 -1.7182 0.1686
1.1000 3.7400 -1.7377 0.1747
1.1000 3.9600 -1.7272 0.2085
1.1000 4.1800 -1.7163 0.1314
1.1000 4.4000 -1.7370 0.2317
1.1000 4.6200 -1.7150 0.3186
1.1000 4.8400 -1.7204 0.2790
1.1000 5.0600 -1.7234 0.2277
1.1000 5.2800 -1.7355 0.2001
1.1000 5.5000 -1.7228 0.1457
1.1000 5.7200 -1.7203 0.2587
1.1000 5.9400 -1.7218 0.1389
1.1000 6.1600 -1.7358 0.2392
1.1000 6.3800 -1.7326 0.1388
1.1000 6.6000 -1.7187 0.1572
1.1000 6.8200 -1.7172 0.2604
1.1000 7.0400 -1.7323 0.3606
1.1000 7.2600 -1.7384 0.3129
1.1000 7.4800 -1.7313 0.1564
1.1000 7.7000 -1.7198 0.2313
1.1000 7.9200 -1.7199 0.1337
1.1000 8.1400 -1.7255 0.3028
1.1000 8.3600 -1.7190 0.2479
1.1000 8.5800 -1.7176 0.2238
1.1000 8.8000 -1.7313 0.1864
1.1000 9.0200 -1.7315 0.3240
1.1000 9.2400 -1.7172 0.3393
1.1000 9.4600 -1.7209 0.2220
1.1000 9.6800 -1.7252 0.1513
1.1000 9.9000 -1.7365 0.1909
1.1000 10.1200 -1.7167 0.2892
1.1000 10.3400 -1.7179 0.3438
1.1000 10.5600 -1.7159 0.2947
1.1000 10.7800 -1.7241 0.2662
1.1000 11.0000 -1.7212 0.3653
1.1000 11.2200 -1.7361 0.1596
1.1000 11.4400 -1.7214 0.2752
1.1000 11.6600 -1.7292 0.1297
1.1000 11.8800 -1.7298 0.1408
1.1000 12.1000 -1.7196 0.2211
1.1000 12.3200 -1.7197 0.2342
1.1000 12.5400 -1.7194 0.2950
1.1000 12.7600 -1.7179 0.3529
1.1000 12.9800 -1.7190 0.3594
1.1000 13.2000 -1.7178 0.1467
1.1000 13.4200 -1.7229 0.3578
1.1000 13.6400 -1.7367 0.1614
1.1000 13.8600 -1.7297 0.2446
1.1000 14.0800 -1.7315 0.3548
1.1000 14.3000 -1.7284 0.3214
1.1000 14.5200 -1.7276 0.1351
1.1000 14.7400 -1.7390 0.2067
1.1000 14.9600 -1.7216 0.1759
1.1000 15.1800 -1.7188 0.3221
1.1000 15.4000 -1.7248 0.2452
1.1000 15.6200 -1.7161 0.1794
1.1000 15.8400 -1.7389 0.3067
1.1000 16.0600 -1.7152 0.1616
1.1000 16.2800 -1.7290 0.3202
1.1000 16.5000 -1.7312 0.3074
1.1000 16.7200 -1.7202 0.1271
1.1000 16.9400 -1.7269 0.1941
1.1000 17.1600 -1.7177 0.1529
1.1000 17.3800 -1.7204 0.3275
1.1000 17.6000 -1.7364 0.1736
1.1000 17.8200 -1.7222 0.1445
1.1000 18.0400 -1.7221 0.3412
1.1000 18.2600 -1.7229 0.3536
1.1000 18.4800 -1.7301 0.1986
1.1000 18.7000 -1.7171 0.2193
1.1000 18.9200 -1.7319 0.1902
1.1000 19.1400 -1.7169 0.2267
1.1000 19.3600 -1.7160 0.3650
1.1000 19.5800 -1.7365 0.2091
1.1000 19.8000 -1.7379 0.3033
1.3200 -19.8000 -1.7286 0.1865
1.3200 -19.5800 -1.7195 0.2008
1.3200 -19.3600 -1.7360 0.2270
1.3200 -19.1400 -1.7266 0.3595
1.3200 -18.9200 -1.7194 0.1595
1.3200 -18.7000 -1.7196 0.3350
1.3200 -18.4800 -1.7334 0.2198
1.3200 -18.2600 -1.7328 0.3062
1.3200 -18.0400 -1.7151 0.2501
1.3200 -17.8200 -1.7216 0.1205
1.3200 -17.6000 -1.7290 0.3677
1.3200 -17.3800 -1.7340 0.2647
1.3200 -17.1600 -1.7281 0.1318
1.3200 -16.9400 -1.7265 0.2816
1.3200 -16.7200 -1.7328 0.1264
1.3200 -16.5000 -1.7263 0.1675
1.3200 -16.2800 -1.7390 0.2163
1.3200 -16.0600 -1.7240 0.2521
1.3200 -15.8400 -1.7314 0.2344
1.3200 -15.6200 -1.7310 0.3109
1.3200 -15.4000 -1.7272 0.2183
1.3200 -15.1800 -1.7302 0.2264
1.3200 -14.9600 -1.7228 0.1826
1.3200 -14.7400 -1.7367 0.2934
1.3200 -14.5200 -1.7275 0.3010
1.3200 -14.3000 -1.7346 0.2962
1.3200 -14.0800 -1.7324 0.1894
1.3200 -13.8600 -1.7199 0.2548
1.3200 -13.6400 -1.7319 0.1255
1.3200 -13.4200 -1.7378 0.3555
1.3200 -13.2000 -1.7332 0.1454
1.3200 -12.9800 -1.7221 0.1341
1.3200 -12.7600 -1.7228 0.2850
1.3200 -12.5400 -1.7388 0.1914
1.3200 -12.3200 -1.7170 0.3585
1.3200 -12.1000 -1.7288 0.1252
1.3200 -11.8800 -1.7278 0.3673
1.3200 -11.6600 -1.7223 0.2465
1.3200 -11.4400 -1.7187 0.2752
1.3200 -11.2200 -1.7253 0.1474
1.3200 -11.0000 -1.7195 0.2052
1.3200 -10.7800 -1.7256 0.2463
1.3200 -10.5600 -1.7304 0.3064
1.3200 -10.3400 -1.7231 0.3033
1.3200 -10.1200 -1.7246 0.3015
1.3200 -9.9000 -1.7175 0.3245
1.3200 -9.6800 -1.7351 0.1638
1.3200 -9.4600 -1.7193 0.1620
1.3200 -9.2400 -1.7331 0.2639
1.3200 -9.0200 -1.7233 0.1879
1.3200 -8.8000 -1.7171 0.1230
1.3200 -8.5800 -1.7234 0.3210
1.3200 -8.3600 -1.7305 0.2613
1.3200 -8.1400 -1.7313 0.2009
1.3200 -7.9200 -1.7320 0.2451
1.3200 -7.7000 -1.7297 0.2436
1.3200 -7.4800 -1.7308 0.2457
1.3200 -7.2600 -1.7172 0.1758
1.3200 -7.0400 -1.7191 0.2951
1.3200 -6.8200 -1.7185 0.2850
1.3200 -6.6000 -1.7201 0.1621
1.3200 -6.3800 -1.7284 0.2179
1.3200 -6.1600 -1.7186 0.3689
1.3200 -5.9400 -1.7316 0.2513
1.3200 -5.7200 -1.7329 0.3679
1.3200 -5.5000 -1.7322 0.1851
1.3200 -5.2800 -1.7165 0.3698
1.3200 -5.0600 -1.7360 0.2938
1.3200 -4.8400 -1.7377 0.2285
1.3200 -4.6200 -1.7285 0.2355
1.3200 -4.4000 -1.7194 0.3414
1.3200 -4.1800 -1.7381 0.1759
1.3200 -3.9600 -1.7244 0.3628
1.3200 -3.7400 -1.7217 0.2366
1.3200 -3.5200 -1.7378 0.1483
1.3200 -3.3000 -1.7221 0.1977
1.3200 -3.0800 -1.7265 0.2189
1.3200 -2.8600 -1.7203 0.1634
1.3200 -2.6400 -1.7331 0.3053
1.3200 -2.4200 -1.7180 0.3253
1.3200 -2.2000 -1.7184 0.1640
1.3200 -1.9800 -1.7379 0.3201
1.3200 -1.7600 -1.7231 0.3331
1.3200 -1.5400 -1.7239 0.1484
1.3200 -1.3200 -1.7301 0.2428
1.3200 -1.1000 -1.7184 0.2285
1.3200 -0.8800 -1.7332 0.2791
1.3200 -0.6600 -1.7383 0.1572
1.3200 -0.4400 -1.7194 0.2528
1.3200 -0.2200 -1.7189 0.2797
1.3200 -0.0000 -1.7281 0.1902
1.3200 0.2200 -1.7343 0.3625
1.3200 0.4400 -1.7181 0.2569
1.3200 0.6600 -1.7269 0.3247
1.3200 0.8800 -1.7218 0.3030
1.3200 1.1000 -1.7176 0.2513
1.3200 1.3200 -1.7199 0.1287
1.3200 1.5400 -1.7380 0.3578
1.3200 1.7600 -1.7162 0.3073
1.3200 1.9800 -1.7172 0.1469
1.3200 2.2000 -1.7214 0.3262
1.3200 2.4200 -1.7310 0.1463
1.3200 2.6400 -1.7253 0.2956
1.3200 2.8600 -1.7211 0.2234
1.3200 3.0800 -1.7155 0.3684
1.3200 3.3000 -1.7237 0.3045
1.3200 3.5200 -1.7348 0.1949
1.3200 3.7400 -1.7223 0.1961
1.3200 3.9600 -1.7207 0.2398
1.3200 4.1800 -1.7214 0.2309
1.3200 4.4000 -1.7215 0.1375
1.3200 4.6200 -1.7219 0.2267
1.3200 4.8400 -1.7252 0.3569
1.3200 5.0600 -1.7333 0.1818
1.3200 5.2800 -1.7342 0.2442
1.3200 5.5000 -1.7162 0.1674
1.3200 5.7200 -1.7246 0.3002
1.3200 5.9400 -1.7230 0.3589
1.3200 6.1600 -1.7235 0.2026
1.3200 6.3800 -1.7274 0.3647
1.3200 6.6000 -1.7213 0.1689
1.3200 6.8200 -1.7217 0.2234
1.3200 7.0400 -1.7174 0.2993
1.3200 7.2600 -1.7186 0.1563
1.3200 7.4800 -1.7289 0.1719
1.3200 7.7000 -1.7295 0.1318
1.3200 7.9200 -1.7220 0.3088
1.3200 8.1400 -1.7336 0.2022
1.3200 8.3600 -1.7296 0.2174
1.3200 8.5800 -1.7361 0.2510
1.3200 8.8000 -1.7378 0.3376
1.3200 9.0200 -1.7199 0.2353
1.3200 9.2400 -1.7206 0.3099
1.3200 9.4600 -1.7221 0.1313
1.3200 9.6800 -1.7166 0.1350
1.3200 9.9000 -1.7359 0.1574
1.3200 10.1200 -1.7352 0.2711
1.3200 10.3400 -1.7180 0.3517
1.3200 10.5600 -1.7163 0.3196
1.3200 10.7800 -1.7340 0.3556
1.3200 11.0000 -1.7276 0.2479
1.3200 11.2200 -1.7158 0.2906
1.3200 11.4400 -1.7351 0.1616
1.3200 11.6600 -1.7253 0.2961
1.3200 11.8800 -1.7253 0.2338
1.3200 12.1000 -1.7335 0.1792
1.3200 12.3200 -1.7375 0.1828
1.3200 12.5400 -1.7394 0.3207
1.3200 12.7600 -1.7242 0.2545
1.3200 12.9800 -1.7267 0.1606
1.3200 13.2000 -1.7277 0.2410
1.3200 13.4200 -1.7187 0.1923
1.3200 13.6400 -1.7260 0.3502
1.3200 13.8600 -1.7190 0.3180
1.3200 14.0800 -1.7278 0.3104
1.3200 14.3000 -1.7308 0.1907
1.3200 14.5200 -1.7282 0.3086
1.3200 14.7400 -1.7188 0.3633
1.3200 14.9600 -1.7334 0.2500
1.3200 15.1800 -1.7295 0.3213
1.3200 15.4000 -1.7208 0.2162
1.3200 15.6200 -1.7317 0.1672
1.3200 15.8400 -1.7389 0.3189
1.3200 16.0600 -1.7272 0.3359
1.3200 16.2800 -1.7339 0.1895
1.3200 16.5000 -1.7198 0.2331
1.3200 16.7200 -1.7377 0.2188
1.3200 16.9400 -1.7324 0.3313
1.3200 17.1600 -1.7387 0.1316
1.3200 17.3800 -1.7166 0.3601
1.3200 17.6000 -1.7267 0.2047
1.3200 17.8200 -1.7215 0.2659
1.3200 18.0400 -1.7345 0.2400
1.3200 18.2600 -1.7155 0.1287
1.3200 18.4800 -1.7234 0.2998
1.3200 18.7000 -1.7396 0.3012
1.3200 18.9200 -1.7315 0.3451
1.3200 19.1400 -1.7209 0.1992
1.3200 19.3600 -1.7236 0.1529
1.3200 19.5800 -1.7204 0.1952
1.3200 19.8000 -1.7218 0.3025
1.5400 -19.8000 -1.7352 0.1663
1.5400 -19.5800 -1.7347 0.1405
1.5400 -19.3600 -1.7353 0.2229
1.5400 -19.1400 -1.7206 0.3284
1.5400 -18.9200 -1.7397 0.2490
1.5400 -18.7000 -1.7360 0.2109
1.5400 -18.4800 -1.7365 0.3178
1.5400 -18.2600 -1.7255 0.2949
1.5400 -18.0400 -1.7398 0.2203
1.5400 -17.8200 -1.7250 0.2205
1.5400 -17.6000 -1.7208 0.3471
1.5400 -17.3800 -1.7204 0.1506
1.5400 -17.1600 -1.7341 0.3009
1.5400 -16.9400 -1.7225 0.3672
1.5400 -16.7200 -1.7153 0.3694
1.5400 -16.5000 -1.7334 0.3009
1.5400 -16.2800 -1.7166 0.2894
1.5400 -16.0600 -1.7259 0.2451
1.5400 -15.8400 -1.7258 0.2408
1.5400 -15.6200 -1.7307 0.2637
1.5400 -15.4000 -1.7319 0.3603
1.5400 -15.1800 -1.7249 0.2235
1.5400 -14.9600 -1.7372 0.2566
1.5400 -14.7400 -1.7356 0.3185
1.5400 -14.5200 -1.7290 0.1492
1.5400 -14.3000 -1.7393 0.1223
1.5400 -14.0800 -1.7151 0.3015
1.5400 -13.8600 -1.7342 0.3696
1.5400 -13.6400 -1.7246 0.2205
1.5400 -13.4200 -1.7332 0.1562
1.5400 -13.2000 -1.7321 0.2412
1.5400 -12.9800 -1.7229 0.2197
1.5400 -12.7600 -1.7154 0.1909
1.5400 -12.5400 -1.7315 0.2636
1.5400 -12.3200 -1.7235 0.3699
1.5400 -12.1000 -1.7190 0.2767
1.5400 -11.8800 -1.7215 0.2971
1.5400 -11.6600 -1.7340 0.3039
1.5400 -11.4400 -1.7270 0.2504
1.5400 -11.2200 -1.7268 0.3547
1.5400 -11.0000 -1.7211 0.3631
1.5400 -10.7800 -1.7388 0.3167
1.5400 -10.5600 -1.7300 0.2454
1.5400 -10.3400 -1.7261 0.3470
1.5400 -10.1200 -1.7323 0.2279
1.5400 -9.9000 -1.7177 0.3099
1.5400 -9.6800 -1.7254 0.2634
1.5400 -9.4600 -1.7175 0.1551
1.5400 -9.2400 -1.7363 0.1312
1.5400 -9.0200 -1.7389 0.1608
1.5400 -8.8000 -1.7393 0.2493
1.5400 -8.5800 -1.7315 0.3190
1.5400 -8.3600 -1.7323 0.3475
1.5400 -8.1400 -1.7287 0.1939
1.5400 -7.9200 -1.7389 0.2958
1.5400 -7.7000 -1.7378 0.1848
1.5400 -7.4800 -1.7257 0.2479
1.5400 -7.2600 -1.7201 0.3525
1.5400 -7.0400 -1.7214 0.2533
1.5400 -6.8200 -1.7371 0.3506
1.5400 -6.6000 -1.7323 0.2156
1.5400 -6.3800 -1.7325 0.3064
1.5400 -6.1600 -1.7392 0.3026
1.5400 -5.9400 -1.7224 0.2202
1.5400 -5.7200 -1.7223 0.1223
1.5400 -5.5000 -1.7191 0.3676
1.5400 -5.2800 -1.7154 0.1866
1.5400 -5.0600 -1.7155 0.1688
1.5400 -4.8400 -1.7212 0.2727
1.5400 -4.6200 -1.7165 0.3294
1.5400 -4.4000 -1.7251 0.2132
1.5400 -4.1800 -1.7168 0.2885
1.5400 -3.9600 -1.7204 0.3525
1.5400 -3.7400 -1.7389 0.3072
1.5400 -3.5200 -1.7205 0.1664
1.5400 -3.3000 -1.7336 0.1264
1.5400 -3.0800 -1.7220 0.2734
1.5400 -2.8600 -1.7340 0.2202
1.5400 -2.6400 -1.7372 0.2793
1.5400 -2.4200 -1.7272 0.2501
1.5400 -2.2000 -1.7222 0.2161
1.5400 -1.9800 -1.7320 0.1270
1.5400 -1.7600 -1.7382 0.1908
1.5400 -1.5400 -1.7283 0.2869
1.5400 -1.3200 -1.7163 0.2179
1.5400 -1.1000 -1.7246 0.1967
1.5400 -0.8800 -1.7347 0.1910
1.5400 -0.6600 -1.7192 0.3049
1.5400 -0.4400 -1.7391 0.2767
1.5400 -0.2200 -1.7390 0.2378
1.5400 -0.0000 -1.7184 0.2734
1.5400 0.2200 -1.7238 0.2714
1.5400 0.4400 -1.7236 0.1603
1.5400 0.6600 -1.7266 0.1566
1.5400 0.8800 -1.7380 0.3429
1.5400 1.1000 -1.7352 0.3094
1.5400 1.3200 -1.7387 0.3303
1.5400 1.5400 -1.7157 0.2042
1.5400 1.7600 -1.7230 0.1518
1.5400 1.9800 -1.7389 0.1658
1.5400 2.2000 -1.7263 0.2530
1.5400 2.4200 -1.7191 0.1456
1.5400 2.6400 -1.7293 0.1309
1.5400 2.8600 -1.7320 0.3680
1.5400 3.0800 -1.7187 0.1325
1.5400 3.3000 -1.7306 0.1745
1.5400 3.5200 -1.7244 0.3383
1.5400 3.7400 -1.7240 0.3388
1.5400 3.9600 -1.7192 0.1895
1.5400 4.1800 -1.7282 0.2282
1.5400 4.4000 -1.7287 0.3541
1.5400 4.6200 -1.7275 0.1683
1.5400 4.8400 -1.7344 0.3251
1.5400 5.0600 -1.7221 0.1935
1.5400 5.2800 -1.7282 0.3040
1.5400 5.5000 -1.7219 0.2093
1.5400 5.7200 -1.7325 0.3611
1.5400 5.9400 -1.7180 0.2405
1.5400 6.1600 -1.7306 0.3600
1.5400 6.3800 -1.7212 0.1209
1.5400 6.6000 -1.7230 0.1235
1.5400 6.8200 -1.7277 0.3245
1.5400 7.0400 -1.7222 0.1355
1.5400 7.2600 -1.7172 0.1846
1.5400 7.4800 -1.7375 0.1430
1.5400 7.7000 -1.7301 0.1996
1.5400 7.9200 -1.7198 0.3568
1.5400 8.1400 -1.7161 0.2409
1.5400 8.3600 -1.7318 0.2445
1.5400 8.5800 -1.7346 0.1629
1.5400 8.8000 -1.7218 0.3147
1.5400 9.0200 -1.7304 0.2907
1.5400 9.2400 -1.7374 0.3038
1.5400 9.4600 -1.7343 0.3549
1.5400 9.6800 -1.7321 0.3312
1.5400 9.9000 -1.7159 0.1771
1.5400 10.1200 -1.7175 0.3652
1.5400 10.3400 -1.7235 0.3365
1.5400 10.5600 -1.7284 0.1524
1.5400 10.7800 -1.7292 0.1959
1.5400 11.0000 -1.7228 0.3065
1.5400 11.2200 -1.7374 0.2052
1.5400 11.4400 -1.7220 0.2281
1.5400 11.6600 -1.7254 0.2531
1.5400 11.8800 -1.7207 0.2033
1.5400 12.1000 -1.7275 0.3262
1.5400 12.3200 -1.7249 0.1768
1.5400 12.5400 -1.7152 0.1289
1.5400 12.7600 -1.7218 0.2419
1.5400 12.9800 -1.7194 0.2984
1.5400 13.2000 -1.7237 0.3555
1.5400 13.4200 -1.7262 0.2180
1.5400 13.6400 -1.7250 0.2695
1.5400 13.8600 -1.7169 0.1447
1.5400 14.0800 -1.7381 0.1762
1.5400 14.3000 -1.7354 0.1810
1.5400 14.5200 -1.7400 0.1340
1.5400 14.7400 -1.7329 0.2725
1.5400 14.9600 -1.7200 0.3485
1.5400 15.1800 -1.7190 0.1993
1.5400 15.4000 -1.7182 0.2068
1.5400 15.6200 -1.7241 0.1383
1.5400 15.8400 -1.7235 0.3682
1.5400 16.0600 -1.7256 0.1710
1.5400 16.2800 -1.7207 0.2930
1.5400 16.5000 -1.7312 0.1861
1.5400 16.7200 -1.7172 0.1522
1.5400 16.9400 -1.7195 0.3480
1.5400 17.1600 -1.7185 0.3190
1.5400 17.3800 -1.7356 0.1286
1.5400 17.6000 -1.7395 0.1382
1.5400 17.8200 -1.7241 0.2570
1.5400 18.0400 -1.7337 0.3454
1.5400 18.2600 -1.7191 0.2759
1.5400 18.4800 -1.7195 0.2701
1.5400 18.7000 -1.7198 0.2086
1.5400 18.9200 -1.7251 0.1944
1.5400 19.1400 -1.7320 0.2611
1.5400 19.3600 -1.7318 0.2971
1.5400 19.5800 -1.7227 0.3057
1.5400 19.8000 -1.7322 0.1879
1.7600 -19.8000 -1.7263 0.3184
1.7600 -19.5800 -1.7400 0.3103
1.7600 -19.3600 -1.7272 0.2522
1.7600 -19.1400 -1.7280 0.2639
1.7600 -18.9200 -1.7158 0.2089
1.7600 -18.7000 -1.7280 0.1650
1.7600 -18.4800 -1.7201 0.2155
1.7600 -18.2600 -1.7223 0.2685
1.7600 -18.0400 -1.7363 0.1303
1.7600 -17.8200 -1.7332 0.1701
1.7600 -17.6000 -1.7206 0.1847
1.7600 -17.3800 -1.7280 0.1356
1.7600 -17.1600 -1.7269 0.1520
1.7600 -16.9400 -1.7363 0.2723
1.7600 -16.7200 -1.7207 0.1284
1.7600 -16.5000 -1.7317 0.2099
1.7600 -16.2800 -1.7209 0.3503
1.7600 -16.0600 -1.7291 0.2426
1.7600 -15.8400 -1.7212 0.1641
1.7600 -15.6200 -1.7159 0.1790
1.7600 -15.4000 -1.7237 0.2781
1.7600 -15.1800 -1.7377 0.1826
1.7600 -14.9600 -1.7174 0.2679
1.7600 -14.7400 -1.7366 0.2447
1.7600 -14.5200 -1.7151 0.3456
1.7600 -14.3000 -1.7284 0.1398
1.7600 -14.0800 -1.7383 0.3060
1.7600 -13.8600 -1.7345 0.1244
1.7600 -13.6400 -1.7280 0.3093
1.7600 -13.4200 -1.7240 0.1937
1.7600 -13.2000 -1.7231 0.2903
1.7600 -12.9800 -1.7246 0.1261
1.7600 -12.7600 -1.7166 0.1490
1.7600 -12.5400 -1.7228 0.1567
1.7600 -12.3200 -1.7304 0.1245
1.7600 -12.1000 -1.7351 0.1562
1.7600 -11.8800 -1.7214 0.3438
1.7600 -11.6600 -1.7347 0.1435
1.7600 -11.4400 -1.7275 0.3485
1.7600 -11.2200 -1.7331 0.1429
1.7600 -11.0000 -1.7229 0.3333
1.7600 -10.7800 -1.7257 0.1628
1.7600 -10.5600 -1.7214 0.2187
1.7600 -10.3400 -1.7378 0.1483
1.7600 -10.1200 -1.7277 0.2472
1.7600 -9.9000 -1.7265 0.1637
1.7600 -9.6800 -1.7175 0.3351
1.7600 -9.4600 -1.7248 0.3355
1.7600 -9.2400 -1.7388 0.1585
1.7600 -9.0200 -1.7352 0.2094
1.7600 -8.8000 -1.7337 0.2023
1.7600 -8.5800 -1.7220 0.3529
1.7600 -8.3600 -1.7199 0.3631
1.7600 -8.1400 -1.7392 0.3509
1.7600 -7.9200 -1.7335 0.1839
1.7600 -7.7000 -1.7266 0.2092
1.7600 -7.4800 -1.7364 0.1233
1.7600 -7.2600 -1.7305 0.1580
1.7600 -7.0400 -1.7389 0.2946
1.7600 -6.8200 -1.7350 0.3458
1.7600 -6.6000 -1.7250 0.3320
1.7600 -6.3800 -1.7213 0.2365
1.7600 -6.1600 -1.7185 0.3267
1.7600 -5.9400 -1.7217 0.1528
1.7600 -5.7200 -1.7375 0.1623
1.7600 -5.5000 -1.7374 0.1994
1.7600 -5.2800 -1.7180 0.1610
1.7600 -5.0600 -1.7331 0.3231
1.7600 -4.8400 -1.7266 0.2939
1.7600 -4.6200 -1.7241 0.3331
1.7600 -4.4000 -1.7355 0.3243
1.7600 -4.1800 -1.7227 0.1718
1.7600 -3.9600 -1.7364 0.1548
1.7600 -3.7400 -1.7385 0.2462
1.7600 -3.5200 -1.7230 0.3178
1.7600 -3.3000 -1.7182 0.3681
1.7600 -3.0800 -1.7196 0.1934
1.7600 -2.8600 -1.7210 0.2612
1.7600 -2.6400 -1.7255 0.2967
1.7600 -2.4200 -1.7323 0.3469
1.7600 -2.2000 -1.7278 0.2935
1.7600 -1.9800 -1.7321 0.3012
1.7600 -1.7600 -1.7158 0.1805
1.7600 -1.5400 -1.7397 0.1440
1.7600 -1.3200 -1.7388 0.1950
1.7600 -1.1000 -1.7165 0.1543
1.7600 -0.8800 -1.7259 0.2268
1.7600 -0.6600 -1.7238 0.1620
1.7600 -0.4400 -1.7177 0.1669
1.7600 -0.2200 -1.7393 0.1809
1.7600 -0.0000 -1.7350 0.3303
1.7600 0.2200 -1.7384 0.2262
1.7600 0.4400 -1.7178 0.2747
1.7600 0.6600 -1.7380 0.2148
1.7600 0.8800 -1.7329 0.2580
1.7600 1.1000 -1.7300 0.1392
1.7600 1.3200 -1.7328 0.2572
1.7600 1.5400 -1.7367 0.3124
1.7600 1.7600 -1.7373 0.3390
1.7600 1.9800 -1.7258 0.2743
1.7600 2.2000 -1.7253 0.2765
1.7600 2.4200 -1.7185 0.1204
1.7600 2.6400 -1.7164 0.3497
1.7600 2.8600 -1.7250 0.1358
1.7600 3.0800 -1.7210 0.2843
1.7600 3.3000 -1.7332 0.2685
1.7600 3.5200 -1.7267 0.1222
1.7600 3.7400 -1.7397 0.2811
1.7600 3.9600 -1.7278 0.2759
1.7600 4.1800 -1.7171 0.2967
1.7600 4.4000 -1.7306 0.2554
1.7600 4.6200 -1.7181 0.3005
1.7600 4.8400 -1.7213 0.2857
1.7600 5.0600 -1.7244 0.2383
1.7600 5.2800 -1.7250 0.1398
1.7600 5.5000 -1.7333 0.2039
1.7600 5.7200 -1.7316 0.1765
1.7600 5.9400 -1.7188 0.2725
1.7600 6.1600 -1.7192 0.1656
1.7600 6.3800 -1.7334 0.3473
1.7600 6.6000 -1.7221 0.1802
1.7600 6.8200 -1.7272 0.3478
1.7600 7.0400 -1.7308 0.3139
1.7600 7.2600 -1.7322 0.1318
1.7600 7.4800 -1.7177 0.3252
1.7600 7.7000 -1.7158 0.1979
1.7600 7.9200 -1.7277 0.2670
1.7600 8.1400 -1.7273 0.2777
1.7600 8.3600 -1.7203 0.2089
1.7600 8.5800 -1.7264 0.2455
1.7600 8.8000 -1.7381 0.2898
1.7600 9.0200 -1.7351 0.1903
1.7600 9.2400 -1.7321 0.1495
1.7600 9.4600 -1.7312 0.1370
1.7600 9.6800 -1.7304 0.2299
1.7600 9.9000 -1.7157 0.1669
1.7600 10.1200 -1.7315 0.1812
1.7600 10.3400 -1.7155 0.1439
1.7600 10.5600 -1.7155 0.3027
1.7600 10.7800 -1.7388 0.2147
1.7600 11.0000 -1.7257 0.1496
1.7600 11.2200 -1.7331 0.2585
1.7600 11.4400 -1.7155 0.2202
1.7600 11.6600 -1.7282 0.1588
1.7600 11.8800 -1.7236 0.3309
1.7600 12.1000 -1.7264 0.2755
1.7600 12.3200 -1.7202 0.2776
1.7600 12.5400 -1.7282 0.2571
1.7600 12.7600 -1.7379 0.1348
1.7600 12.9800 -1.7273 0.3321
1.7600 13.2000 -1.7210 0.1710
1.7600 13.4200 -1.7301 0.1655
1.7600 13.6400 -1.7266 0.1388
1.7600 13.8600 -1.7375 0.2577
1.7600 14.0800 -1.7233 0.1961
1.7600 14.3000 -1.7316 0.3276
1.7600 14.5200 -1.7154 0.3530
1.7600 14.7400 -1.7302 0.1696
1.7600 14.9600 -1.7198 0.2620
1.7600 15.1800 -1.7156 0.3300
1.7600 15.4000 -1.7393 0.3299
1.7600 15.6200 -1.7339 0.2797
1.7600 15.8400 -1.7282 0.1418
1.7600 16.0600 -1.7233 0.1425
1.7600 16.2800 -1.7286 0.3590
1.7600 16.5000 -1.7322 0.3447
1.7600 16.7200 -1.7359 0.3194
1.7600 16.9400 -1.7337 0.3611
1.7600 17.1600 -1.7172 0.3076
1.7600 17.3800 -1.7165 0.1382
1.7600 17.6000 -1.7338 0.3492
1.7600 17.8200 -1.7187 0.2187
1.7600 18.0400 -1.7354 0.1586
1.7600 18.2600 -1.7308 0.3409
1.7600 18.4800 -1.7279 0.1249
1.7600 18.7000 -1.7366 0.2884
1.7600 18.9200 -1.7267 0.2733
1.7600 19.1400 -1.7320 0.2552
1.7600 19.3600 -1.7202 0.2872
1.7600 19.5800 -1.7168 0.2794
1.7600 19.8000 -1.7191 0.1899
1.9800 -19.8000 -1.7304 0.1578
1.9800 -19.5800 -1.7219 0.3137
1.9800 -19.3600 -1.7294 0.1523
1.9800 -19.1400 -1.7170 0.1806
1.9800 -18.9200 -1.7223 0.1681
1.9800 -18.7000 -1.7220 0.3119
1.9800 -18.4800 -1.7293 0.2397
1.9800 -18.2600 -1.7210 0.1708
1.9800 -18.0400 -1.7212 0.1617
1.9800 -17.8200 -1.7314 0.3381
1.9800 -17.6000 -1.7297 0.2716
1.9800 -17.3800 -1.7389 0.2257
1.9800 -17.1600 -1.7184 0.2254
1.9800 -16.9400 -1.7257 0.2504
1.9800 -16.7200 -1.7222 0.3146
1.9800 -16.5000 -1.7316 0.1614
1.9800 -16.2800 -1.7230 0.1419
1.9800 -16.0600 -1.7304 0.3215
1.9800 -15.8400 -1.7398 0.2769
1.9800 -15.6200 -1.7381 0.1464
1.9800 -15.4000 -1.7375 0.1389
1.9800 -15.1800 -1.7205 0.2281
1.9800 -14.9600 -1.7173 0.3005
1.9800 -14.7400 -1.7386 0.1631
1.9800 -14.5200 -1.7310 0.3299
1.9800 -14.3000 -1.7354 0.3185
1.9800 -14.0800 -1.7378 0.2247
1.9800 -13.8600 -1.7272 0.1412
1.9800 -13.6400 -1.7300 0.1884
1.9800 -13.4200 -1.7233 0.2356
1.9800 -13.2000 -1.7233 0.1285
1.9800 -12.9800 -1.7311 0.2787
1.9800 -12.7600 -1.7343 0.2152
1.9800 -12.5400 -1.7174 0.2892
1.9800 -12.3200 -1.7353 0.2297
1.9800 -12.1000 -1.7385 0.2429
1.9800 -11.8800 -1.7175 0.1795
1.9800 -11.6600 -1.7187 0.3696
1.9800 -11.4400 -1.7195 0.3216
1.9800 -11.2200 -1.7348 0.1440
1.9800 -11.0000 -1.7274 0.3320
1.9800 -10.7800 -1.7309 0.1572
1.9800 -10.5600 -1.7196 0.3116
1.9800 -10.3400 -1.7254 0.1710
1.9800 -10.1200 -1.7288 0.1687
1.9800 -9.9000 -1.7153 0.3580
1.9800 -9.6800 -1.7254 0.3479
1.9800 -9.4600 -1.7269 0.1844
1.9800 -9.2400 -1.7377 0.3031
1.9800 -9.0200 -1.7339 0.1226
1.9800 -8.8000 -1.7202 0.2147
1.9800 -8.5800 -1.7204 0.3106
1.9800 -8.3600 -1.7298 0.1826
1.9800 -8.1400 -1.7275 0.3092
1.9800 -7.9200 -1.7327 0.3269
1.9800 -7.7000 -1.7388 0.1579
1.9800 -7.4800 -1.7178 0.2656
1.9800 -7.2600 -1.7218 0.1443
1.9800 -7.0400 -1.7171 0.2111
1.9800 -6.8200 -1.7280 0.3324
1.9800 -6.6000 -1.7335 0.3084
1.9800 -6.3800 -1.7273 0.1869
1.9800 -6.1600 -1.7267 0.1408
1.9800 -5.9400 -1.7386 0.2303
1.9800 -5.7200 -1.7237 0.3354
1.9800 -5.5000 -1.7208 0.2338
1.9800 -5.2800 -1.7337 0.2677
1.9800 -5.0600 -1.7168 0.1677
1.9800 -4.8400 -1.7292 0.1608
1.9800 -4.6200 -1.7289 0.3112
1.9800 -4.4000 -1.7305 0.2855
1.9800 -4.1800 -1.7391 0.1396
1.9800 -3.9600 -1.7193 0.2979
1.9800 -3.7400 -1.7360 0.3633
1.9800 -3.5200 -1.7310 0.1650
1.9800 -3.3000 -1.7192 0.1732
1.9800 -3.0800 -1.7231 0.3513
1.9800 -2.8600 -1.7155 0.3216
1.9800 -2.6400 -1.7175 0.3317
1.9800 -2.4200 -1.7359 0.3302
1.9800 -2.2000 -1.7157 0.3000
1.9800 -1.9800 -1.7223 0.2715
1.9800 -1.7600 -1.7399 0.1806
1.9800 -1.5400 -1.7241 0.2856
1.9800 -1.3200 -1.7228 0.1436
1.9800 -1.1000 -1.7187 0.1492
1.9800 -0.8800 -1.7280 0.2386
1.9800 -0.6600 -1.7373 0.3691
1.9800 -0.4400 -1.7380 0.2877
1.9800 -0.2200 -1.7357 0.1300
1.9800 -0.0000 -1.7275 0.3080
1.9800 0.2200 -1.7290 0.2297
1.9800 0.4400 -1.7151 0.2193
1.9800 0.6600 -1.7392 0.2341
1.9800 0.8800 -1.7383 0.1877
1.9800 1.1000 -1.7232 0.3534
1.9800 1.3200 -1.7186 0.2724
1.9800 1.5400 -1.7373 0.1859
1.9800 1.7600 -1.7198 0.1456
1.9800 1.9800 -1.7300 0.1327
1.9800 2.2000 -1.7177 0.1505
1.9800 2.4200 -1.7251 0.3079
1.9800 2.6400 -1.7354 0.1981
1.9800 2.8600 -1.7298 0.3450
1.9800 3.0800 -1.7196 0.2242
1.9800 3.3000 -1.7173 0.1645
1.9800 3.5200 -1.7259 0.2692
1.9800 3.7400 -1.7320 0.2348
1.9800 3.9600 -1.7182 0.2146
1.9800 4.1800 -1.7286 0.1571
1.9800 4.4000 -1.7189 0.2587
1.9800 4.6200 -1.7346 0.2293
1.9800 4.8400 -1.7283 0.2186
1.9800 5.0600 -1.7326 0.1891
1.9800 5.2800 -1.7192 0.2176
1.9800 5.5000 -1.7388 0.2245
1.9800 5.7200 -1.7234 0.2523
1.9800 5.9400 -1.7395 0.1780
1.9800 6.1600 -1.7361 0.2169
1.9800 6.3800 -1.7209 0.3113
1.9800 6.6000 -1.7348 0.3496
1.9800 6.8200 -1.7317 0.2255
1.9800 7.0400 -1.7356 0.1423
1.9800 7.2600 -1.7201 0.2451
1.9800 7.4800 -1.7220 0.2302
1.9800 7.7000 -1.7248 0.1666
1.9800 7.9200 -1.7196 0.1556
1.9800 8.1400 -1.7170 0.3680
1.9800 8.3600 -1.7306 0.3272
1.9800 8.5800 -1.7334 0.2627
1.9800 8.8000 -1.7202 0.2686
1.9800 9.0200 -1.7229 0.2671
1.9800 9.2400 -1.7307 0.1958
1.9800 9.4600 -1.7325 0.1781
1.9800 9.6800 -1.7287 0.1715
1.9800 9.9000 -1.7392 0.2475
1.9800 10.1200 -1.7319 0.2881
1.9800 10.3400 -1.7212 0.1895
1.9800 10.5600 -1.7235 0.1616
1.9800 10.7800 -1.7210 0.3659
1.9800 11.0000 -1.7335 0.2024
1.9800 11.2200 -1.7360 0.1859
1.9800 11.4400 -1.7281 0.1203
1.9800 11.6600 -1.7298 0.2655
1.9800 11.8800 -1.7224 0.3478
1.9800 12.1000 -1.7206 0.3539
1.9800 12.3200 -1.7343 0.3662
1.9800 12.5400 -1.7152 0.3184
1.9800 12.7600 -1.7210 0.1356
1.9800 12.9800 -1.7328 0.1615
1.9800 13.2000 -1.7164 0.1225
1.9800 13.4200 -1.7211 0.2472
1.9800 13.6400 -1.7231 0.3626
1.9800 13.8600 -1.7248 0.1959
1.9800 14.0800 -1.7206 0.2000
1.9800 14.3000 -1.7324 0.1728
1.9800 14.5200 -1.7270 0.2616
1.9800 14.7400 -1.7213 0.2260
1.9800 14.9600 -1.7298 0.2020
1.9800 15.1800 -1.7333 0.1258
1.9800 15.4000 -1.7194 0.1509
1.9800 15.6200 -1.7383 0.1968
1.9800 15.8400 -1.7399 0.1339
1.9800 16.0600 -1.7169 0.3541
1.9800 16.2800 -1.7357 0.2577
1.9800 16.5000 -1.7248 0.1232
1.9800 16.7200 -1.7231 0.1736
1.9800 16.9400 -1.7201 0.1283
1.9800 17.1600 -1.7284 0.1839
1.9800 17.3800 -1.7196 0.2797
1.9800 17.6000 -1.7341 0.1260
1.9800 17.8200 -1.7169 0.1305
1.9800 18.0400 -1.7233 0.2037
1.9800 18.2600 -1.7367 0.2788
1.9800 18.4800 -1.7226 0.3212
1.9800 18.7000 -1.7221 0.2456
1.9800 18.9200 -1.7361 0.2978
1.9800 19.1400 -1.7343 0.3049
1.9800 19.3600 -1.7237 0.2908
1.9800 19.5800 -1.7344 0.3027
1.9800 19.8000 -1.7390 0.1266
2.2000 -19.8000 -1.7221 0.1519
2.2000 -19.5800 -1.7162 0.3387
2.2000 -19.3600 -1.7198 0.2344
2.2000 -19.1400 -1.7397 0.2352
2.2000 -18.9200 -1.7304 0.1694
2.2000 -18.7000 -1.7271 0.3281
2.2000 -18.4800 -1.7259 0.3035
2.2000 -18.2600 -1.7187 0.2748
2.2000 -18.0400 -1.7370 0.2223
2.2000 -17.8200 -1.7217 0.2793
2.2000 -17.6000 -1.7395 0.1877
2.2000 -17.3800 -1.7306 0.2150
2.2000 -17.1600 -1.7215 0.3045
2.2000 -16.9400 -1.7218 0.1732
2.2000 -16.7200 -1.7395 0.3061
2.2000 -16.5000 -1.7260 0.1988
2.2000 -16.2800 -1.7289 0.1415
2.2000 -16.0600 -1.7221 0.3543
2.2000 -15.8400 -1.7350 0.3597
2.2000 -15.6200 -1.7197 0.1894
2.2000 -15.4000 -1.7199 0.2539
2.2000 -15.1800 -1.7359 0.3254
2.2000 -14.9600 -1.7212 0.3481
2.2000 -14.7400 -1.7175 0.3119
2.2000 -14.5200 -1.7238 0.3226
2.2000 -14.3000 -1.7270 0.1536
2.2000 -14.0800 -1.7171 0.2100
2.2000 -13.8600 -1.7206 0.2036
2.2000 -13.6400 -1.7162 0.2754
2.2000 -13.4200 -1.7367 0.1536
2.2000 -13.2000 -1.7370 0.3381
2.2000 -12.9800 -1.7349 0.3333
2.2000 -12.7600 -1.7357 0.2109
2.2000 -12.5400 -1.7340 0.1308
2.2000 -12.3200 -1.7373 0.2243
2.2000 -12.1000 -1.7225 0.3281
2.2000 -11.8800 -1.7211 0.2899
2.2000 -11.6600 -1.7362 0.3603
2.2000 -11.4400 -1.7160 0.2430
2.2000 -11.2200 -1.7384 0.3534
2.2000 -11.0000 -1.7386 0.1447
2.2000 -10.7800 -1.7297 0.2543
2.2000 -10.5600 -1.7352 0.1804
2.2000 -10.3400 -1.7226 0.1789
2.2000 -10.1200 -1.7392 0.2692
2.2000 -9.9000 -1.7220 0.2009
2.2000 -9.6800 -1.7341 0.2807
2.2000 -9.4600 -1.7381 0.3262
2.2000 -9.2400 -1.7221 0.2985
2.2000 -9.0200 -1.7319 0.2884
2.2000 -8.8000 -1.7168 0.3071
2.2000 -8.5800 -1.7206 0.2893
2.2000 -8.3600 -1.7201 0.2985
2.2000 -8.1400 -1.7244 0.1556
2.2000 -7.9200 -1.7191 0.2648
2.2000 -7.7000 -1.7256 0.2186
2.2000 -7.4800 -1.7216 0.3373
2.2000 -7.2600 -1.7329 0.3218
2.2000 -7.0400 -1.7298 0.1578
2.2000 -6.8200 -1.7308 0.3153
2.2000 -6.6000 -1.7382 0.2684
2.2000 -6.3800 -1.7316 0.3509
2.2000 -6.1600 -1.7160 0.1992
2.2000 -5.9400 -1.7216 0.2331
2.2000 -5.7200 -1.7336 0.3331
2.2000 -5.5000 -1.7265 0.3370
2.2000 -5.2800 -1.7231 0.1959
2.2000 -5.0600 -1.7309 0.2846
2.2000 -4.8400 -1.7293 0.3528
2.2000 -4.6200 -1.7286 0.2254
2.2000 -4.4000 -1.7287 0.2604
2.2000 -4.1800 -1.7207 0.2681
2.2000 -3.9600 -1.7277 0.1536
2.2000 -3.7400 -1.7308 0.2910
2.2000 -3.5200 -1.7327 0.1203
2.2000 -3.3000 -1.7389 0.2953
2.2000 -3.0800 -1.7222 0.3027
2.2000 -2.8600 -1.7392 0.2193
2.2000 -2.6400 -1.7387 0.1966
2.2000 -2.4200 -1.7170 0.2668
2.2000 -2.2000 -1.7334 0.2080
2.2000 -1.9800 -1.7196 0.2691
2.2000 -1.7600 -1.7188 0.2063
2.2000 -1.5400 -1.7370 0.2295
2.2000 -1.3200 -1.7302 0.3472
2.2000 -1.1000 -1.7202 0.3136
2.2000 -0.8800 -1.7373 0.3515
2.2000 -0.6600 -1.7160 0.1292
2.2000 -0.4400 -1.7371 0.2987
2.2000 -0.2200 -1.7201 0.3361
2.2000 -0.0000 -1.7368 0.3140
2.2000 0.2200 -1.7331 0.1846
2.2000 0.4400 -1.7164 0.1499
2.2000 0.6600 -1.7298 0.1244
2.2000 0.8800 -1.7166 0.3200
2.2000 1.1000 -1.7326 0.3532
2.2000 1.3200 -1.7377 0.1980
2.2000 1.5400 -1.7173 0.3160
2.2000 1.7600 -1.7307 0.2904
2.2000 1.9800 -1.7365 0.3326
2.2000 2.2000 -1.7168 0.2925
2.2000 2.4200 -1.7348 0.1943
2.2000 2.6400 -1.7392 0.2891
2.2000 2.8600 -1.7192 0.1884
2.2000 3.0800 -1.7306 0.3622
2.2000 3.3000 -1.7273 0.3144
2.2000 3.5200 -1.7315 0.2477
2.2000 3.7400 -1.7158 0.3641
2.2000 3.9600 -1.7316 0.2156
2.2000 4.1800 -1.7177 0.2287
2.2000 4.4000 -1.7345 0.1859
2.2000 4.6200 -1.7345 0.1522
2.2000 4.8400 -1.7292 0.2308
2.2000 5.0600 -1.7244 0.1674
2.2000 5.2800 -1.7239 0.2849
2.2000 5.5000 -1.7210 0.2351
2.2000 5.7200 -1.7299 0.1897
2.2000 5.9400 -1.7170 0.3303
2.2000 6.1600 -1.7208 0.1842
2.2000 6.3800 -1.7194 0.3180
2.2000 6.6000 -1.7174 0.3230
2.2000 6.8200 -1.7348 0.2946
2.2000 7.0400 -1.7335 0.2127
2.2000 7.2600 -1.7283 0.2942
2.2000 7.4800 -1.7223 0.3535
2.2000 7.7000 -1.7264 0.3583
2.2000 7.9200 -1.7384 0.1687
2.2000 8.1400 -1.7386 0.1908
2.2000 8.3600 -1.7391 0.1913
2.2000 8.5800 -1.7353 0.1261
2.2000 8.8000 -1.7371 0.2858
2.2000 9.0200 -1.7367 0.2568
2.2000 9.2400 -1.7217 0.1630
2.2000 9.4600 -1.7243 0.2132
2.2000 9.6800 -1.7329 0.1850
2.2000 9.9000 -1.7172 0.1343
2.2000 10.1200 -1.7222 0.1817
2.2000 10.3400 -1.7236 0.2359
2.2000 10.5600 -1.7290 0.2384
2.2000 10.7800 -1.7207 0.1479
2.2000 11.0000 -1.7344 0.1966
2.2000 11.2200 -1.7291 0.3547
2.2000 11.4400 -1.7386 0.2184
2.2000 11.6600 -1.7383 0.2898
2.2000 11.8800 -1.7325 0.2689
2.2000 12.1000 -1.7167 0.3273
2.2000 12.3200 -1.7388 0.1805
2.2000 12.5400 -1.7251 0.3115
2.2000 12.7600 -1.7325 0.1224
2.2000 12.9800 -1.7337 0.1622
2.2000 13.2000 -1.7279 0.1851
2.2000 13.4200 -1.7299 0.2185
2.2000 13.6400 -1.7299 0.2987
2.2000 13.8600 -1.7225 0.1577
2.2000 14.0800 -1.7241 0.1229
2.2000 14.3000 -1.7297 0.1903
2.2000 14.5200 -1.7334 0.2238
2.2000 14.7400 -1.7376 0.2884
2.2000 14.9600 -1.7380 0.2198
2.2000 15.1800 -1.7360 0.1363
2.2000 15.4000 -1.7335 0.1719
2.2000 15.6200 -1.7165 0.3168
2.2000 15.8400 -1.7268 0.2807
2.2000 16.0600 -1.7352 0.3197
2.2000 16.2800 -1.7160 0.3129
2.2000 16.5000 -1.7236 0.2577
2.2000 16.7200 -1.7272 0.1871
2.2000 16.9400 -1.7212 0.1837
2.2000 17.1600 -1.7208 0.3335
2.2000 17.3800 -1.7258 0.3129
2.2000 17.6000 -1.7314 0.3323
2.2000 17.8200 -1.7218 0.2923
2.2000 18.0400 -1.7172 0.2848
2.2000 18.2600 -1.7372 0.1475
2.2000 18.4800 -1.7262 0.3550
2.2000 18.7000 -1.7253 0.3606
2.2000 18.9200 -1.7319 0.3498
2.2000 19.1400 -1.7395 0.1311
2.2000 19.3600 -1.7352 0.2070
2.2000 19.5800 -1.7339 0.1807
2.2000 19.8000 -1.7342 0.1334
2.4200 -19.8000 -1.7278 0.1307
2.4200 -19.5800 -1.7188 0.2498
2.4200 -19.3600 -1.7157 0.3563
2.4200 -19.1400 -1.7389 0.1302
2.4200 -18.9200 -1.7193 0.2278
2.4200 -18.7000 -1.7356 0.1790
2.4200 -18.4800 -1.7359 0.2531
2.4200 -18.2600 -1.7194 0.3072
2.4200 -18.0400 -1.7372 0.1442
2.4200 -17.8200 -1.7194 0.3505
2.4200 -17.6000 -1.7346 0.1775
2.4200 -17.3800 -1.7292 0.1897
2.4200 -17.1600 -1.7179 0.2669
2.4200 -16.9400 -1.7269 0.2606
2.4200 -16.7200 -1.7322 0.1880
2.4200 -16.5000 -1.7179 0.1991
2.4200 -16.2800 -1.7233 0.1880
2.4200 -16.0600 -1.7214 0.2139
2.4200 -15.8400 -1.7394 0.3677
2.4200 -15.6200 -1.7270 0.2785
2.4200 -15.4000 -1.7183 0.2467
2.4200 -15.1800 -1.7151 0.1759
2.4200 -14.9600 -1.7285 0.1412
2.4200 -14.7400 -1.7239 0.2431
2.4200 -14.5200 -1.7368 0.2704
2.4200 -14.3000 -1.7310 0.2971
2.4200 -14.0800 -1.7344 0.2346
2.4200 -13.8600 -1.7152 0.3394
2.4200 -13.6400 -1.7350 0.3215
2.4200 -13.4200 -1.7179 0.3213
2.4200 -13.2000 -1.7264 0.3270
2.4200 -12.9800 -1.7322 0.2567
2.4200 -12.7600 -1.7271 0.2117
2.4200 -12.5400 -1.7393 0.2419
2.4200 -12.3200 -1.7396 0.3106
2.4200 -12.1000 -1.7330 0.2056
2.4200 -11.8800 -1.7219 0.1442
2.4200 -11.6600 -1.7200 0.3037
2.4200 -11.4400 -1.7307 0.2855
2.4200 -11.2200 -1.7385 0.3174
2.4200 -11.0000 -1.7180 0.2692
2.4200 -10.7800 -1.7353 0.1441
2.4200 -10.5600 -1.7346 0.2792
2.4200 -10.3400 -1.7252 0.3077
2.4200 -10.1200 -1.7350 0.3376
2.4200 -9.9000 -1.7295 0.2503
2.4200 -9.6800 -1.7322 0.3164
2.4200 -9.4600 -1.7327 0.1629
2.4200 -9.2400 -1.7365 0.2087
2.4200 -9.0200 -1.7184 0.2445
2.4200 -8.8000 -1.7394 0.2969
2.4200 -8.5800 -1.7230 0.3344
2.4200 -8.3600 -1.7236 0.3274
2.4200 -8.1400 -1.7187 0.3536
2.4200 -7.9200 -1.7186 0.2471
2.4200 -7.7000 -1.7335 0.1728
2.4200 -7.4800 -1.7279 0.1782
2.4200 -7.2600 -1.7190 0.3661
2.4200 -7.0400 -1.7151 0.1573
2.4200 -6.8200 -1.7183 0.2624
2.4200 -6.6000 -1.7240 0.2465
2.4200 -6.3800 -1.7327 0.2665
2.4200 -6.1600 -1.7199 0.3285
2.4200 -5.9400 -1.7195 0.2596
2.4200 -5.7200 -1.7171 0.2519
2.4200 -5.5000 -1.7392 0.1543
2.4200 -5.2800 -1.7231 0.2589
2.4200 -5.0600 -1.7322 0.1321
2.4200 -4.8400 -1.7332 0.3591
2.4200 -4.6200 -1.7156 0.3518
2.4200 -4.4000 -1.7173 0.2375
2.4200 -4.1800 -1.7225 0.1630
2.4200 -3.9600 -1.7262 0.3260
2.4200 -3.7400 -1.7348 0.1336
2.4200 -3.5200 -1.7223 0.3117
2.4200 -3.3000 -1.7225 0.1447
2.4200 -3.0800 -1.7215 0.3163
2.4200 -2.8600 -1.7280 0.2019
2.4200 -2.6400 -1.7239 0.2790
2.4200 -2.4200 -1.7300 0.3272
2.4200 -2.2000 -1.7179 0.1898
2.4200 -1.9800 -1.7325 0.2832
2.4200 -1.7600 -1.7379 0.3059
2.4200 -1.5400 -1.7280 0.2566
2.4200 -1.3200 -1.7296 0.1202
2.4200 -1.1000 -1.7181 0.2395
2.4200 -0.8800 -1.7341 0.2015
2.4200 -0.6600 -1.7203 0.2491
2.4200 -0.4400 -1.7325 0.2417
2.4200 -0.2200 -1.7304 0.2539
2.4200 -0.0000 -1.7156 0.2812
2.4200 0.2200 -1.7290 0.3179
2.4200 0.4400 -1.7295 0.3503
2.4200 0.6600 -1.7169 0.3066
2.4200 0.8800 -1.7379 0.3106
2.4200 1.1000 -1.7316 0.3266
2.4200 1.3200 -1.7372 0.2936
2.4200 1.5400 -1.7153 0.1753
2.4200 1.7600 -1.7221 0.2021
2.4200 1.9800 -1.7289 0.1486
2.4200 2.2000 -1.7342 0.3242
2.4200 2.4200 -1.7309 0.1414
2.4200 2.6400 -1.7340 0.2578
2.4200 2.8600 -1.7272 0.2143
2.4200 3.0800 -1.7303 0.1745
2.4200 3.3000 -1.7249 0.1483
2.4200 3.5200 -1.7359 0.3224
2.4200 3.7400 -1.7224 0.3059
2.4200 3.9600 -1.7289 0.1425
2.4200 4.1800 -1.7227 0.2226
2.4200 4.4000 -1.7368 0.3392
2.4200 4.6200 -1.7219 0.2353
2.4200 4.8400 -1.7262 0.2736
2.4200 5.0600 -1.7218 0.1930
2.4200 5.2800 -1.7237 0.2536
2.4200 5.5000 -1.7247 0.2491
2.4200 5.7200 -1.7397 0.3011
2.4200 5.9400 -1.7191 0.2877
2.4200 6.1600 -1.7232 0.1611
2.4200 6.3800 -1.7206 0.1717
2.4200 6.6000 -1.7201 0.3459
2.4200 6.8200 -1.7159 0.3020
2.4200 7.0400 -1.7181 0.2142
2.4200 7.2600 -1.7169 0.1625
2.4200 7.4800 -1.7247 0.1999
2.4200 7.7000 -1.7366 0.3465
2.4200 7.9200 -1.7227 0.2430
2.4200 8.1400 -1.7233 0.1279
2.4200 8.3600 -1.7296 0.3342
2.4200 8.5800 -1.7227 0.1875
2.4200 8.8000 -1.7176 0.1545
2.4200 9.0200 -1.7284 0.2531
2.4200 9.2400 -1.7187 0.2234
2.4200 9.4600 -1.7163 0.1616
2.4200 9.6800 -1.7351 0.2102
2.4200 9.9000 -1.7210 0.1474
2.4200 10.1200 -1.7255 0.3383
2.4200 10.3400 -1.7293 0.1632
2.4200 10.5600 -1.7344 0.3610
2.4200 10.7800 -1.7353 0.3605
2.4200 11.0000 -1.7272 0.2780
2.4200 11.2200 -1.7307 0.2704
2.4200 11.4400 -1.7296 0.2249
2.4200 11.6600 -1.7235 0.1343
2.4200 11.8800 -1.7205 0.2212
2.4200 12.1000 -1.7160 0.1839
2.4200 12.3200 -1.7203 0.1779
2.4200 12.5400 -1.7167 0.3021
2.4200 12.7600 -1.7371 0.2745
2.4200 12.9800 -1.7381 0.1903
2.4200 13.2000 -1.7235 0.2954
2.4200 13.4200 -1.7383 0.1866
2.4200 13.6400 -1.7370 0.2809
2.4200 13.8600 -1.7388 0.1664
2.4200 14.0800 -1.7353 0.2360
2.4200 14.3000 -1.7286 0.3541
2.4200 14.5200 -1.7327 0.2613
2.4200 14.7400 -1.7253 0.3637
2.4200 14.9600 -1.7243 0.2255
2.4200 15.1800 -1.7295 0.1244
2.4200 15.4000 -1.7202 0.3498
2.4200 15.6200 -1.7195 0.2381
2.4200 15.8400 -1.7354 0.2939
2.4200 16.0600 -1.7263 0.3666
2.4200 16.2800 -1.7206 0.2679
2.4200 16.5000 -1.7383 0.3452
2.4200 16.7200 -1.7321 0.2048
2.4200 16.9400 -1.7315 0.1966
2.4200 17.1600 -1.7393 0.2887
2.4200 17.3800 -1.7293 0.2548
2.4200 17.6000 -1.7164 0.3332
2.4200 17.8200 -1.7157 0.1205
2.4200 18.0400 -1.7311 0.2826
2.4200 18.2600 -1.7231 0.2595
2.4200 18.4800 -1.7294 0.1887
2.4200 18.7000 -1.7321 0.2225
2.4200 18.9200 -1.7212 0.3559
2.4200 19.1400 -1.7174 0.3640
2.4200 19.3600 -1.7376 0.3293
2.4200 19.5800 -1.7163 0.2131
2.4200 19.8000 -1.7341 0.3016
2.6400 -19.8000 -1.7208 0.2925
2.6400 -19.5800 -1.7355 0.3424
2.6400 -19.3600 -1.7209 0.2606
2.6400 -19.1400 -1.7384 0.1496
2.6400 -18.9200 -1.7354 0.1231
2.6400 -18.7000 -1.7176 0.2840
2.6400 -18.4800 -1.7255 0.1796
2.6400 -18.2600 -1.7322 0.2585
2.6400 -18.0400 -1.7195 0.2547
2.6400 -17.8200 -1.7243 0.2035
2.6400 -17.6000 -1.7270 0.1502
2.6400 -17.3800 -1.7289 0.1691
2.6400 -17.1600 -1.7219 0.1789
2.6400 -16.9400 -1.7247 0.2022
2.6400 -16.7200 -1.7270 0.3600
2.6400 -16.5000 -1.7370 0.1272
2.6400 -16.2800 -1.7278 0.1851
2.6400 -16.0600 -1.7252 0.2409
2.6400 -15.8400 -1.7262 0.3557
2.6400 -15.6200 -1.7255 0.3592
2.6400 -15.4000 -1.7244 0.3639
2.6400 -15.1800 -1.7191 0.1788
2.6400 -14.9600 -1.7213 0.2935
2.6400 -14.7400 -1.7292 0.2822
2.6400 -14.5200 -1.7308 0.1373
2.6400 -14.3000 -1.7367 0.1713
2.6400 -14.0800 -1.7268 0.3381
2.6400 -13.8600 -1.7301 0.3017
2.6400 -13.6400 -1.7296 0.1250
2.6400 -13.4200 -1.7225 0.2356
2.6400 -13.2000 -1.7328 0.1565
2.6400 -12.9800 -1.7260 0.2040
2.6400 -12.7600 -1.7380 0.3416
2.6400 -12.5400 -1.7329 0.3085
2.6400 -12.3200 -1.7383 0.1207
2.6400 -12.1000 -1.7262 0.2651
2.6400 -11.8800 -1.7258 0.2585
2.6400 -11.6600 -1.7285 0.2396
2.6400 -11.4400 -1.7173 0.2095
2.6400 -11.2200 -1.7267 0.1579
2.6400 -11.0000 -1.7151 0.3117
2.6400 -10.7800 -1.7326 0.1632
2.6400 -10.5600 -1.7179 0.2817
2.6400 -10.3400 -1.7362 0.1562
2.6400 -10.1200 -1.7246 0.1646
2.6400 -9.9000 -1.7327 0.1582
2.6400 -9.6800 -1.7227 0.2183
2.6400 -9.4600 -1.7327 0.2519
2.6400 -9.2400 -1.7174 0.3498
2.6400 -9.0200 -1.7220 0.2818
2.6400 -8.8000 -1.7358 0.3288
2.6400 -8.5800 -1.7192 0.1254
2.6400 -8.3600 -1.7330 0.2385
2.6400 -8.1400 -1.7290 0.2597
2.6400 -7.9200 -1.7229 0.1418
2.6400 -7.7000 -1.7228 0.3360
2.6400 -7.4800 -1.7309 0.3385
2.6400 -7.2600 -1.7249 0.1402
2.6400 -7.0400 -1.7344 0.3088
2.6400 -6.8200 -1.7395 0.1409
2.6400 -6.6000 -1.7234 0.1436
2.6400 -6.3800 -1.7195 0.3154
2.6400 -6.1600 -1.7370 0.1768
2.6400 -5.9400 -1.7336 0.3508
2.6400 -5.7200 -1.7391 0.1436
2.6400 -5.5000 -1.7288 0.3625
2.6400 -5.2800 -1.7334 0.3552
2.6400 -5.0600 -1.7258 0.3231
2.6400 -4.8400 -1.7297 0.2714
2.6400 -4.6200 -1.7294 0.1839
2.6400 -4.4000 -1.7177 0.1558
2.6400 -4.1800 -1.7213 0.1899
2.6400 -3.9600 -1.7267 0.1869
2.6400 -3.7400 -1.7248 0.3258
2.6400 -3.5200 -1.7179 0.1797
2.6400 -3.3000 -1.7167 0.3269
2.6400 -3.0800 -1.7168 0.2677
2.6400 -2.8600 -1.7395 0.2872
2.6400 -2.6400 -1.7172 0.1461
2.6400 -2.4200 -1.7367 0.1755
2.6400 -2.2000 -1.7218 0.2526
2.6400 -1.9800 -1.7327 0.3644
2.6400 -1.7600 -1.7182 0.2548
2.6400 -1.5400 -1.7306 0.2529
2.6400 -1.3200 -1.7228 0.2136
2.6400 -1.1000 -1.7255 0.2126
2.6400 -0.8800 -1.7164 0.1206
2.6400 -0.6600 -1.7190 0.3402
2.6400 -0.4400 -1.7283 0.1218
2.6400 -0.2200 -1.7295 0.3444
2.6400 -0.0000 -1.7321 0.3343
2.6400 0.2200 -1.7239 0.3548
2.6400 0.4400 -1.7174 0.1463
2.6400 0.6600 -1.7172 0.1968
2.6400 0.8800 -1.7211 0.2533
2.6400 1.1000 -1.7356 0.1770
2.6400 1.3200 -1.7161 0.2263
2.6400 1.5400 -1.7226 0.3529
2.6400 1.7600 -1.7263 0.2599
2.6400 1.9800 -1.7370 0.3131
2.6400 2.2000 -1.7390 0.3082
2.6400 2.4200 -1.7312 0.3211
2.6400 2.6400 -1.7195 0.1739
2.6400 2.8600 -1.7222 0.2748
2.6400 3.0800 -1.7253 0.1748
2.6400 3.3000 -1.7192 0.1858
2.6400 3.5200 -1.7314 0.2549
2.6400 3.7400 -1.7210 0.1682
2.6400 3.9600 -1.7388 0.2395
2.6400 4.1800 -1.7391 0.2702
2.6400 4.4000 -1.7180 0.2213
2.6400 4.6200 -1.7373 0.1338
2.6400 4.8400 -1.7344 0.2094
2.6400 5.0600 -1.7175 0.3591
2.6400 5.2800 -1.7234 0.1818
2.6400 5.5000 -1.7195 0.1984
2.6400 5.7200 -1.7157 0.3552
2.6400 5.9400 -1.7237 0.3033
2.6400 6.1600 -1.7206 0.1457
2.6400 6.3800 -1.7164 0.3585
2.6400 6.6000 -1.7209 0.3552
2.6400 6.8200 -1.7300 0.3631
2.6400 7.0400 -1.7276 0.1661
2.6400 7.2600 -1.7327 0.3337
2.6400 7.4800 -1.7297 0.2553
2.6400 7.7000 -1.7330 0.2837
2.6400 7.9200 -1.7367 0.3286
2.6400 8.1400 -1.7392 0.3241
2.6400 8.3600 -1.7294 0.1206
2.6400 8.5800 -1.7165 0.3284
2.6400 8.8000 -1.7327 0.1742
2.6400 9.0200 -1.7208 0.1346
2.6400 9.2400 -1.7292 0.2053
2.6400 9.4600 -1.7217 0.3374
2.6400 9.6800 -1.7223 0.2416
2.6400 9.9000 -1.7277 0.1925
2.6400 10.1200 -1.7303 0.2543
2.6400 10.3400 -1.7344 0.2107
2.6400 10.5600 -1.7312 0.3186
2.6400 10.7800 -1.7151 0.1444
2.6400 11.0000 -1.7372 0.1333
2.6400 11.2200 -1.7235 0.2659
2.6400 11.4400 -1.7183 0.1359
2.6400 11.6600 -1.7366 0.2626
2.6400 11.8800 -1.7286 0.3141
2.6400 12.1000 -1.7350 0.2753
2.6400 12.3200 -1.7313 0.2299
2.6400 12.5400 -1.7175 0.1394
2.6400 12.7600 -1.7267 0.2320
2.6400 12.9800 -1.7368 0.1455
2.6400 13.2000 -1.7258 0.1761
2.6400 13.4200 -1.7208 0.2029
2.6400 13.6400 -1.7155 0.2111
2.6400 13.8600 -1.7299 0.3391
2.6400 14.0800 -1.7280 0.2239
2.6400 14.3000 -1.7293 0.1272
2.6400 14.5200 -1.7365 0.3240
2.6400 14.7400 -1.7186 0.2444
2.6400 14.9600 -1.7170 0.2289
2.6400 15.1800 -1.7195 0.1552
2.6400 15.4000 -1.7359 0.3399
2.6400 15.6200 -1.7206 0.3132
2.6400 15.8400 -1.7243 0.3674
2.6400 16.0600 -1.7304 0.2609
2.6400 16.2800 -1.7322 0.3268
2.6400 16.5000 -1.7214 0.3443
2.6400 16.7200 -1.7331 0.3241
2.6400 16.9400 -1.7155 0.2983
2.6400 17.1600 -1.7171 0.1976
2.6400 17.3800 -1.7245 0.2946
2.6400 17.6000 -1.7287 0.1387
2.6400 17.8200 -1.7312 0.1771
2.6400 18.0400 -1.7300 0.2054
2.6400 18.2600 -1.7383 0.2699
2.6400 18.4800 -1.7285 0.2135
2.6400 18.7000 -1.7399 0.2088
2.6400 18.9200 -1.7153 0.3582
2.6400 19.1400 -1.7398 0.3121
2.6400 19.3600 -1.7242 0.2997
2.6400 19.5800 -1.7265 0.2410
2.6400 19.8000 -1.7383 0.3214
2.8600 -19.8000 -1.7394 0.2103
2.8600 -19.5800 -1.7251 0.1540
2.8600 -19.3600 -1.7241 0.2956
2.8600 -19.1400 -1.7268 0.3622
2.8600 -18.9200 -1.7288 0.2513
2.8600 -18.7000 -1.7372 0.3672
2.8600 -18.4800 -1.7181 0.2413
2.8600 -18.2600 -1.7293 0.2603
2.8600 -18.0400 -1.7358 0.1315
2.8600 -17.8200 -1.7226 0.1234
2.8600 -17.6000 -1.7154 0.1951
2.8600 -17.3800 -1.7216 0.2230
2.8600 -17.1600 -1.7285 0.2441
2.8600 -16.9400 -1.7306 0.1885
2.8600 -16.7200 -1.7291 0.1936
2.8600 -16.5000 -1.7167 0.1581
2.8600 -16.2800 -1.7197 0.3616
2.8600 -16.0600 -1.7225 0.3485
2.8600 -15.8400 -1.7211 0.1874
2.8600 -15.6200 -1.7258 0.1518
2.8600 -15.4000 -1.7194 0.3035
2.8600 -15.1800 -1.7377 0.2600
2.8600 -14.9600 -1.7222 0.1555
2.8600 -14.7400 -1.7185 0.2726
2.8600 -14.5200 -1.7184 0.1596
2.8600 -14.3000 -1.7297 0.3512
2.8600 -14.0800 -1.7342 0.3344
2.8600 -13.8600 -1.7329 0.2163
2.8600 -13.6400 -1.7227 0.3353
2.8600 -13.4200 -1.7316 0.2039
2.8600 -13.2000 -1.7298 0.2278
2.8600 -12.9800 -1.7223 0.2756
2.8600 -12.7600 -1.7354 0.2265
2.8600 -12.5400 -1.7259 0.3465
2.8600 -12.3200 -1.7279 0.2854
2.8600 -12.1000 -1.7395 0.3432
2.8600 -11.8800 -1.7201 0.1540
2.8600 -11.6600 -1.7255 0.1252
2.8600 -11.4400 -1.7345 0.3205
2.8600 -11.2200 -1.7171 0.1966
2.8600 -11.0000 -1.7247 0.3647
2.8600 -10.7800 -1.7216 0.2554
2.8600 -10.5600 -1.7345 0.2756
2.8600 -10.3400 -1.7239 0.1878
2.8600 -10.1200 -1.7163 0.3692
2.8600 -9.9000 -1.7179 0.2227
2.8600 -9.6800 -1.7249 0.3598
2.8600 -9.4600 -1.7395 0.3197
2.8600 -9.2400 -1.7167 0.3321
2.8600 -9.0200 -1.7315 0.3666
2.8600 -8.8000 -1.7212 0.2139
2.8600 -8.5800 -1.7297 0.1681
2.8600 -8.3600 -1.7294 0.2809
2.8600 -8.1400 -1.7161 0.1845
2.8600 -7.9200 -1.7397 0.3175
2.8600 -7.7000 -1.7380 0.1839
2.8600 -7.4800 -1.7288 0.1526
2.8600 -7.2600 -1.7276 0.3104
2.8600 -7.0400 -1.7305 0.1800
2.8600 -6.8200 -1.7255 0.2306
2.8600 -6.6000 -1.7299 0.1243
2.8600 -6.3800 -1.7341 0.2701
2.8600 -6.1600 -1.7223 0.1628
2.8600 -5.9400 -1.7303 0.2938
2.8600 -5.7200 -1.7221 0.1960
2.8600 -5.5000 -1.7264 0.1238
2.8600 -5.2800 -1.7220 0.2365
2.8600 -5.0600 -1.7340 0.2239
2.8600 -4.8400 -1.7197 0.2079
2.8600 -4.6200 -1.7380 0.1816
2.8600 -4.4000 -1.7175 0.1911
2.8600 -4.1800 -1.7285 0.2090
2.8600 -3.9600 -1.7175 0.1771
2.8600 -3.7400 -1.7217 0.3504
2.8600 -3.5200 -1.7170 0.1284
2.8600 -3.3000 -1.7164 0.2967
2.8600 -3.0800 -1.7274 0.3032
2.8600 -2.8600 -1.7206 0.2424
2.8600 -2.6400 -1.7377 0.1453
2.8600 -2.4200 -1.7173 0.1221
2.8600 -2.2000 -1.7305 0.2405
2.8600 -1.9800 -1.7199 0.3597
2.8600 -1.7600 -1.7378 0.1318
2.8600 -1.5400 -1.7203 0.3542
2.8600 -1.3200 -1.7187 0.2031
2.8600 -1.1000 -1.7223 0.1630
2.8600 -0.8800 -1.7227 0.2456
2.8600 -0.6600 -1.7193 0.2975
2.8600 -0.4400 -1.7376 0.3325
2.8600 -0.2200 -1.7233 0.1469
2.8600 -0.0000 -1.7328 0.1386
2.8600 0.2200 -1.7369 0.2868
2.8600 0.4400 -1.7338 0.1925
2.8600 0.6600 -1.7200 0.2131
2.8600 0.8800 -1.7329 0.2407
2.8600 1.1000 -1.7398 0.1402
2.8600 1.3200 -1.7329 0.3561
2.8600 1.5400 -1.7351 0.2570
2.8600 1.7600 -1.7287 0.1264
2.8600 1.9800 -1.7254 0.1857
2.8600 2.2000 -1.7222 0.3087
2.8600 2.4200 -1.7210 0.2728
2.8600 2.6400 -1.7347 0.3293
2.8600 2.8600 -1.7251 0.1946
2.8600 3.0800 -1.7306 0.2860
2.8600 3.3000 -1.7317 0.1431
2.8600 3.5200 -1.7299 0.3655
2.8600 3.7400 -1.7204 0.1601
2.8600 3.9600 -1.7342 0.1523
2.8600 4.1800 -1.7180 0.1729
2.8600 4.4000 -1.7331 0.3385
2.8600 4.6200 -1.7204 0.2924
2.8600 4.8400 -1.7349 0.2523
2.8600 5.0600 -1.7392 0.3285
2.8600 5.2800 -1.7350 0.1782
2.8600 5.5000 -1.7290 0.2018
2.8600 5.7200 -1.7396 0.2264
2.8600 5.9400 -1.7374 0.2857
2.8600 6.1600 -1.7311 0.1358
2.8600 6.3800 -1.7214 0.2022
2.8600 6.6000 -1.7221 0.2008
2.8600 6.8200 -1.7153 0.2115
2.8600 7.0400 -1.7396 0.2438
2.8600 7.2600 -1.7380 0.2429
2.8600 7.4800 -1.7232 0.1675
2.8600 7.7000 -1.7343 0.1666
2.8600 7.9200 -1.7300 0.2541
2.8600 8.1400 -1.7230 0.3639
2.8600 8.3600 -1.7327 0.2329
2.8600 8.5800 -1.7317 0.3180
2.8600 8.8000 -1.7351 0.2393
2.8600 9.0200 -1.7346 0.2608
2.8600 9.2400 -1.7187 0.2218
2.8600 9.4600 -1.7249 0.3285
2.8600 9.6800 -1.7230 0.3526
2.8600 9.9000 -1.7196 0.2731
2.8600 10.1200 -1.7237 0.1330
2.8600 10.3400 -1.7352 0.2145
2.8600 10.5600 -1.7379 0.1445
2.8600 10.7800 -1.7202 0.1616
2.8600 11.0000 -1.7324 0.1431
2.8600 11.2200 -1.7271 0.2144
2.8600 11.4400 -1.7399 0.1774
2.8600 11.6600 -1.7338 0.3433
2.8600 11.8800 -1.7295 0.1227
2.8600 12.1000 -1.7191 0.2300
2.8600 12.3200 -1.7198 0.2306
2.8600 12.5400 -1.7350 0.2398
2.8600 12.7600 -1.7339 0.3105
2.8600 12.9800 -1.7299 0.2286
2.8600 13.2000 -1.7174 0.2553
2.8600 13.4200 -1.7151 0.3384
2.8600 13.6400 -1.7257 0.3213
2.8600 13.8600 -1.7220 0.2769
2.8600 14.0800 -1.7376 0.3528
2.8600 14.3000 -1.7347 0.2716
2.8600 14.5200 -1.7340 0.3211
2.8600 14.7400 -1.7271 0.1429
2.8600 14.9600 -1.7208 0.2230
2.8600 15.1800 -1.7342 0.2900
2.8600 15.4000 -1.7257 0.1944
2.8600 15.6200 -1.7157 0.1384
2.8600 15.8400 -1.7281 0.2409
2.8600 16.0600 -1.7297 0.3496
2.8600 16.2800 -1.7293 0.1549
2.8600 16.5000 -1.7261 0.2902
2.8600 16.7200 -1.7253 0.3201
2.8600 16.9400 -1.7270 0.2248
2.8600 17.1600 -1.7400 0.2691
2.8600 17.3800 -1.7294 0.3183
2.8600 17.6000 -1.7187 0.2908
2.8600 17.8200 -1.7198 0.2653
2.8600 18.0400 -1.7273 0.2320
2.8600 18.2600 -1.7336 0.2317
2.8600 18.4800 -1.7222 0.2278
2.8600 18.7000 -1.7297 0.3383
2.8600 18.9200 -1.7257 0.3561
2.8600 19.1400 -1.7296 0.2632
2.8600 19.3600 -1.7316 0.3285
2.8600 19.5800 -1.7262 0.2900
2.8600 19.8000 -1.7185 0.1335
3.0800 -19.8000 -1.7373 0.1456
3.0800 -19.5800 -1.7185 0.2728
3.0800 -19.3600 -1.7199 0.1458
3.0800 -19.1400 -1.7188 0.1849
3.0800 -18.9200 -1.7324 0.3325
3.0800 -18.7000 -1.7330 0.1968
3.0800 -18.4800 -1.7391 0.3566
3.0800 -18.2600 -1.7196 0.2397
3.0800 -18.0400 -1.7337 0.1535
3.0800 -17.8200 -1.7164 0.2258
3.0800 -17.6000 -1.7388 0.2881
3.0800 -17.3800 -1.7202 0.3470
3.0800 -17.1600 -1.7361 0.1385
3.0800 -16.9400 -1.7193 0.3550
3.0800 -16.7200 -1.7323 0.1345
3.0800 -16.5000 -1.7157 0.2050
3.0800 -16.2800 -1.7309 0.2428
3.0800 -16.0600 -1.7167 0.1874
3.0800 -15.8400 -1.7192 0.1883
3.0800 -15.6200 -1.7297 0.2230
3.0800 -15.4000 -1.7258 0.2066
3.0800 -15.1800 -1.7349 0.3225
3.0800 -14.9600 -1.7165 0.2824
3.0800 -14.7400 -1.7369 0.3683
3.0800 -14.5200 -1.7343 0.2778
3.0800 -14.3000 -1.7249 0.1818
3.0800 -14.0800 -1.7210 0.3579
3.0800 -13.8600 -1.7317 0.2249
3.0800 -13.6400 -1.7193 0.2339
3.0800 -13.4200 -1.7223 0.3652
3.0800 -13.2000 -1.7362 0.3542
3.0800 -12.9800 -1.7286 0.3253
3.0800 -12.7600 -1.7330 0.2155
3.0800 -12.5400 -1.7290 0.2420
3.0800 -12.3200 -1.7196 0.2317
3.0800 -12.1000 -1.7211 0.1768
3.0800 -11.8800 -1.7379 0.1657
3.0800 -11.6600 -1.7304 0.1693
3.0800 -11.4400 -1.7392 0.2355
3.0800 -11.2200 -1.7285 0.1369
3.0800 -11.0000 -1.7352 0.3477
3.0800 -10.7800 -1.7345 0.2125
3.0800 -10.5600 -1.7258 0.2843
3.0800 -10.3400 -1.7260 0.2464
3.0800 -10.1200 -1.7308 0.2275
3.0800 -9.9000 -1.7236 0.3207
3.0800 -9.6800 -1.7164 0.1215
3.0800 -9.4600 -1.7168 0.2928
3.0800 -9.2400 -1.7287 0.2671
3.0800 -9.0200 -1.7237 0.2332
3.0800 -8.8000 -1.7319 0.3192
3.0800 -8.5800 -1.7342 0.1315
3.0800 -8.3600 -1.7347 0.3250
3.0800 -8.1400 -1.7187 0.3502
3.0800 -7.9200 -1.7240 0.1572
3.0800 -7.7000 -1.7209 0.3203
3.0800 -7.4800 -1.7209 0.2180
3.0800 -7.2600 -1.7299 0.1642
3.0800 -7.0400 -1.7179 0.1568
3.0800 -6.8200 -1.7269 0.2114
3.0800 -6.6000 -1.7356 0.2919
3.0800 -6.3800 -1.7341 0.1442
3.0800 -6.1600 -1.7172 0.2291
3.0800 -5.9400 -1.7174 0.3672
3.0800 -5.7200 -1.7341 0.2186
3.0800 -5.5000 -1.7328 0.2544
3.0800 -5.2800 -1.7318 0.1239
3.0800 -5.0600 -1.7287 0.1843
3.0800 -4.8400 -1.7174 0.1855
3.0800 -4.6200 -1.7261 0.3159
3.0800 -4.4000 -1.7195 0.2433
3.0800 -4.1800 -1.7310 0.3423
3.0800 -3.9600 -1.7336 0.1704
3.0800 -3.7400 -1.7229 0.2432
3.0800 -3.5200 -1.7174 0.2194
3.0800 -3.3000 -1.7282 0.1937
3.0800 -3.0800 -1.7379 0.2707
3.0800 -2.8600 -1.7189 0.1910
3.0800 -2.6400 -1.7254 0.3142
3.0800 -2.4200 -1.7228 0.2326
3.0800 -2.2000 -1.7326 0.1933
3.0800 -1.9800 -1.7356 0.2607
3.0800 -1.7600 -1.7361 0.3173
3.0800 -1.5400 -1.7251 0.1626
3.0800 -1.3200 -1.7243 0.1932
3.0800 -1.1000 -1.7197 0.3129
3.0800 -0.8800 -1.7391 0.3229
3.0800 -0.6600 -1.7173 0.1891
3.0800 -0.4400 -1.7285 0.1889
3.0800 -0.2200 -1.7226 0.2752
3.0800 -0.0000 -1.7390 0.2074
3.0800 0.2200 -1.7381 0.2293
3.0800 0.4400 -1.7275 0.2392
3.0800 0.6600 -1.7374 0.3395
3.0800 0.8800 -1.7374 0.2262
3.0800 1.1000 -1.7231 0.2052
3.0800 1.3200 -1.7308 0.3588
3.0800 1.5400 -1.7202 0.3075
3.0800 1.7600 -1.7330 0.2356
3.0800 1.9800 -1.7184 0.1834
3.0800 2.2000 -1.7193 0.3293
3.0800 2.4200 -1.7385 0.3489
3.0800 2.6400 -1.7294 0.1698
3.0800 2.8600 -1.7399 0.2181
3.0800 3.0800 -1.7331 0.1504
3.0800 3.3000 -1.7368 0.2144
3.0800 3.5200 -1.7224 0.1574
3.0800 3.7400 -1.7251 0.3509
3.0800 3.9600 -1.7216 0.2554
3.0800 4.1800 -1.7227 0.1311
3.0800 4.4000 -1.7199 0.3409
3.0800 4.6200 -1.7274 0.3127
3.0800 4.8400 -1.7178 0.2825
3.0800 5.0600 -1.7298 0.1308
3.0800 5.2800 -1.7325 0.1977
3.0800 5.5000 -1.7169 0.2105
3.0800 5.7200 -1.7258 0.3091
3.0800 5.9400 -1.7383 0.2481
3.0800 6.1600 -1.7334 0.1781
3.0800 6.3800 -1.7345 0.1955
3.0800 6.6000 -1.7337 0.1863
3.0800 6.8200 -1.7193 0.3216
3.0800 7.0400 -1.7177 0.1375
3.0800 7.2600 -1.7361 0.2907
3.0800 7.4800 -1.7384 0.2917
3.0800 7.7000 -1.7214 0.2980
3.0800 7.9200 -1.7228 0.3018
3.0800 8.1400 -1.7340 0.1210
3.0800 8.3600 -1.7335 0.2826
3.0800 8.5800 -1.7241 0.1610
3.0800 8.8000 -1.7280 0.2420
3.0800 9.0200 -1.7193 0.2557
3.0800 9.2400 -1.7231 0.3636
3.0800 9.4600 -1.7316 0.3193
3.0800 9.6800 -1.7369 0.2478
3.0800 9.9000 -1.7223 0.1872
3.0800 10.1200 -1.7351 0.3106
3.0800 10.3400 -1.7398 0.2871
3.0800 10.5600 -1.7227 0.1712
3.0800 10.7800 -1.7399 0.2083
3.0800 11.0000 -1.7166 0.1782
3.0800 11.2200 -1.7217 0.2704
3.0800 11.4400 -1.7325 0.2477
3.0800 11.6600 -1.7305 0.1214
3.0800 11.8800 -1.7153 0.1331
3.0800 12.1000 -1.7345 0.1926
3.0800 12.3200 -1.7309 0.2834
3.0800 12.5400 -1.7384 0.1736
3.0800 12.7600 -1.7186 0.2441
3.0800 12.9800 -1.7355 0.3678
3.0800 13.2000 -1.7222 0.3476
3.0800 13.4200 -1.7316 0.2044
3.0800 13.6400 -1.7166 0.1760
3.0800 13.8600 -1.7211 0.3634
3.0800 14.0800 -1.7335 0.3604
3.0800 14.3000 -1.7218 0.1772
3.0800 14.5200 -1.7244 0.1665
3.0800 14.7400 -1.7340 0.3156
3.0800 14.9600 -1.7297 0.3109
3.0800 15.1800 -1.7375 0.1329
3.0800 15.4000 -1.7385 0.2926
3.0800 15.6200 -1.7341 0.2906
3.0800 15.8400 -1.7163 0.2217
3.0800 16.0600 -1.7276 0.3414
3.0800 16.2800 -1.7312 0.3267
3.0800 16.5000 -1.7175 0.1587
3.0800 16.7200 -1.7279 0.2529
3.0800 16.9400 -1.7263 0.1805
3.0800 17.1600 -1.7360 0.1629
3.0800 17.3800 -1.7360 0.1329
3.0800 17.6000 -1.7395 0.2475
3.0800 17.8200 -1.7256 0.1333
3.0800 18.0400 -1.7399 0.2775
3.0800 18.2600 -1.7278 0.2403
3.0800 18.4800 -1.7159 0.1276
3.0800 18.7000 -1.7173 0.3184
3.0800 18.9200 -1.7178 0.1518
3.0800 19.1400 -1.7208 0.1777
3.0800 19.3600 -1.7355 0.1273
3.0800 19.5800 -1.7357 0.2486
3.0800 19.8000 -1.7273 0.3430
3.3000 -19.8000 -1.7316 0.2612
3.3000 -19.5800 -1.7375 0.3122
3.3000 -19.3600 -1.7217 0.3274
3.3000 -19.1400 -1.7351 0.2883
3.3000 -18.9200 -1.7364 0.1457
3.3000 -18.7000 -1.7221 0.1491
3.3000 -18.4800 -1.7179 0.2091
3.3000 -18.2600 -1.7218 0.1631
3.3000 -18.0400 -1.7309 0.2259
3.3000 -17.8200 -1.7296 0.3270
3.3000 -17.6000 -1.7248 0.1935
3.3000 -17.3800 -1.7262 0.2507
3.3000 -17.1600 -1.7322 0.2871
3.3000 -16.9400 -1.7155 0.2018
3.3000 -16.7200 -1.7223 0.3169
3.3000 -16.5000 -1.7264 0.2039
3.3000 -16.2800 -1.7287 0.2763
3.3000 -16.0600 -1.7364 0.1920
3.3000 -15.8400 -1.7243 0.1719
3.3000 -15.6200 -1.7252 0.3510
3.3000 -15.4000 -1.7259 0.2200
3.3000 -15.1800 -1.7241 0.1467
3.3000 -14.9600 -1.7350 0.2847
3.3000 -14.7400 -1.7363 0.1970
3.3000 -14.5200 -1.7253 0.3088
3.3000 -14.3000 -1.7362 0.2532
3.3000 -14.0800 -1.7270 0.2588
3.3000 -13.8600 -1.7333 0.2988
3.3000 -13.6400 -1.7231 0.2708
3.3000 -13.4200 -1.7189 0.3281
3.3000 -13.2000 -1.7385 0.3034
3.3000 -12.9800 -1.7151 0.3606
3.3000 -12.7600 -1.7260 0.1787
3.3000 -12.5400 -1.7299 0.2771
3.3000 -12.3200 -1.7321 0.1224
3.3000 -12.1000 -1.7331 0.2009
3.3000 -11.8800 -1.7170 0.1805
3.3000 -11.6600 -1.7384 0.3513
3.3000 -11.4400 -1.7327 0.2562
3.3000 -11.2200 -1.7228 0.2550
3.3000 -11.0000 -1.7157 0.3396
3.3000 -10.7800 -1.7314 0.3120
3.3000 -10.5600 -1.7320 0.1368
3.3000 -10.3400 -1.7185 0.1964
3.3000 -10.1200 -1.7305 0.1946
3.3000 -9.9000 -1.7203 0.1993
3.3000 -9.6800 -1.7222 0.1545
3.3000 -9.4600 -1.7333 0.2759
3.3000 -9.2400 -1.7340 0.3570
3.3000 -9.0200 -1.7334 0.2931
3.3000 -8.8000 -1.7235 0.3248
3.3000 -8.5800 -1.7317 0.3266
3.3000 -8.3600 -1.7267 0.1759
3.3000 -8.1400 -1.7292 0.3512
3.3000 -7.9200 -1.7282 0.1639
3.3000 -7.7000 -1.7329 0.1516
3.3000 -7.4800 -1.7249 0.2640
3.3000 -7.2600 -1.7259 0.3015
3.3000 -7.0400 -1.7381 0.3664
3.3000 -6.8200 -1.7331 0.2885
3.3000 -6.6000 -1.7256 0.1983
3.3000 -6.3800 -1.7193 0.3469
3.3000 -6.1600 -1.7205 0.1742
3.3000 -5.9400 -1.7225 0.1901
3.3000 -5.7200 -1.7221 0.2388
3.3000 -5.5000 -1.7246 0.1575
3.3000 -5.2800 -1.7305 0.1595
3.3000 -5.0600 -1.7220 0.1455
3.3000 -4.8400 -1.7320 0.1283
3.3000 -4.6200 -1.7168 0.3050
3.3000 -4.4000 -1.7172 0.3699
3.3000 -4.1800 -1.7203 0.2869
3.3000 -3.9600 -1.7184 0.1660
3.3000 -3.7400 -1.7241 0.1864
3.3000 -3.5200 -1.7382 0.2830
3.3000 -3.3000 -1.7233 0.3570
3.3000 -3.0800 -1.7272 0.2357
3.3000 -2.8600 -1.7352 0.1611
3.3000 -2.6400 -1.7339 0.2882
3.3000 -2.4200 -1.7339 0.2419
3.3000 -2.2000 -1.7322 0.3090
3.3000 -1.9800 -1.7211 0.2293
3.3000 -1.7600 -1.7154 0.3151
3.3000 -1.5400 -1.7208 0.3455
3.3000 -1.3200 -1.7194 0.3579
3.3000 -1.1000 -1.7306 0.2718
3.3000 -0.8800 -1.7395 0.2081
3.3000 -0.6600 -1.7331 0.2425
3.3000 -0.4400 -1.7240 0.3288
3.3000 -0.2200 -1.7306 0.2042
3.3000 -0.0000 -1.7248 0.1303
3.3000 0.2200 -1.7196 0.1924
3.3000 0.4400 -1.7171 0.1325
3.3000 0.6600 -1.7287 0.1373
3.3000 0.8800 -1.7245 0.2435
3.3000 1.1000 -1.7378 0.1755
3.3000 1.3200 -1.7162 0.2576
3.3000 1.5400 -1.7265 0.2034
3.3000 1.7600 -1.7392 0.3145
3.3000 1.9800 -1.7264 0.1906
3.3000 2.2000 -1.7223 0.2348
3.3000 2.4200 -1.7270 0.1818
3.3000 2.6400 -1.7358 0.2819
3.3000 2.8600 -1.7314 0.3581
3.3000 3.0800 -1.7184 0.3686
3.3000 3.3000 -1.7339 0.3014
3.3000 3.5200 -1.7238 0.1573
3.3000 3.7400 -1.7221 0.1450
3.3000 3.9600 -1.7336 0.2924
3.3000 4.1800 -1.7309 0.1535
3.3000 4.4000 -1.7351 0.2676
3.3000 4.6200 -1.7380 0.2024
3.3000 4.8400 -1.7177 0.1473
3.3000 5.0600 -1.7210 0.1339
3.3000 5.2800 -1.7213 0.3279
3.3000 5.5000 -1.7328 0.3383
3.3000 5.7200 -1.7294 0.2125
3.3000 5.9400 -1.7217 0.1596
3.3000 6.1600 -1.7242 0.2679
3.3000 6.3800 -1.7197 0.1889
3.3000 6.6000 -1.7277 0.2057
3.3000 6.8200 -1.7224 0.2035
3.3000 7.0400 -1.7212 0.1379
3.3000 7.2600 -1.7158 0.2935
3.3000 7.4800 -1.7223 0.1959
3.3000 7.7000 -1.7250 0.3191
3.3000 7.9200 -1.7330 0.2647
3.3000 8.1400 -1.7181 0.2513
3.3000 8.3600 -1.7339 0.2890
3.3000 8.5800 -1.7373 0.1787
3.3000 8.8000 -1.7309 0.2391
3.3000 9.0200 -1.7262 0.1370
3.3000 9.2400 -1.7343 0.2163
3.3000 9.4600 -1.7348 0.1361
3.3000 9.6800 -1.7300 0.2811
3.3000 9.9000 -1.7370 0.3100
3.3000 10.1200 -1.7353 0.3590
3.3000 10.3400 -1.7333 0.2556
3.3000 10.5600 -1.7255 0.2688
3.3000 10.7800 -1.7373 0.2926
3.3000 11.0000 -1.7196 0.2992
3.3000 11.2200 -1.7189 0.3136
3.3000 11.4400 -1.7369 0.2465
3.3000 11.6600 -1.7302 0.1482
3.3000 11.8800 -1.7206 0.2656
3.3000 12.1000 -1.7200 0.3507
3.3000 12.3200 -1.7389 0.1466
3.3000 12.5400 -1.7387 0.2442
3.3000 12.7600 -1.7213 0.3646
3.3000 12.9800 -1.7252 0.2396
3.3000 13.2000 -1.7313 0.2520
3.3000 13.4200 -1.7177 0.1743
3.3000 13.6400 -1.7379 0.2476
3.3000 13.8600 -1.7186 0.3171
3.3000 14.0800 -1.7263 0.1952
3.3000 14.3000 -1.7300 0.3187
3.3000 14.5200 -1.7387 0.3069
3.3000 14.7400 -1.7268 0.1264
3.3000 14.9600 -1.7256 0.3122
3.3000 15.1800 -1.7166 0.1703
3.3000 15.4000 -1.7237 0.1252
3.3000 15.6200 -1.7314 0.3461
3.3000 15.8400 -1.7383 0.1534
3.3000 16.0600 -1.7190 0.1381
3.3000 16.2800 -1.7291 0.2925
3.3000 16.5000 -1.7341 0.2780
3.3000 16.7200 -1.7294 0.2364
3.3000 16.9400 -1.7170 0.1722
3.3000 17.1600 -1.7233 0.1471
3.3000 17.3800 -1.7239 0.2777
3.3000 17.6000 -1.7238 0.3697
3.3000 17.8200 -1.7260 0.3291
3.3000 18.0400 -1.7308 0.2205
3.3000 18.2600 -1.7177 0.1577
3.3000 18.4800 -1.7242 0.2875
3.3000 18.7000 -1.7237 0.1376
3.3000 18.9200 -1.7288 0.3336
3.3000 19.1400 -1.7155 0.3481
3.3000 19.3600 -1.7250 0.2673
3.3000 19.5800 -1.7237 0.3554
3.3000 19.8000 -1.7319 0.1630
3.5200 -19.8000 -1.7345 0.2663
3.5200 -19.5800 -1.7294 0.2491
3.5200 -19.3600 -1.7318 0.3326
3.5200 -19.1400 -1.7278 0.1816
3.5200 -18.9200 -1.7362 0.2529
3.5200 -18.7000 -1.7222 0.1536
3.5200 -18.4800 -1.7365 0.2219
3.5200 -18.2600 -1.7205 0.2692
3.5200 -18.0400 -1.7242 0.3463
3.5200 -17.8200 -1.7308 0.2072
3.5200 -17.6000 -1.7360 0.3673
3.5200 -17.3800 -1.7338 0.1926
3.5200 -17.1600 -1.7180 0.3409
3.5200 -16.9400 -1.7267 0.2547
3.5200 -16.7200 -1.7233 0.1638
3.5200 -16.5000 -1.7295 0.2308
3.5200 -16.2800 -1.7370 0.2838
3.5200 -16.0600 -1.7225 0.2051
3.5200 -15.8400 -1.7155 0.3159
3.5200 -15.6200 -1.7345 0.2084
3.5200 -15.4000 -1.7261 0.1794
3.5200 -15.1800 -1.7369 0.2713
3.5200 -14.9600 -1.7321 0.3070
3.5200 -14.7400 -1.7171 0.3520
3.5200 -14.5200 -1.7317 0.3468
3.5200 -14.3000 -1.7164 0.2206
3.5200 -14.0800 -1.7191 0.2883
3.5200 -13.8600 -1.7157 0.2745
3.5200 -13.6400 -1.7181 0.1788
3.5200 -13.4200 -1.7360 0.1486
3.5200 -13.2000 -1.7272 0.2837
3.5200 -12.9800 -1.7263 0.2486
3.5200 -12.7600 -1.7228 0.2788
3.5200 -12.5400 -1.7325 0.1252
3.5200 -12.3200 -1.7233 0.1228
3.5200 -12.1000 -1.7353 0.1831
3.5200 -11.8800 -1.7267 0.2560
3.5200 -11.6600 -1.7217 0.1869
3.5200 -11.4400 -1.7180 0.1962
3.5200 -11.2200 -1.7284 0.1964
3.5200 -11.0000 -1.7191 0.3007
3.5200 -10.7800 -1.7212 0.2061
3.5200 -10.5600 -1.7230 0.2100
3.5200 -10.3400 -1.7233 0.2389
3.5200 -10.1200 -1.7228 0.3112
3.5200 -9.9000 -1.7355 0.3518
3.5200 -9.6800 -1.7186 0.3169
3.5200 -9.4600 -1.7297 0.1491
3.5200 -9.2400 -1.7180 0.2915
3.5200 -9.0200 -1.7297 0.1871
3.5200 -8.8000 -1.7167 0.1500
3.5200 -8.5800 -1.7372 0.3440
3.5200 -8.3600 -1.7260 0.2028
3.5200 -8.1400 -1.7370 0.1657
3.5200 -7.9200 -1.7377 0.1888
3.5200 -7.7000 -1.7284 0.3231
3.5200 -7.4800 -1.7337 0.2956
3.5200 -7.2600 -1.7196 0.1535
3.5200 -7.0400 -1.7208 0.3144
3.5200 -6.8200 -1.7382 0.1892
3.5200 -6.6000 -1.7273 0.2991
3.5200 -6.3800 -1.7369 0.2895
3.5200 -6.1600 -1.7255 0.1801
3.5200 -5.9400 -1.7285 0.2493
3.5200 -5.7200 -1.7366 0.1309
3.5200 -5.5000 -1.7198 0.3330
3.5200 -5.2800 -1.7230 0.1776
3.5200 -5.0600 -1.7369 0.2278
3.5200 -4.8400 -1.7395 0.1456
3.5200 -4.6200 -1.7321 0.3300
3.5200 -4.4000 -1.7252 0.2011
3.5200 -4.1800 -1.7330 0.2338
3.5200 -3.9600 -1.7379 0.3499
3.5200 -3.7400 -1.7271 0.1802
3.5200 -3.5200 -1.7339 0.3306
3.5200 -3.3000 -1.7285 0.2598
3.5200 -3.0800 -1.7156 0.2507
3.5200 -2.8600 -1.7163 0.3262
3.5200 -2.6400 -1.7192 0.2574
3.5200 -2.4200 -1.7311 0.2624
3.5200 -2.2000 -1.7311 0.3548
3.5200 -1.9800 -1.7254 0.1290
3.5200 -1.7600 -1.7342 0.2372
3.5200 -1.5400 -1.7388 0.2963
3.5200 -1.3200 -1.7228 0.2290
3.5200 -1.1000 -1.7283 0.3574
3.5200 -0.8800 -1.7356 0.2632
3.5200 -0.6600 -1.7196 0.2417
3.5200 -0.4400 -1.7376 0.2257
3.5200 -0.2200 -1.7222 0.2197
3.5200 -0.0000 -1.7292 0.3308
3.5200 0.2200 -1.7172 0.2744
3.5200 0.4400 -1.7235 0.3265
3.5200 0.6600 -1.7255 0.2536
3.5200 0.8800 -1.7333 0.1795
3.5200 1.1000 -1.7229 0.1555
3.5200 1.3200 -1.7396 0.3023
3.5200 1.5400 -1.7333 0.2744
3.5200 1.7600 -1.7273 0.2310
3.5200 1.9800 -1.7166 0.3287
3.5200 2.2000 -1.7300 0.2110
3.5200 2.4200 -1.7158 0.2802
3.5200 2.6400 -1.7365 0.2717
3.5200 2.8600 -1.7306 0.1865
3.5200 3.0800 -1.7179 0.1829
3.5200 3.3000 -1.7190 0.3586
3.5200 3.5200 -1.7273 0.3107
3.5200 3.7400 -1.7283 0.1842
3.5200 3.9600 -1.7271 0.2828
3.5200 4.1800 -1.7225 0.2997
3.5200 4.4000 -1.7273 0.3653
3.5200 4.6200 -1.7299 0.2906
3.5200 4.8400 -1.7255 0.2122
3.5200 5.0600 -1.7187 0.2404
3.5200 5.2800 -1.7216 0.2310
3.5200 5.5000 -1.7174 0.2312
3.5200 5.7200 -1.7392 0.2044
3.5200 5.9400 -1.7380 0.3288
3.5200 6.1600 -1.7276 0.3288
3.5200 6.3800 -1.7206 0.1687
3.5200 6.6000 -1.7289 0.2685
3.5200 6.8200 -1.7297 0.1429
3.5200 7.0400 -1.7376 0.3403
3.5200 7.2600 -1.7257 0.2388
3.5200 7.4800 -1.7221 0.2651
3.5200 7.7000 -1.7341 0.2831
3.5200 7.9200 -1.7371 0.3244
3.5200 8.1400 -1.7193 0.1766
3.5200 8.3600 -1.7156 0.2396
3.5200 8.5800 -1.7346 0.1986
3.5200 8.8000 -1.7280 0.1444
3.5200 9.0200 -1.7355 0.2761
3.5200 9.2400 -1.7201 0.3638
3.5200 9.4600 -1.7241 0.3632
3.5200 9.6800 -1.7281 0.2593
3.5200 9.9000 -1.7198 0.2005
3.5200 10.1200 -1.7370 0.2127
3.5200 10.3400 -1.7211 0.3693
3.5200 10.5600 -1.7261 0.1868
3.5200 10.7800 -1.7313 0.2519
3.5200 11.0000 -1.7354 0.1721
3.5200 11.2200 -1.7263 0.3485
3.5200 11.4400 -1.7263 0.1590
3.5200 11.6600 -1.7217 0.1937
3.5200 11.8800 -1.7175 0.1891
3.5200 12.1000 -1.7251 0.2645
3.5200 12.3200 -1.7285 0.2792
3.5200 12.5400 -1.7313 0.3081
3.5200 12.7600 -1.7387 0.2880
3.5200 12.9800 -1.7244 0.1657
3.5200 13.2000 -1.7279 0.1653
3.5200 13.4200 -1.7184 0.1784
3.5200 13.6400 -1.7387 0.1718
3.5200 13.8600 -1.7372 0.2567
3.5200 14.0800 -1.7307 0.1965
3.5200 14.3000 -1.7302 0.2874
3.5200 14.5200 -1.7270 0.2880
3.5200 14.7400 -1.7315 0.1358
3.5200 14.9600 -1.7156 0.3432
3.5200 15.1800 -1.7199 0.3570
3.5200 15.4000 -1.7208 0.3567
3.5200 15.6200 -1.7337 0.1755
3.5200 15.8400 -1.7299 0.1782
3.5200 16.0600 -1.7351 0.2908
3.5200 16.2800 -1.7247 0.2225
3.5200 16.5000 -1.7324 0.3603
3.5200 16.7200 -1.7265 0.2766
3.5200 16.9400 -1.7166 0.1579
3.5200 17.1600 -1.7196 0.1263
3.5200 17.3800 -1.7171 0.1627
3.5200 17.6000 -1.7197 0.2247
3.5200 17.8200 -1.7202 0.2741
3.5200 18.0400 -1.7344 0.1606
3.5200 18.2600 -1.7300 0.3632
3.5200 18.4800 -1.7339 0.1781
3.5200 18.7000 -1.7320 0.3468
3.5200 18.9200 -1.7294 0.3286
3.5200 19.1400 -1.7218 0.1265
3.5200 19.3600 -1.7163 0.1560
3.5200 19.5800 -1.7158 0.2568
3.5200 19.8000 -1.7222 0.3026
3.7400 -3.5200 -1.7317 0.1494
3.7400 -3.3000 -1.7180 0.1544
3.7400 -3.0800 -1.7356 0.1966
3.7400 -2.8600 -1.7314 0.1722
3.7400 -2.6400 -1.7234 0.3334
3.7400 -2.4200 -1.7363 0.1556
3.7400 -2.2000 -1.7347 0.3585
3.7400 -1.9800 -1.7343 0.2669
3.7400 -1.7600 -1.7278 0.2027
3.7400 -1.5400 -1.7243 0.2589
3.7400 -1.3200 -1.7198 0.2324
3.7400 -1.1000 -1.7217 0.2207
3.7400 -0.8800 -1.7303 0.3306
3.7400 -0.6600 -1.7330 0.2268
3.7400 -0.4400 -1.7354 0.2204
3.7400 -0.2200 -1.7239 0.1648
3.7400 -0.0000 -1.7220 0.1766
3.7400 0.2200 -1.7320 0.2937
3.7400 0.4400 -1.7235 0.2699
3.7400 0.6600 -1.7282 0.1232
3.7400 0.8800 -1.7398 0.2180
3.7400 1.1000 -1.7189 0.1364
3.7400 1.3200 -1.7385 0.2463
3.7400 1.5400 -1.7171 0.2461
3.7400 1.7600 -1.7197 0.2872
3.7400 1.9800 -1.7233 0.3329
3.7400 2.2000 -1.7209 0.1639
3.7400 2.4200 -1.7397 0.1973
3.7400 2.6400 -1.7213 0.2481
3.7400 2.8600 -1.7216 0.3135
3.7400 3.0800 -1.7270 0.3238
3.7400 3.3000 -1.7153 0.1556
3.7400 3.5200 -1.7151 0.3080
3.9600 -3.5200 -1.7186 0.1998
3.9600 -3.3000 -1.7316 0.2423
3.9600 -3.0800 -1.7211 0.1265
3.9600 -2.8600 -1.7301 0.2376
3.9600 -2.6400 -1.7251 0.3491
3.9600 -2.4200 -1.7351 0.3638
3.9600 -2.2000 -1.7195 0.1904
3.9600 -1.9800 -1.7336 0.1702
3.9600 -1.7600 -1.7328 0.1935
3.9600 -1.5400 -1.7305 0.2345
3.9600 -1.3200 -1.7239 0.1547
3.9600 -1.1000 -1.7292 0.1715
3.9600 -0.8800 -1.7198 0.2306
3.9600 -0.6600 -1.7309 0.2887
3.9600 -0.4400 -1.7316 0.1754
3.9600 -0.2200 -1.7270 0.2130
3.9600 -0.0000 -1.7357 0.1556
3.9600 0.2200 -1.7277 0.3617
3.9600 0.4400 -1.7355 0.2333
3.9600 0.6600 -1.7229 0.2065
3.9600 0.8800 -1.7367 0.3093
3.9600 1.1000 -1.7164 0.1921
3.9600 1.3200 -1.7170 0.3235
3.9600 1.5400 -1.7366 0.2712
3.9600 1.7600 -1.7209 0.3010
3.9600 1.9800 -1.7153 0.3626
3.9600 2.2000 -1.7239 0.2933
3.9600 2.4200 -1.7343 0.3559
3.9600 2.6400 -1.7284 0.1495
3.9600 2.8600 -1.7307 0.1980
3.9600 3.0800 -1.7329 0.2209
3.9600 3.3000 -1.7286 0.3386
3.9600 3.5200 -1.7289 0.2969
4.1800 -3.5200 -1.7243 0.3267
4.1800 -3.3000 -1.7314 0.3170
4.1800 -3.0800 -1.7337 0.1405
4.1800 -2.8600 -1.7395 0.3525
4.1800 -2.6400 -1.7303 0.2417
4.1800 -2.4200 -1.7270 0.3178
4.1800 -2.2000 -1.7212 0.1272
4.1800 -1.9800 -1.7173 0.1229
4.1800 -1.7600 -1.7246 0.3265
4.1800 -1.5400 -1.7307 0.1957
4.1800 -1.3200 -1.7363 0.2565
4.1800 -1.1000 -1.7350 0.1620
4.1800 -0.8800 -1.7270 0.1443
4.1800 -0.6600 -1.7384 0.2800
4.1800 -0.4400 -1.7279 0.3332
4.1800 -0.2200 -1.7305 0.3332
4.1800 -0.0000 -1.7213 0.1238
4.1800 0.2200 -1.7187 0.3178
4.1800 0.4400 -1.7386 0.2372
4.1800 0.6600 -1.7336 0.2705
4.1800 0.8800 -1.7338 0.1948
4.1800 1.1000 -1.7198 0.1959
4.1800 1.3200 -1.7304 0.2545
4.1800 1.5400 -1.7240 0.3534
4.1800 1.7600 -1.7328 0.2525
4.1800 1.9800 -1.7221 0.2576
4.1800 2.2000 -1.7286 0.3676
4.1800 2.4200 -1.7313 0.2708
4.1800 2.6400 -1.7327 0.1331
4.1800 2.8600 -1.7320 0.3549
4.1800 3.0800 -1.7307 0.2043
4.1800 3.3000 -1.7194 0.3680
4.1800 3.5200 -1.7377 0.2268
4.4000 -3.5200 -1.7387 0.3594
4.4000 -3.3000 -1.7314 0.3658
4.4000 -3.0800 -1.7205 0.2380
4.4000 -2.8600 -1.7217 0.3454
4.4000 -2.6400 -1.7263 0.2190
4.4000 -2.4200 -1.7199 0.3546
4.4000 -2.2000 -1.7324 0.1448
4.4000 -1.9800 -1.7357 0.2197
4.4000 -1.7600 -1.7200 0.2270
4.4000 -1.5400 -1.7233 0.2562
4.4000 -1.3200 -1.7172 0.3116
4.4000 -1.1000 -1.7218 0.1895
4.4000 -0.8800 -1.7338 0.3494
4.4000 -0.6600 -1.7245 0.2053
4.4000 -0.4400 -1.7160 0.1285
4.4000 -0.2200 -1.7338 0.2347
4.4000 -0.0000 -1.7351 0.3569
4.4000 0.2200 -1.7386 0.1272
4.4000 0.4400 -1.7223 0.3155
4.4000 0.6600 -1.7327 0.1202
4.4000 0.8800 -1.7393 0.2998
4.4000 1.1000 -1.7275 0.3426
4.4000 1.3200 -1.7366 0.1520
4.4000 1.5400 -1.7223 0.3519
4.4000 1.7600 -1.7225 0.1907
4.4000 1.9800 -1.7230 0.2392
4.4000 2.2000 -1.7385 0.1656
4.4000 2.4200 -1.7315 0.3680
4.4000 2.6400 -1.7380 0.2876
4.4000 2.8600 -1.7364 0.3347
4.4000 3.0800 -1.7322 0.2663
4.4000 3.3000 -1.7330 0.3294
4.4000 3.5200 -1.7279 0.2861
4.6200 -3.5200 -1.7217 0.2187
4.6200 -3.3000 -1.7180 0.1471
4.6200 -3.0800 -1.7265 0.2188
4.6200 -2.8600 -1.7191 0.2762
4.6200 -2.6400 -1.7396 0.2483
4.6200 -2.4200 -1.7352 0.3226
4.6200 -2.2000 -1.7358 0.1326
4.6200 -1.9800 -1.7327 0.2192
4.6200 -1.7600 -1.7386 0.2653
4.6200 -1.5400 -1.7384 0.2478
4.6200 -1.3200 -1.7353 0.2554
4.6200 -1.1000 -1.7373 0.2948
4.6200 -0.8800 -1.7323 0.1477
4.6200 -0.6600 -1.7361 0.3104
4.6200 -0.4400 -1.7298 0.1735
4.6200 -0.2200 -1.7342 0.1832
4.6200 -0.0000 -1.7285 0.1837
4.6200 0.2200 -1.7386 0.3078
4.6200 0.4400 -1.7357 0.2491
4.6200 0.6600 -1.7242 0.1881
4.6200 0.8800 -1.7382 0.2580
4.6200 1.1000 -1.7274 0.1672
4.6200 1.3200 -1.7218 0.2056
4.6200 1.5400 -1.7240 0.1524
4.6200 1.7600 -1.7282 0.3419
4.6200 1.9800 -1.7301 0.1831
4.6200 2.2000 -1.7382 0.3586
4.6200 2.4200 -1.7187 0.2852
4.6200 2.6400 -1.7208 0.3271
4.6200 2.8600 -1.7162 0.1424
4.6200 3.0800 -1.7233 0.2809
4.6200 3.3000 -1.7274 0.2800
4.6200 3.5200 -1.7307 0.2689
4.8400 -3.5200 -1.7291 0.3431
4.8400 -3.3000 -1.7187 0.3269
4.8400 -3.0800 -1.7289 0.2584
4.8400 -2.8600 -1.7274 0.1660
4.8400 -2.6400 -1.7380 0.3117
4.8400 -2.4200 -1.7301 0.1472
4.8400 -2.2000 -1.7230 0.3445
4.8400 -1.9800 -1.7328 0.2103
4.8400 -1.7600 -1.7234 0.3528
4.8400 -1.5400 -1.7254 0.2235
4.8400 -1.3200 -1.7336 0.1882
4.8400 -1.1000 -1.7389 0.1381
4.8400 -0.8800 -1.7175 0.2780
4.8400 -0.6600 -1.7221 0.2886
4.8400 -0.4400 -1.7217 0.2198
4.8400 -0.2200 -1.7335 0.2773
4.8400 -0.0000 -1.7207 0.2533
4.8400 0.2200 -1.7197 0.3386
4.8400 0.4400 -1.7381 0.2044
4.8400 0.6600 -1.7239 0.3421
4.8400 0.8800 -1.7309 0.3620
4.8400 1.1000 -1.7250 0.3324
4.8400 1.3200 -1.7265 0.3472
4.8400 1.5400 -1.7185 0.2486
4.8400 1.7600 -1.7370 0.1730
4.8400 1.9800 -1.7255 0.2712
4.8400 2.2000 -1.7185 0.3214
4.8400 2.4200 -1.7212 0.1705
4.8400 2.6400 -1.7358 0.3273
4.8400 2.8600 -1.7290 0.1785
4.8400 3.0800 -1.7249 0.3305
4.8400 3.3000 -1.7351 0.1984
4.8400 3.5200 -1.7330 0.1743
5.0600 -3.5200 -1.7333 0.1526
5.0600 -3.3000 -1.7177 0.1630
5.0600 -3.0800 -1.7297 0.2529
5.0600 -2.8600 -1.7288 0.2666
5.0600 -2.6400 -1.7183 0.1911
5.0600 -2.4200 -1.7310 0.1572
5.0600 -2.2000 -1.7390 0.2942
5.0600 -1.9800 -1.7305 0.3137
5.0600 -1.7600 -1.7256 0.1715
5.0600 -1.5400 -1.7313 0.2226
5.0600 -1.3200 -1.7304 0.2379
5.0600 -1.1000 -1.7248 0.3164
5.0600 -0.8800 -1.7198 0.1494
5.0600 -0.6600 -1.7179 0.2929
5.0600 -0.4400 -1.7261 0.2328
5.0600 -0.2200 -1.7210 0.1733
5.0600 -0.0000 -1.7250 0.3640
5.0600 0.2200 -1.7162 0.1884
5.0600 0.4400 -1.7299 0.2800
5.0600 0.6600 -1.7291 0.2681
5.0600 0.8800 -1.7373 0.1778
5.0600 1.1000 -1.7162 0.2439
5.0600 1.3200 -1.7394 0.1397
5.0600 1.5400 -1.7278 0.2260
5.0600 1.7600 -1.7362 0.1656
5.0600 1.9800 -1.7346 0.2839
5.0600 2.2000 -1.7157 0.1316
5.0600 2.4200 -1.7368 0.3213
5.0600 2.6400 -1.7288 0.2181
5.0600 2.8600 -1.7376 0.2784
5.0600 3.0800 -1.7298 0.3070
5.0600 3.3000 -1.7317 0.3482
5.0600 3.5200 -1.7345 0.2155
5.2800 -3.5200 -1.7392 0.3102
5.2800 -3.3000 -1.7310 0.2040
5.2800 -3.0800 -1.7239 0.1227
5.2800 -2.8600 -1.7351 0.1848
5.2800 -2.6400 -1.7150 0.2603
5.2800 -2.4200 -1.7400 0.2502
5.2800 -2.2000 -1.7196 0.2610
5.2800 -1.9800 -1.7382 0.1962
5.2800 -1.7600 -1.7177 0.3510
5.2800 -1.5400 -1.7300 0.2267
5.2800 -1.3200 -1.7298 0.2996
5.2800 -1.1000 -1.7380 0.2191
5.2800 -0.8800 -1.7229 0.3155
5.2800 -0.6600 -1.7312 0.2869
5.2800 -0.4400 -1.7161 0.2033
5.2800 -0.2200 -1.7238 0.1514
5.2800 -0.0000 -1.7179 0.1356
5.2800 0.2200 -1.7312 0.2026
5.2800 0.4400 -1.7228 0.2774
5.2800 0.6600 -1.7265 0.3004
5.2800 0.8800 -1.7210 0.3267
5.2800 1.1000 -1.7284 0.2463
5.2800 1.3200 -1.7335 0.1533
5.2800 1.5400 -1.7307 0.2181
5.2800 1.7600 -1.7330 0.2515
5.2800 1.9800 -1.7345 0.2218
5.2800 2.2000 -1.7249 0.1202
5.2800 2.4200 -1.7387 0.1761
5.2800 2.6400 -1.7357 0.3694
5.2800 2.8600 -1.7182 0.1880
5.2800 3.0800 -1.7325 0.3197
5.2800 3.3000 -1.7240 0.2294
5.2800 3.5200 -1.7231 0.2234
5.5000 -3.5200 -1.7165 0.2993
5.5000 -3.3000 -1.7357 0.2469
5.5000 -3.0800 -1.7396 0.3697
5.5000 -2.8600 -1.7226 0.1393
5.5000 -2.6400 -1.7339 0.2224
5.5000 -2.4200 -1.7383 0.2931
5.5000 -2.2000 -1.7292 0.1875
5.5000 -1.9800 -1.7227 0.2121
5.5000 -1.7600 -1.7320 0.3684
5.5000 -1.5400 -1.7306 0.3294
5.5000 -1.3200 -1.7292 0.1372
5.5000 -1.1000 -1.7319 0.3132
5.5000 -0.8800 -1.7169 0.2455
5.5000 -0.6600 -1.7203 0.2034
5.5000 -0.4400 -1.7356 0.2972
5.5000 -0.2200 -1.7377 0.1590
5.5000 -0.0000 -1.7297 0.3518
5.5000 0.2200 -1.7210 0.1726
5.5000 0.4400 -1.7276 0.1796
5.5000 0.6600 -1.7280 0.1913
5.5000 0.8800 -1.7381 0.2334
5.5000 1.1000 -1.7259 0.2399
5.5000 1.3200 -1.7214 0.2384
5.5000 1.5400 -1.7204 0.2709
5.5000 1.7600 -1.7349 0.2060
5.5000 1.9800 -1.7317 0.1446
5.5000 2.2000 -1.7161 0.1381
5.5000 2.4200 -1.7218 0.2754
5.5000 2.6400 -1.7186 0.1295
5.5000 2.8600 -1.7191 0.2455
5.5000 3.0800 -1.7249 0.2154
5.5000 3.3000 -1.7342 0.2420
5.5000 3.5200 -1.7325 0.2167
5.7200 -3.5200 -1.7294 0.2620
5.7200 -3.3000 -1.7301 0.3138
5.7200 -3.0800 -1.7281 0.3427
5.7200 -2.8600 -1.7354 0.2162
5.7200 -2.6400 -1.7284 0.2712
5.7200 -2.4200 -1.7240 0.3054
5.7200 -2.2000 -1.7304 0.3508
5.7200 -1.9800 -1.7201 0.3614
5.7200 -1.7600 -1.7247 0.1201
5.7200 -1.5400 -1.7329 0.1444
5.7200 -1.3200 -1.7269 0.3190
5.7200 -1.1000 -1.7355 0.1783
5.7200 -0.8800 -1.7388 0.1724
5.7200 -0.6600 -1.7347 0.1621
5.7200 -0.4400 -1.7314 0.2594
5.7200 -0.2200 -1.7151 0.2634
5.7200 -0.0000 -1.7349 0.2365
5.7200 0.2200 -1.7323 0.3516
5.7200 0.4400 -1.7325 0.1954
5.7200 0.6600 -1.7296 0.1663
5.7200 0.8800 -1.7244 0.2157
5.7200 1.1000 -1.7228 0.2357
5.7200 1.3200 -1.7265 0.1478
5.7200 1.5400 -1.7395 0.1452
5.7200 1.7600 -1.7291 0.1247
5.7200 1.9800 -1.7282 0.2979
5.7200 2.2000 -1.7288 0.3588
5.7200 2.4200 -1.7279 0.1523
5.7200 2.6400 -1.7359 0.1906
5.7200 2.8600 -1.7365 0.2934
5.7200 3.0800 -1.7163 0.1303
5.7200 3.3000 -1.7300 0.2753
5.7200 3.5200 -1.7156 0.1862
5.9400 -3.5200 -1.7166 0.1811
5.9400 -3.3000 -1.7271 0.1594
5.9400 -3.0800 -1.7211 0.1414
5.9400 -2.8600 -1.7194 0.2940
5.9400 -2.6400 -1.7322 0.1513
5.9400 -2.4200 -1.7250 0.2259
5.9400 -2.2000 -1.7291 0.1624
5.9400 -1.9800 -1.7289 0.1703
5.9400 -1.7600 -1.7302 0.2740
5.9400 -1.5400 -1.7383 0.1604
5.9400 -1.3200 -1.7377 0.1857
5.9400 -1.1000 -1.7311 0.1272
5.9400 -0.8800 -1.7371 0.3462
5.9400 -0.6600 -1.7198 0.1286
5.9400 -0.4400 -1.7362 0.3083
5.9400 -0.2200 -1.7269 0.1483
5.9400 -0.0000 -1.7308 0.1654
5.9400 0.2200 -1.7332 0.2793
5.9400 0.4400 -1.7277 0.3122
5.9400 0.6600 -1.7186 0.2167
5.9400 0.8800 -1.7250 0.1366
5.9400 1.1000 -1.7205 0.2918
5.9400 1.3200 -1.7314 0.2905
5.9400 1.5400 -1.7231 0.1317
5.9400 1.7600 -1.7286 0.2795
5.9400 1.9800 -1.7308 0.3087
5.9400 2.2000 -1.7207 0.3354
5.9400 2.4200 -1.7324 0.3130
5.9400 2.6400 -1.7153 0.2748
5.9400 2.8600 -1.7250 0.1328
5.9400 3.0800 -1.7373 0.2712
5.9400 3.3000 -1.7253 0.2270
5.9400 3.5200 -1.7223 0.3114
6.1600 -3.5200 -1.7315 0.2860
6.1600 -3.3000 -1.7234 0.2925
6.1600 -3.0800 -1.7340 0.1679
6.1600 -2.8600 -1.7183 0.1253
6.1600 -2.6400 -1.7376 0.1681
6.1600 -2.4200 -1.7273 0.2912
6.1600 -2.2000 -1.7158 0.2999
6.1600 -1.9800 -1.7354 0.3225
6.1600 -1.7600 -1.7166 0.3203
6.1600 -1.5400 -1.7186 0.2887
6.1600 -1.3200 -1.7370 0.3542
6.1600 -1.1000 -1.7400 0.2162
6.1600 -0.8800 -1.7202 0.1617
6.1600 -0.6600 -1.7177 0.3306
6.1600 -0.4400 -1.7313 0.1719
6.1600 -0.2200 -1.7238 0.3283
6.1600 -0.0000 -1.7308 0.2984
6.1600 0.2200 -1.7160 0.2859
6.1600 0.4400 -1.7176 0.1524
6.1600 0.6600 -1.7293 0.1527
6.1600 0.8800 -1.7150 0.2716
6.1600 1.1000 -1.7358 0.2300
6.1600 1.3200 -1.7383 0.3129
6.1600 1.5400 -1.7224 0.2347
6.1600 1.7600 -1.7312 0.3595
6.1600 1.9800 -1.7265 0.1613
6.1600 2.2000 -1.7379 0.3653
6.1600 2.4200 -1.7292 0.1428
6.1600 2.6400 -1.7293 0.2324
6.1600 2.8600 -1.7273 0.2015
6.1600 3.0800 -1.7278 0.2872
6.1600 3.3000 -1.7313 0.2324
6.1600 3.5200 -1.7315 0.1881
6.3800 -3.5200 -1.7335 0.3380
6.3800 -3.3000 -1.7365 0.3360
6.3800 -3.0800 -1.7172 0.2456
6.3800 -2.8600 -1.7177 0.2334
6.3800 -2.6400 -1.7197 0.1852
6.3800 -2.4200 -1.7266 0.2146
6.3800 -2.2000 -1.7164 0.2639
6.3800 -1.9800 -1.7232 0.1296
6.3800 -1.7600 -1.7368 0.2437
6.3800 -1.5400 -1.7368 0.2287
6.3800 -1.3200 -1.7313 0.2214
6.3800 -1.1000 -1.7241 0.1571
6.3800 -0.8800 -1.7390 0.2339
6.3800 -0.6600 -1.7232 0.2911
6.3800 -0.4400 -1.7279 0.2308
6.3800 -0.2200 -1.7337 0.1236
6.3800 -0.0000 -1.7391 0.3109
6.3800 0.2200 -1.7158 0.3475
6.3800 0.4400 -1.7281 0.3405
6.3800 0.6600 -1.7332 0.2571
6.3800 0.8800 -1.7179 0.1887
6.3800 1.1000 -1.7282 0.1467
6.3800 1.3200 -1.7159 0.3371
6.3800 1.5400 -1.7315 0.1680
6.3800 1.7600 -1.7187 0.2029
6.3800 1.9800 -1.7284 0.2225
6.3800 2.2000 -1.7346 0.2217
6.3800 2.4200 -1.7369 0.2211
6.3800 2.6400 -1.7246 0.2197
6.3800 2.8600 -1.7244 0.3013
6.3800 3.0800 -1.7188 0.3590
6.3800 3.3000 -1.7396 0.1246
6.3800 3.5200 -1.7319 0.2502
6.6000 -3.5200 -1.7160 0.3689
6.6000 -3.3000 -1.7390 0.3688
6.6000 -3.0800 -1.7299 0.3402
6.6000 -2.8600 -1.7225 0.3283
6.6000 -2.6400 -1.7193 0.2741
6.6000 -2.4200 -1.7347 0.1801
6.6000 -2.2000 -1.7393 0.2724
6.6000 -1.9800 -1.7309 0.2427
6.6000 -1.7600 -1.7254 0.2282
6.6000 -1.5400 -1.7197 0.3597
6.6000 -1.3200 -1.7294 0.2438
6.6000 -1.1000 -1.7329 0.1627
6.6000 -0.8800 -1.7195 0.2341
6.6000 -0.6600 -1.7371 0.1272
6.6000 -0.4400 -1.7357 0.2495
6.6000 -0.2200 -1.7311 0.2414
6.6000 -0.0000 -1.7335 0.2038
6.6000 0.2200 -1.7313 0.2417
6.6000 0.4400 -1.7353 0.3579
6.6000 0.6600 -1.7223 0.3430
6.6000 0.8800 -1.7244 0.2081
6.6000 1.1000 -1.7189 0.2152
6.6000 1.3200 -1.7181 0.1308
6.6000 1.5400 -1.7253 0.2970
6.6000 1.7600 -1.7297 0.2461
6.6000 1.9800 -1.7292 0.3588
6.6000 2.2000 -1.7381 0.2974
6.6000 2.4200 -1.7335 0.2013
6.6000 2.6400 -1.7319 0.2120
6.6000 2.8600 -1.7187 0.2096
6.6000 3.0800 -1.7349 0.2704
6.6000 3.3000 -1.7156 0.2671
6.6000 3.5200 -1.7157 0.1909
6.8200 -3.5200 -1.7396 0.3067
6.8200 -3.3000 -1.7233 0.3042
6.8200 -3.0800 -1.7393 0.2083
6.8200 -2.8600 -1.7362 0.1889
6.8200 -2.6400 -1.7212 0.2553
6.8200 -2.4200 -1.7163 0.3365
6.8200 -2.2000 -1.7155 0.3593
6.8200 -1.9800 -1.7209 0.3029
6.8200 -1.7600 -1.7343 0.1333
6.8200 -1.5400 -1.7384 0.3121
6.8200 -1.3200 -1.7276 0.3599
6.8200 -1.1000 -1.7285 0.3584
6.8200 -0.8800 -1.7314 0.3327
6.8200 -0.6600 -1.7209 0.2846
6.8200 -0.4400 -1.7323 0.3460
6.8200 -0.2200 -1.7191 0.2627
6.8200 -0.0000 -1.7214 0.2430
6.8200 0.2200 -1.7165 0.2363
6.8200 0.4400 -1.7265 0.1953
6.8200 0.6600 -1.7360 0.2994
6.8200 0.8800 -1.7361 0.3680
6.8200 1.1000 -1.7158 0.2588
6.8200 1.3200 -1.7271 0.2948
6.8200 1.5400 -1.7313 0.3285
6.8200 1.7600 -1.7169 0.3260
6.8200 1.9800 -1.7370 0.2535
6.8200 2.2000 -1.7275 0.2797
6.8200 2.4200 -1.7391 0.1307
6.8200 2.6400 -1.7339 0.2148
6.8200 2.8600 -1.7276 0.2183
6.8200 3.0800 -1.7276 0.1386
6.8200 3.3000 -1.7160 0.3532
6.8200 3.5200 -1.7271 0.1854
7.0400 -3.5200 -1.7150 0.2526
7.0400 -3.3000 -1.7193 0.1269
7.0400 -3.0800 -1.7233 0.1518
7.0400 -2.8600 -1.7246 0.1514
7.0400 -2.6400 -1.7390 0.3345
7.0400 -2.4200 -1.7398 0.1965
7.0400 -2.2000 -1.7202 0.2109
7.0400 -1.9800 -1.7352 0.2438
7.0400 -1.7600 -1.7321 0.1730
7.0400 -1.5400 -1.7194 0.1294
7.0400 -1.3200 -1.7204 0.3596
7.0400 -1.1000 -1.7277 0.2481
7.0400 -0.8800 -1.7316 0.2949
7.0400 -0.6600 -1.7150 0.3228
7.0400 -0.4400 -1.7178 0.2372
7.0400 -0.2200 -1.7369 0.1931
7.0400 -0.0000 -1.7336 0.2457
7.0400 0.2200 -1.7282 0.3229
7.0400 0.4400 -1.7185 0.3692
7.0400 0.6600 -1.7331 0.2483
7.0400 0.8800 -1.7159 0.2076
7.0400 1.1000 -1.7186 0.1347
7.0400 1.3200 -1.7336 0.3376
7.0400 1.5400 -1.7252 0.3473
7.0400 1.7600 -1.7280 0.3105
7.0400 1.9800 -1.7186 0.2188
7.0400 2.2000 -1.7210 0.2364
7.0400 2.4200 -1.7184 0.2044
7.0400 2.6400 -1.7255 0.3516
7.0400 2.8600 -1.7372 0.3214
7.0400 3.0800 -1.7359 0.2130
7.0400 3.3000 -1.7207 0.2153
7.0400 3.5200 -1.7245 0.3088
7.2600 -3.5200 -1.7218 0.2092
7.2600 -3.3000 -1.7263 0.2479
7.2600 -3.0800 -1.7263 0.1902
7.2600 -2.8600 -1.7329 0.2794
7.2600 -2.6400 -1.7356 0.1537
7.2600 -2.4200 -1.7219 0.1466
7.2600 -2.2000 -1.7157 0.2731
7.2600 -1.9800 -1.7278 0.3401
7.2600 -1.7600 -1.7250 0.3267
7.2600 -1.5400 -1.7196 0.3234
7.2600 -1.3200 -1.7337 0.3353
7.2600 -1.1000 -1.7185 0.1316
7.2600 -0.8800 -1.7327 0.3225
7.2600 -0.6600 -1.7172 0.1452
7.2600 -0.4400 -1.7187 0.1706
7.2600 -0.2200 -1.7263 0.3483
7.2600 -0.0000 -1.7201 0.3517
7.2600 0.2200 -1.7247 0.2990
7.2600 0.4400 -1.7303 0.1259
7.2600 0.6600 -1.7332 0.1851
7.2600 0.8800 -1.7366 0.3624
7.2600 1.1000 -1.7381 0.3633
7.2600 1.3200 -1.7299 0.1452
7.2600 1.5400 -1.7163 0.1703
7.2600 1.7600 -1.7366 0.2262
7.2600 1.9800 -1.7177 0.2292
7.2600 2.2000 -1.7346 0.1779
7.2600 2.4200 -1.7301 0.1627
7.2600 2.6400 -1.7398 0.3327
7.2600 2.8600 -1.7252 0.2739
7.2600 3.0800 -1.7384 0.3429
7.2600 3.3000 -1.7290 0.1906
7.2600 3.5200 -1.7288 0.1513
7.4800 -3.5200 -1.7395 0.2822
7.4800 -3.3000 -1.7276 0.3292
7.4800 -3.0800 -1.7212 0.2900
7.4800 -2.8600 -1.7170 0.1743
7.4800 -2.6400 -1.7302 0.1455
7.4800 -2.4200 -1.7323 0.2196
7.4800 -2.2000 -1.7213 0.3138
7.4800 -1.9800 -1.7385 0.2007
7.4800 -1.7600 -1.7333 0.2788
7.4800 -1.5400 -1.7289 0.1617
7.4800 -1.3200 -1.7193 0.1992
7.4800 -1.1000 -1.7376 0.2669
7.4800 -0.8800 -1.7259 0.1934
7.4800 -0.6600 -1.7352 0.2901
7.4800 -0.4400 -1.7224 0.2415
7.4800 -0.2200 -1.7379 0.1764
7.4800 -0.0000 -1.7383 0.1647
7.4800 0.2200 -1.7153 0.1989
7.4800 0.4400 -1.7170 0.1925
7.4800 0.6600 -1.7321 0.2610
7.4800 0.8800 -1.7364 0.2350
7.4800 1.1000 -1.7228 0.1451
7.4800 1.3200 -1.7166 0.1499
7.4800 1.5400 -1.7283 0.2427
7.4800 1.7600 -1.7348 0.2938
7.4800 1.9800 -1.7282 0.3253
7.4800 2.2000 -1.7339 0.3413
7.4800 2.4200 -1.7160 0.3387
7.4800 2.6400 -1.7165 0.3473
7.4800 2.8600 -1.7294 0.2076
7.4800 3.0800 -1.7270 0.2429
7.4800 3.3000 -1.7321 0.3562
7.4800 3.5200 -1.7284 0.2336
7.7000 -3.5200 -1.7211 0.1595
7.7000 -3.3000 -1.7175 0.2867
7.7000 -3.0800 -1.7288 0.2164
7.7000 -2.8600 -1.7283 0.1859
7.7000 -2.6400 -1.7315 0.2038
7.7000 -2.4200 -1.7246 0.2654
7.7000 -2.2000 -1.7262 0.1807
7.7000 -1.9800 -1.7165 0.3443
7.7000 -1.7600 -1.7232 0.2797
7.7000 -1.5400 -1.7342 0.2091
7.7000 -1.3200 -1.7331 0.1962
7.7000 -1.1000 -1.7319 0.1697
7.7000 -0.8800 -1.7274 0.3048
7.7000 -0.6600 -1.7390 0.3217
7.7000 -0.4400 -1.7271 0.1601
7.7000 -0.2200 -1.7321 0.1627
7.7000 -0.0000 -1.7159 0.2656
7.7000 0.2200 -1.7339 0.2608
7.7000 0.4400 -1.7156 0.3125
7.7000 0.6600 -1.7179 0.3221
7.7000 0.8800 -1.7339 0.2758
7.7000 1.1000 -1.7366 0.2013
7.7000 1.3200 -1.7267 0.2119
7.7000 1.5400 -1.7360 0.2045
7.7000 1.7600 -1.7168 0.3563
7.7000 1.9800 -1.7333 0.3419
7.7000 2.2000 -1.7325 0.3107
7.7000 2.4200 -1.7393 0.1857
7.7000 2.6400 -1.7254 0.3506
7.7000 2.8600 -1.7299 0.3570
7.7000 3.0800 -1.7359 0.2996
7.7000 3.3000 -1.7213 0.2347
7.7000 3.5200 -1.7171 0.1574
7.9200 -3.5200 -1.7373 0.2135
7.9200 -3.3000 -1.7311 0.1354
7.9200 -3.0800 -1.7337 0.2847
7.9200 -2.8600 -1.7252 0.1391
7.9200 -2.6400 -1.7191 0.2320
7.9200 -2.4200 -1.7318 0.2488
7.9200 -2.2000 -1.7372 0.3517
7.9200 -1.9800 -1.7301 0.2706
7.9200 -1.7600 -1.7310 0.1239
7.9200 -1.5400 -1.7150 0.1862
7.9200 -1.3200 -1.7157 0.3195
7.9200 -1.1000 -1.7204 0.3664
7.9200 -0.8800 -1.7243 0.1314
7.9200 -0.6600 -1.7165 0.3306
7.9200 -0.4400 -1.7182 0.1684
7.9200 -0.2200 -1.7179 0.3350
7.9200 -0.0000 -1.7345 0.2573
7.9200 0.2200 -1.7227 0.2805
7.9200 0.4400 -1.7300 0.2156
7.9200 0.6600 -1.7381 0.1761
7.9200 0.8800 -1.7310 0.2593
7.9200 1.1000 -1.7315 0.1508
7.9200 1.3200 -1.7356 0.2584
7.9200 1.5400 -1.7276 0.1879
7.9200 1.7600 -1.7400 0.3671
7.9200 1.9800 -1.7249 0.1620
7.9200 2.2000 -1.7265 0.1713
7.9200 2.4200 -1.7371 0.1352
7.9200 2.6400 -1.7183 0.2222
7.9200 2.8600 -1.7344 0.2673
7.9200 3.0800 -1.7318 0.2862
7.9200 3.3000 -1.7211 0.3065
7.9200 3.5200 -1.7204 0.2400
8.1400 -3.5200 -1.7218 0.2734
8.1400 -3.3000 -1.7291 0.1618
8.1400 -3.0800 -1.7156 0.2436
8.1400 -2.8600 -1.7280 0.2066
8.1400 -2.6400 -1.7366 0.1871
8.1400 -2.4200 -1.7347 0.2822
8.1400 -2.2000 -1.7370 0.1304
8.1400 -1.9800 -1.7285 0.2436
8.1400 -1.7600 -1.7399 0.3179
8.1400 -1.5400 -1.7318 0.1316
8.1400 -1.3200 -1.7313 0.3340
8.1400 -1.1000 -1.7205 0.3615
8.1400 -0.8800 -1.7246 0.2610
8.1400 -0.6600 -1.7392 0.3209
8.1400 -0.4400 -1.7165 0.3446
8.1400 -0.2200 -1.7255 0.2405
8.1400 -0.0000 -1.7186 0.2561
8.1400 0.2200 -1.7396 0.1850
8.1400 0.4400 -1.7307 0.2481
8.1400 0.6600 -1.7241 0.1504
8.1400 0.8800 -1.7178 0.3227
8.1400 1.1000 -1.7224 0.2766
8.1400 1.3200 -1.7393 0.2388
8.1400 1.5400 -1.7360 0.2192
8.1400 1.7600 -1.7388 0.2770
8.1400 1.9800 -1.7366 0.1262
8.1400 2.2000 -1.7197 0.1812
8.1400 2.4200 -1.7330 0.1401
8.1400 2.6400 -1.7218 0.2899
8.1400 2.8600 -1.7321 0.2045
8.1400 3.0800 -1.7391 0.2522
8.1400 3.3000 -1.7237 0.2112
8.1400 3.5200 -1.7345 0.3426
8.3600 -3.5200 -1.7180 0.3213
8.3600 -3.3000 -1.7388 0.3522
8.3600 -3.0800 -1.7253 0.3311
8.3600 -2.8600 -1.7385 0.2224
8.3600 -2.6400 -1.7181 0.2313
8.3600 -2.4200 -1.7244 0.2601
8.3600 -2.2000 -1.7200 0.2707
8.3600 -1.9800 -1.7264 0.1977
8.3600 -1.7600 -1.7263 0.2121
8.3600 -1.5400 -1.7251 0.3484
8.3600 -1.3200 -1.7369 0.3484
8.3600 -1.1000 -1.7375 0.1261
8.3600 -0.8800 -1.7206 0.1358
8.3600 -0.6600 -1.7390 0.1349
8.3600 -0.4400 -1.7355 0.2472
8.3600 -0.2200 -1.7322 0.2476
8.3600 -0.0000 -1.7380 0.2633
8.3600 0.2200 -1.7306 0.1696
8.3600 0.4400 -1.7174 0.2901
8.3600 0.6600 -1.7219 0.1943
8.3600 0.8800 -1.7273 0.2905
8.3600 1.1000 -1.7189 0.1862
8.3600 1.3200 -1.7391 0.3392
8.3600 1.5400 -1.7280 0.2184
8.3600 1.7600 -1.7369 0.1843
8.3600 1.9800 -1.7325 0.2407
8.3600 2.2000 -1.7381 0.3678
8.3600 2.4200 -1.7185 0.2291
8.3600 2.6400 -1.7278 0.1741
8.3600 2.8600 -1.7332 0.3674
8.3600 3.0800 -1.7357 0.1527
8.3600 3.3000 -1.7347 0.3373
8.3600 3.5200 -1.7376 0.3458
8.5800 -3.5200 -1.7387 0.2572
8.5800 -3.3000 -1.7295 0.3028
8.5800 -3.0800 -1.7314 0.3694
8.5800 -2.8600 -1.7266 0.1490
8.5800 -2.6400 -1.7306 0.3279
8.5800 -2.4200 -1.7200 0.1856
8.5800 -2.2000 -1.7381 0.1895
8.5800 -1.9800 -1.7249 0.2169
8.5800 -1.7600 -1.7185 0.1768
8.5800 -1.5400 -1.7279 0.1767
8.5800 -1.3200 -1.7275 0.2948
8.5800 -1.1000 -1.7334 0.2414
8.5800 -0.8800 -1.7224 0.1895
8.5800 -0.6600 -1.7344 0.1802
8.5800 -0.4400 -1.7266 0.2530
8.5800 -0.2200 -1.7192 0.2208
8.5800 -0.0000 -1.7226 0.1573
8.5800 0.2200 -1.7169 0.2649
8.5800 0.4400 -1.7193 0.3402
8.5800 0.6600 -1.7386 0.1381
8.5800 0.8800 -1.7357 0.1945
8.5800 1.1000 -1.7271 0.3357
8.5800 1.3200 -1.7214 0.3160
8.5800 1.5400 -1.7298 0.2065
8.5800 1.7600 -1.7189 0.1550
8.5800 1.9800 -1.7399 0.2822
8.5800 2.2000 -1.7394 0.1614
8.5800 2.4200 -1.7250 0.2759
8.5800 2.6400 -1.7365 0.2039
8.5800 2.8600 -1.7294 0.3325
8.5800 3.0800 -1.7166 0.1375
8.5800 3.3000 -1.7243 0.2309
8.5800 3.5200 -1.7265 0.2176
8.8000 -3.5200 -1.7163 0.3169
8.8000 -3.3000 -1.7150 0.3594
8.8000 -3.0800 -1.7280 0.3581
8.8000 -2.8600 -1.7235 0.2103
8.8000 -2.6400 -1.7296 0.2450
8.8000 -2.4200 -1.7282 0.2424
8.8000 -2.2000 -1.7156 0.3311
8.8000 -1.9800 -1.7290 0.3308
8.8000 -1.7600 -1.7314 0.2839
8.8000 -1.5400 -1.7345 0.2845
8.8000 -1.3200 -1.7364 0.2647
8.8000 -1.1000 -1.7162 0.1390
8.8000 -0.8800 -1.7267 0.2309
8.8000 -0.6600 -1.7290 0.2855
8.8000 -0.4400 -1.7305 0.1668
8.8000 -0.2200 -1.7181 0.1561
8.8000 -0.0000 -1.7159 0.3307
8.8000 0.2200 -1.7217 0.2543
8.8000 0.4400 -1.7375 0.2707
8.8000 0.6600 -1.7258 0.2863
8.8000 0.8800 -1.7319 0.3482
8.8000 1.1000 -1.7300 0.1466
8.8000 1.3200 -1.7377 0.2194
8.8000 1.5400 -1.7232 0.2688
8.8000 1.7600 -1.7268 0.2964
8.8000 1.9800 -1.7173 0.3346
8.8000 2.2000 -1.7214 0.2043
8.8000 2.4200 -1.7178 0.3195
8.8000 2.6400 -1.7337 0.2630
8.8000 2.8600 -1.7238 0.1728
8.8000 3.0800 -1.7348 0.1753
8.8000 3.3000 -1.7191 0.3653
8.8000 3.5200 -1.7393 0.3080
9.0200 -3.5200 -1.7248 0.2980
9.0200 -3.3000 -1.7313 0.2796
9.0200 -3.0800 -1.7217 0.2262
9.0200 -2.8600 -1.7327 0.1456
9.0200 -2.6400 -1.7301 0.1314
9.0200 -2.4200 -1.7266 0.2870
9.0200 -2.2000 -1.7370 0.3127
9.0200 -1.9800 -1.7248 0.2197
9.0200 -1.7600 -1.7226 0.2357
9.0200 -1.5400 -1.7190 0.2953
9.0200 -1.3200 -1.7263 0.2185
9.0200 -1.1000 -1.7328 0.3645
9.0200 -0.8800 -1.7325 0.2837
9.0200 -0.6600 -1.7275 0.1445
9.0200 -0.4400 -1.7349 0.2882
9.0200 -0.2200 -1.7208 0.1720
9.0200 -0.0000 -1.7218 0.1426
9.0200 0.2200 -1.7161 0.3387
9.0200 0.4400 -1.7349 0.2885
9.0200 0.6600 -1.7256 0.3402
9.0200 0.8800 -1.7260 0.1206
9.0200 1.1000 -1.7150 0.2608
9.0200 1.3200 -1.7314 0.2101
9.0200 1.5400 -1.7212 0.2275
9.0200 1.7600 -1.7288 0.3113
9.0200 1.9800 -1.7210 0.2961
9.0200 2.2000 -1.7292 0.2717
9.0200 2.4200 -1.7253 0.1884
9.0200 2.6400 -1.7358 0.2367
9.0200 2.8600 -1.7357 0.2537
9.0200 3.0800 -1.7287 0.1536
9.0200 3.3000 -1.7309 0.1601
9.0200 3.5200 -1.7307 0.2838
9.2400 -3.5200 -1.7287 0.2758
9.2400 -3.3000 -1.7218 0.3567
9.2400 -3.0800 -1.7277 0.1580
9.2400 -2.8600 -1.7255 0.2260
9.2400 -2.6400 -1.7349 0.1706
9.2400 -2.4200 -1.7347 0.2001
9.2400 -2.2000 -1.7359 0.1634
9.2400 -1.9800 -1.7399 0.2649
9.2400 -1.7600 -1.7231 0.1601
9.2400 -1.5400 -1.7244 0.3493
9.2400 -1.3200 -1.7300 0.2118
9.2400 -1.1000 -1.7364 0.2937
9.2400 -0.8800 -1.7325 0.3387
9.2400 -0.6600 -1.7254 0.1291
9.2400 -0.4400 -1.7381 0.1994
9.2400 -0.2200 -1.7173 0.1975
9.2400 -0.0000 -1.7175 0.2025
9.2400 0.2200 -1.7198 0.1355
9.2400 0.4400 -1.7232 0.2584
9.2400 0.6600 -1.7312 0.3022
9.2400 0.8800 -1.7284 0.3409
9.2400 1.1000 -1.7315 0.2674
9.2400 1.3200 -1.7318 0.2965
9.2400 1.5400 -1.7321 0.3660
9.2400 1.7600 -1.7399 0.1827
9.2400 1.9800 -1.7156 0.2010
9.2400 2.2000 -1.7307 0.1965
9.2400 2.4200 -1.7277 0.2203
9.2400 2.6400 -1.7169 0.1821
9.2400 2.8600 -1.7366 0.2553
9.2400 3.0800 -1.7174 0.1785
9.2400 3.3000 -1.7365 0.3260
9.2400 3.5200 -1.7325 0.3474
9.4600 -3.5200 -1.7388 0.1532
9.4600 -3.3000 -1.7159 0.2953
9.4600 -3.0800 -1.7246 0.2509
9.4600 -2.8600 -1.7369 0.2416
9.4600 -2.6400 -1.7225 0.3653
9.4600 -2.4200 -1.7271 0.3479
9.4600 -2.2000 -1.7302 0.1286
9.4600 -1.9800 -1.7396 0.1724
9.4600 -1.7600 -1.7153 0.2615
9.4600 -1.5400 -1.7352 0.1875
9.4600 -1.3200 -1.7295 0.3104
9.4600 -1.1000 -1.7227 0.2484
9.4600 -0.8800 -1.7246 0.1581
9.4600 -0.6600 -1.7304 0.3159
9.4600 -0.4400 -1.7200 0.3476
9.4600 -0.2200 -1.7173 0.2514
9.4600 -0.0000 -1.7244 0.2804
9.4600 0.2200 -1.7391 0.1855
9.4600 0.4400 -1.7371 0.1755
9.4600 0.6600 -1.7386 0.2560
9.4600 0.8800 -1.7232 0.3464
9.4600 1.1000 -1.7220 0.1814
9.4600 1.3200 -1.7221 0.2166
9.4600 1.5400 -1.7243 0.2442
9.4600 1.7600 -1.7210 0.1438
9.4600 1.9800 -1.7222 0.1504
9.4600 2.2000 -1.7200 0.3422
9.4600 2.4200 -1.7385 0.2025
9.4600 2.6400 -1.7164 0.2862
9.4600 2.8600 -1.7184 0.2733
9.4600 3.0800 -1.7214 0.2326
9.4600 3.3000 -1.7366 0.1969
9.4600 3.5200 -1.7246 0.3545
9.6800 -3.5200 -1.7167 0.3582
9.6800 -3.3000 -1.7293 0.3674
9.6800 -3.0800 -1.7364 0.3082
9.6800 -2.8600 -1.7175 0.3046
9.6800 -2.6400 -1.7325 0.3381
9.6800 -2.4200 -1.7376 0.3180
9.6800 -2.2000 -1.7356 0.1620
9.6800 -1.9800 -1.7293 0.2521
9.6800 -1.7600 -1.7211 0.3029
9.6800 -1.5400 -1.7400 0.1876
9.6800 -1.3200 -1.7395 0.1623
9.6800 -1.1000 -1.7262 0.3541
9.6800 -0.8800 -1.7334 0.2120
9.6800 -0.6600 -1.7363 0.2591
9.6800 -0.4400 -1.7253 0.1577
9.6800 -0.2200 -1.7210 0.2091
9.6800 -0.0000 -1.7393 0.2269
9.6800 0.2200 -1.7178 0.3446
9.6800 0.4400 -1.7235 0.3049
9.6800 0.6600 -1.7279 0.1441
9.6800 0.8800 -1.7268 0.3466
9.6800 1.1000 -1.7291 0.1912
9.6800 1.3200 -1.7249 0.3184
9.6800 1.5400 -1.7225 0.1211
9.6800 1.7600 -1.7375 0.1894
9.6800 1.9800 -1.7255 0.2059
9.6800 2.2000 -1.7246 0.3169
9.6800 2.4200 -1.7231 0.1895
9.6800 2.6400 -1.7262 0.2072
9.6800 2.8600 -1.7327 0.3463
9.6800 3.0800 -1.7381 0.3286
9.6800 3.3000 -1.7169 0.2251
9.6800 3.5200 -1.7307 0.2395
9.9000 -3.5200 -1.7396 0.2097
9.9000 -3.3000 -1.7326 0.3511
9.9000 -3.0800 -1.7169 0.1667
9.9000 -2.8600 -1.7300 0.1565
9.9000 -2.6400 -1.7173 0.2377
9.9000 -2.4200 -1.7361 0.1504
9.9000 -2.2000 -1.7294 0.1364
9.9000 -1.9800 -1.7261 0.2761
9.9000 -1.7600 -1.7178 0.2268
9.9000 -1.5400 -1.7400 0.2304
9.9000 -1.3200 -1.7332 0.1258
9.9000 -1.1000 -1.7326 0.3667
9.9000 -0.8800 -1.7314 0.2981
9.9000 -0.6600 -1.7159 0.2764
9.9000 -0.4400 -1.7364 0.1386
9.9000 -0.2200 -1.7314 0.1387
9.9000 -0.0000 -1.7299 0.1361
9.9000 0.2200 -1.7212 0.2698
9.9000 0.4400 -1.7328 0.2587
9.9000 0.6600 -1.7317 0.2497
9.9000 0.8800 -1.7155 0.1631
9.9000 1.1000 -1.7345 0.1305
9.9000 1.3200 -1.7246 0.2855
9.9000 1.5400 -1.7249 0.3166
9.9000 1.7600 -1.7300 0.2527
9.9000 1.9800 -1.7375 0.3026
9.9000 2.2000 -1.7382 0.2152
9.9000 2.4200 -1.7270 0.1746
9.9000 2.6400 -1.7171 0.2334
9.9000 2.8600 -1.7242 0.3347
9.9000 3.0800 -1.7238 0.2363
9.9000 3.3000 -1.7352 0.1915
9.9000 3.5200 -1.7359 0.3186
10.1200 -3.5200 -1.7332 0.1935
10.1200 -3.3000 -1.7213 0.2272
10.1200 -3.0800 -1.7299 0.2227
10.1200 -2.8600 -1.7327 0.2782
10.1200 -2.6400 -1.7169 0.1439
10.1200 -2.4200 -1.7239 0.3369
10.1200 -2.2000 -1.7248 0.3310
10.1200 -1.9800 -1.7273 0.1442
10.1200 -1.7600 -1.7363 0.1496
10.1200 -1.5400 -1.7379 0.3230
10.1200 -1.3200 -1.7287 0.1204
10.1200 -1.1000 -1.7270 0.2642
10.1200 -0.8800 -1.7379 0.1547
10.1200 -0.6600 -1.7202 0.3244
10.1200 -0.4400 -1.7362 0.1901
10.1200 -0.2200 -1.7339 0.1911
10.1200 -0.0000 -1.7272 0.2504
10.1200 0.2200 -1.7374 0.2710
10.1200 0.4400 -1.7287 0.3339
10.1200 0.6600 -1.7321 0.2782
10.1200 0.8800 -1.7345 0.2743
10.1200 1.1000 -1.7198 0.3521
10.1200 1.3200 -1.7245 0.2835
10.1200 1.5400 -1.7258 0.3149
10.1200 1.7600 -1.7279 0.1915
10.1200 1.9800 -1.7334 0.1443
10.1200 2.2000 -1.7200 0.3387
10.1200 2.4200 -1.7333 0.3295
10.1200 2.6400 -1.7240 0.2859
10.1200 2.8600 -1.7399 0.2435
10.1200 3.0800 -1.7286 0.1977
10.1200 3.3000 -1.7294 0.2722
10.1200 3.5200 -1.7371 0.2808
10.3400 -3.5200 -1.7318 0.1926
10.3400 -3.3000 -1.7202 0.2559
10.3400 -3.0800 -1.7228 0.1530
10.3400 -2.8600 -1.7226 0.2559
10.3400 -2.6400 -1.7305 0.3638
10.3400 -2.4200 -1.7233 0.2659
10.3400 -2.2000 -1.7382 0.2507
10.3400 -1.9800 -1.7344 0.3336
10.3400 -1.7600 -1.7182 0.1565
10.3400 -1.5400 -1.7183 0.2296
10.3400 -1.3200 -1.7179 0.2071
10.3400 -1.1000 -1.7376 0.1355
10.3400 -0.8800 -1.7336 0.1259
10.3400 -0.6600 -1.7387 0.2930
10.3400 -0.4400 -1.7197 0.3015
10.3400 -0.2200 -1.7239 0.3287
10.3400 -0.0000 -1.7351 0.1297
10.3400 0.2200 -1.7228 0.2295
10.3400 0.4400 -1.7233 0.1662
10.3400 0.6600 -1.7331 0.3155
10.3400 0.8800 -1.7252 0.3444
10.3400 1.1000 -1.7216 0.1760
10.3400 1.3200 -1.7395 0.1432
10.3400 1.5400 -1.7367 0.3649
10.3400 1.7600 -1.7273 0.1854
10.3400 1.9800 -1.7155 0.1307
10.3400 2.2000 -1.7258 0.3386
10.3400 2.4200 -1.7365 0.3116
10.3400 2.6400 -1.7285 0.2813
10.3400 2.8600 -1.7156 0.3263
10.3400 3.0800 -1.7239 0.3093
10.3400 3.3000 -1.7376 0.3147
10.3400 3.5200 -1.7336 0.2011
10.5600 -3.5200 -1.7314 0.2754
10.5600 -3.3000 -1.7234 0.1872
10.5600 -3.0800 -1.7219 0.2903
10.5600 -2.8600 -1.7248 0.3479
10.5600 -2.6400 -1.7210 0.2411
10.5600 -2.4200 -1.7252 0.2752
10.5600 -2.2000 -1.7213 0.1997
10.5600 -1.9800 -1.7374 0.2321
10.5600 -1.7600 -1.7321 0.2766
10.5600 -1.5400 -1.7286 0.1799
10.5600 -1.3200 -1.7212 0.2577
10.5600 -1.1000 -1.7215 0.2742
10.5600 -0.8800 -1.7281 0.2920
10.5600 -0.6600 -1.7273 0.1648
10.5600 -0.4400 -1.7209 0.3069
10.5600 -0.2200 -1.7255 0.2325
10.5600 -0.0000 -1.7400 0.1201
10.5600 0.2200 -1.7244 0.3008
10.5600 0.4400 -1.7313 0.2439
10.5600 0.6600 -1.7159 0.1308
10.5600 0.8800 -1.7380 0.1756
10.5600 1.1000 -1.7284 0.2002
10.5600 1.3200 -1.7355 0.2385
10.5600 1.5400 -1.7303 0.3662
10.5600 1.7600 -1.7304 0.2881
10.5600 1.9800 -1.7236 0.3553
10.5600 2.2000 -1.7161 0.1825
10.5600 2.4200 -1.7281 0.3399
10.5600 2.6400 -1.7245 0.2328
10.5600 2.8600 -1.7215 0.1480
10.5600 3.0800 -1.7212 0.2514
10.5600 3.3000 -1.7333 0.2497
10.5600 3.5200 -1.7347 0.2531
10.7800 -3.5200 -1.7178 0.2148
10.7800 -3.3000 -1.7351 0.2868
10.7800 -3.0800 -1.7204 0.1723
10.7800 -2.8600 -1.7165 0.1910
10.7800 -2.6400 -1.7339 0.1536
10.7800 -2.4200 -1.7338 0.3286
10.7800 -2.2000 -1.7161 0.1624
10.7800 -1.9800 -1.7153 0.1569
10.7800 -1.7600 -1.7181 0.3167
10.7800 -1.5400 -1.7309 0.2322
10.7800 -1.3200 -1.7273 0.3244
10.7800 -1.1000 -1.7209 0.2360
10.7800 -0.8800 -1.7337 0.2062
10.7800 -0.6600 -1.7370 0.3641
10.7800 -0.4400 -1.7333 0.3260
10.7800 -0.2200 -1.7291 0.2109
10.7800 -0.0000 -1.7375 0.3004
10.7800 0.2200 -1.7362 0.2803
10.7800 0.4400 -1.7282 0.1504
10.7800 0.6600 -1.7222 0.1300
10.7800 0.8800 -1.7393 0.2310
10.7800 1.1000 -1.7186 0.1204
10.7800 1.3200 -1.7155 0.3401
10.7800 1.5400 -1.7283 0.1865
10.7800 1.7600 -1.7316 0.2253
10.7800 1.9800 -1.7294 0.2284
10.7800 2.2000 -1.7309 0.3380
10.7800 2.4200 -1.7231 0.2141
10.7800 2.6400 -1.7395 0.1581
10.7800 2.8600 -1.7370 0.2683
10.7800 3.0800 -1.7154 0.2247
10.7800 3.3000 -1.7266 0.1920
10.7800 3.5200 -1.7155 0.1385
11.0000 -3.5200 -1.7154 0.3157
11.0000 -3.3000 -1.7355 0.1321
11.0000 -3.0800 -1.7286 0.1761
11.0000 -2.8600 -1.7163 0.1853
11.0000 -2.6400 -1.7184 0.1745
11.0000 -2.4200 -1.7372 0.1344
11.0000 -2.2000 -1.7191 0.1998
11.0000 -1.9800 -1.7376 0.2259
11.0000 -1.7600 -1.7158 0.2553
11.0000 -1.5400 -1.7346 0.3310
11.0000 -1.3200 -1.7166 0.1268
11.0000 -1.1000 -1.7196 0.1643
11.0000 -0.8800 -1.7370 0.1962
11.0000 -0.6600 -1.7193 0.3512
11.0000 -0.4400 -1.7268 0.1712
11.0000 -0.2200 -1.7387 0.2706
11.0000 -0.0000 -1.7246 0.3266
11.0000 0.2200 -1.7219 0.2474
11.0000 0.4400 -1.7355 0.3123
11.0000 0.6600 -1.7256 0.3031
11.0000 0.8800 -1.7270 0.1508
11.0000 1.1000 -1.7343 0.3151
11.0000 1.3200 -1.7198 0.2596
11.0000 1.5400 -1.7245 0.1909
11.0000 1.7600 -1.7313 0.2986
11.0000 1.9800 -1.7273 0.1352
11.0000 2.2000 -1.7163 0.2609
11.0000 2.4200 -1.7397 0.1283
11.0000 2.6400 -1.7318 0.2327
11.0000 2.8600 -1.7399 0.1715
11.0000 3.0800 -1.7356 0.3538
11.0000 3.3000 -1.7192 0.1608
11.0000 3.5200 -1.7334 0.2462
11.2200 -3.5200 -1.7308 0.3570
11.2200 -3.3000 -1.7373 0.1469
11.2200 -3.0800 -1.7214 0.2686
11.2200 -2.8600 -1.7245 0.2132
11.2200 -2.6400 -1.7175 0.2319
11.2200 -2.4200 -1.7383 0.3271
11.2200 -2.2000 -1.7160 0.1708
11.2200 -1.9800 -1.7313 0.2914
11.2200 -1.7600 -1.7259 0.2834
11.2200 -1.5400 -1.7195 0.2869
11.2200 -1.3200 -1.7171 0.2627
11.2200 -1.1000 -1.7344 0.3663
11.2200 -0.8800 -1.7257 0.2437
11.2200 -0.6600 -1.7299 0.1645
11.2200 -0.4400 -1.7265 0.3489
11.2200 -0.2200 -1.7173 0.2643
11.2200 -0.0000 -1.7320 0.3049
11.2200 0.2200 -1.7239 0.3634
11.2200 0.4400 -1.7267 0.2087
11.2200 0.6600 -1.7280 0.2741
11.2200 0.8800 -1.7369 0.1603
11.2200 1.1000 -1.7175 0.2854
11.2200 1.3200 -1.7363 0.1533
11.2200 1.5400 -1.7234 0.3280
11.2200 1.7600 -1.7391 0.1820
11.2200 1.9800 -1.7365 0.1795
11.2200 2.2000 -1.7190 0.2677
11.2200 2.4200 -1.7336 0.2489
11.2200 2.6400 -1.7169 0.2045
11.2200 2.8600 -1.7398 0.3477
11.2200 3.0800 -1.7307 0.2177
11.2200 3.3000 -1.7211 0.3032
11.2200 3.5200 -1.7197 0.3382
11.4400 -3.5200 -1.7318 0.2798
11.4400 -3.3000 -1.7241 0.1852
11.4400 -3.0800 -1.7168 0.2721
11.4400 -2.8600 -1.7213 0.1741
11.4400 -2.6400 -1.7273 0.2600
11.4400 -2.4200 -1.7185 0.2794
11.4400 -2.2000 -1.7195 0.1542
11.4400 -1.9800 -1.7345 0.1647
11.4400 -1.7600 -1.7251 0.2443
11.4400 -1.5400 -1.7198 0.1637
11.4400 -1.3200 -1.7241 0.2655
11.4400 -1.1000 -1.7241 0.2308
11.4400 -0.8800 -1.7297 0.3003
11.4400 -0.6600 -1.7197 0.1549
11.4400 -0.4400 -1.7161 0.2778
11.4400 -0.2200 -1.7327 0.3679
11.4400 -0.0000 -1.7371 0.1435
11.4400 0.2200 -1.7382 0.1231
11.4400 0.4400 -1.7362 0.1260
11.4400 0.6600 -1.7167 0.2389
11.4400 0.8800 -1.7180 0.1541
11.4400 1.1000 -1.7263 0.3232
11.4400 1.3200 -1.7375 0.2783
11.4400 1.5400 -1.7329 0.1319
11.4400 1.7600 -1.7395 0.2040
11.4400 1.9800 -1.7390 0.2067
11.4400 2.2000 -1.7314 0.1475
11.4400 2.4200 -1.7206 0.1875
11.4400 2.6400 -1.7178 0.2305
11.4400 2.8600 -1.7392 0.2768
11.4400 3.0800 -1.7232 0.1606
11.4400 3.3000 -1.7171 0.1583
11.4400 3.5200 -1.7294 0.3496
11.6600 -3.5200 -1.7278 0.3178
11.6600 -3.3000 -1.7280 0.2393
11.6600 -3.0800 -1.7312 0.2484
11.6600 -2.8600 -1.7396 0.2613
11.6600 -2.6400 -1.7173 0.1501
11.6600 -2.4200 -1.7252 0.1948
11.6600 -2.2000 -1.7172 0.1201
11.6600 -1.9800 -1.7186 0.2684
11.6600 -1.7600 -1.7359 0.2098
11.6600 -1.5400 -1.7200 0.2539
11.6600 -1.3200 -1.7372 0.1599
11.6600 -1.1000 -1.7151 0.1445
11.6600 -0.8800 -1.7269 0.1344
11.6600 -0.6600 -1.7238 0.2085
11.6600 -0.4400 -1.7260 0.1410
11.6600 -0.2200 -1.7361 0.1975
11.6600 -0.0000 -1.7176 0.2746
11.6600 0.2200 -1.7262 0.2096
11.6600 0.4400 -1.7169 0.1591
11.6600 0.6600 -1.7344 0.2588
11.6600 0.8800 -1.7302 0.2289
11.6600 1.1000 -1.7251 0.1279
11.6600 1.3200 -1.7361 0.2628
11.6600 1.5400 -1.7355 0.2390
11.6600 1.7600 -1.7208 0.2325
11.6600 1.9800 -1.7400 0.1399
11.6600 2.2000 -1.7398 0.1928
11.6600 2.4200 -1.7371 0.2366
11.6600 2.6400 -1.7280 0.1821
11.6600 2.8600 -1.7386 0.1910
11.6600 3.0800 -1.7346 0.3425
11.6600 3.3000 -1.7182 0.1864
11.6600 3.5200 -1.7163 0.1271
11.8800 -3.5200 -1.7283 0.1759
11.8800 -3.3000 -1.7212 0.3224
11.8800 -3.0800 -1.7255 0.1582
11.8800 -2.8600 -1.7291 0.2909
11.8800 -2.6400 -1.7219 0.3484
11.8800 -2.4200 -1.7287 0.2819
11.8800 -2.2000 -1.7270 0.1260
11.8800 -1.9800 -1.7247 0.3521
11.8800 -1.7600 -1.7350 0.1758
11.8800 -1.5400 -1.7273 0.2252
11.8800 -1.3200 -1.7189 0.3060
11.8800 -1.1000 -1.7269 0.3155
11.8800 -0.8800 -1.7366 0.2843
11.8800 -0.6600 -1.7270 0.2247
11.8800 -0.4400 -1.7270 0.1301
11.8800 -0.2200 -1.7243 0.2760
11.8800 -0.0000 -1.7291 0.2382
11.8800 0.2200 -1.7247 0.3393
11.8800 0.4400 -1.7326 0.3656
11.8800 0.6600 -1.7345 0.1744
11.8800 0.8800 -1.7297 0.1226
11.8800 1.1000 -1.7277 0.3162
11.8800 1.3200 -1.7290 0.3458
11.8800 1.5400 -1.7379 0.3542
11.8800 1.7600 -1.7322 0.2389
11.8800 1.9800 -1.7226 0.1631
11.8800 2.2000 -1.7243 0.3224
11.8800 2.4200 -1.7295 0.2537
11.8800 2.6400 -1.7296 0.2769
11.8800 2.8600 -1.7333 0.1691
11.8800 3.0800 -1.7364 0.2680
11.8800 3.3000 -1.7164 0.2405
11.8800 3.5200 -1.7226 0.2365
12.1000 -3.5200 -1.7289 0.1708
12.1000 -3.3000 -1.7280 0.3136
12.1000 -3.0800 -1.7260 0.3579
12.1000 -2.8600 -1.7224 0.3495
12.1000 -2.6400 -1.7294 0.2083
12.1000 -2.4200 -1.7350 0.1938
12.1000 -2.2000 -1.7330 0.3382
12.1000 -1.9800 -1.7178 0.3577
12.1000 -1.7600 -1.7171 0.2731
12.1000 -1.5400 -1.7360 0.3679
12.1000 -1.3200 -1.7285 0.2889
12.1000 -1.1000 -1.7326 0.1333
12.1000 -0.8800 -1.7396 0.1937
12.1000 -0.6600 -1.7205 0.1520
12.1000 -0.4400 -1.7249 0.1807
12.1000 -0.2200 -1.7320 0.1991
12.1000 -0.0000 -1.7338 0.3500
12.1000 0.2200 -1.7352 0.1459
12.1000 0.4400 -1.7186 0.1517
12.1000 0.6600 -1.7331 0.3095
12.1000 0.8800 -1.7162 0.3423
12.1000 1.1000 -1.7211 0.3447
12.1000 1.3200 -1.7312 0.2165
12.1000 1.5400 -1.7352 0.3299
12.1000 1.7600 -1.7272 0.1584
12.1000 1.9800 -1.7271 0.1232
12.1000 2.2000 -1.7328 0.1973
12.1000 2.4200 -1.7361 0.1301
12.1000 2.6400 -1.7179 0.2187
12.1000 2.8600 -1.7377 0.2964
12.1000 3.0800 -1.7257 0.3054
12.1000 3.3000 -1.7259 0.1461
12.1000 3.5200 -1.7376 0.2286
12.3200 -3.5200 -1.7185 0.1899
12.3200 -3.3000 -1.7394 0.3253
12.3200 -3.0800 -1.7261 0.2186
12.3200 -2.8600 -1.7337 0.1836
12.3200 -2.6400 -1.7278 0.1946
12.3200 -2.4200 -1.7392 0.2786
12.3200 -2.2000 -1.7295 0.3606
12.3200 -1.9800 -1.7309 0.1550
12.3200 -1.7600 -1.7285 0.3018
12.3200 -1.5400 -1.7301 0.2233
12.3200 -1.3200 -1.7216 0.3667
12.3200 -1.1000 -1.7345 0.2843
12.3200 -0.8800 -1.7235 0.2541
12.3200 -0.6600 -1.7257 0.1624
12.3200 -0.4400 -1.7365 0.3431
12.3200 -0.2200 -1.7250 0.3187
12.3200 -0.0000 -1.7241 0.1923
12.3200 0.2200 -1.7182 0.2654
12.3200 0.4400 -1.7191 0.2200
12.3200 0.6600 -1.7214 0.2996
12.3200 0.8800 -1.7159 0.3124
12.3200 1.1000 -1.7167 0.2829
12.3200 1.3200 -1.7229 0.1872
12.3200 1.5400 -1.7354 0.2587
12.3200 1.7600 -1.7346 0.2386
12.3200 1.9800 -1.7301 0.3205
12.3200 2.2000 -1.7195 0.1243
12.3200 2.4200 -1.7284 0.1333
12.3200 2.6400 -1.7156 0.2922
12.3200 2.8600 -1.7183 0.1715
12.3200 3.0800 -1.7184 0.2438
12.3200 3.3000 -1.7316 0.2564
12.3200 3.5200 -1.7180 0.1368
12.5400 -3.5200 -1.7254 0.2967
12.5400 -3.3000 -1.7283 0.1776
12.5400 -3.0800 -1.7330 0.2531
12.5400 -2.8600 -1.7381 0.3099
12.5400 -2.6400 -1.7345 0.1917
12.5400 -2.4200 -1.7380 0.2097
12.5400 -2.2000 -1.7393 0.1776
12.5400 -1.9800 -1.7330 0.3498
12.5400 -1.7600 -1.7280 0.1545
12.5400 -1.5400 -1.7211 0.1369
12.5400 -1.3200 -1.7364 0.2325
12.5400 -1.1000 -1.7227 0.2906
12.5400 -0.8800 -1.7324 0.3408
12.5400 -0.6600 -1.7173 0.2904
12.5400 -0.4400 -1.7364 0.2286
12.5400 -0.2200 -1.7374 0.2345
12.5400 -0.0000 -1.7289 0.1823
12.5400 0.2200 -1.7392 0.2264
12.5400 0.4400 -1.7255 0.2240
12.5400 0.6600 -1.7248 0.3524
12.5400 0.8800 -1.7180 0.2607
12.5400 1.1000 -1.7302 0.3343
12.5400 1.3200 -1.7236 0.3235
12.5400 1.5400 -1.7213 0.2789
12.5400 1.7600 -1.7304 0.2732
12.5400 1.9800 -1.7399 0.3291
12.5400 2.2000 -1.7205 0.1980
12.5400 2.4200 -1.7224 0.2802
12.5400 2.6400 -1.7169 0.1493
12.5400 2.8600 -1.7295 0.2450
12.5400 3.0800 -1.7245 0.1713
12.5400 3.3000 -1.7398 0.1241
12.5400 3.5200 -1.7277 0.2853
12.7600 -3.5200 -1.7207 0.2052
12.7600 -3.3000 -1.7363 0.2638
12.7600 -3.0800 -1.7387 0.1768
12.7600 -2.8600 -1.7184 0.1221
12.7600 -2.6400 -1.7209 0.1928
12.7600 -2.4200 -1.7269 0.3239
12.7600 -2.2000 -1.7177 0.3333
12.7600 -1.9800 -1.7249 0.2225
12.7600 -1.7600 -1.7241 0.2055
12.7600 -1.5400 -1.7374 0.3085
12.7600 -1.3200 -1.7234 0.3373
12.7600 -1.1000 -1.7393 0.2851
12.7600 -0.8800 -1.7221 0.2585
12.7600 -0.6600 -1.7266 0.3313
12.7600 -0.4400 -1.7220 0.2135
12.7600 -0.2200 -1.7275 0.2427
12.7600 -0.0000 -1.7323 0.1809
12.7600 0.2200 -1.7228 0.3608
12.7600 0.4400 -1.7291 0.3363
12.7600 0.6600 -1.7234 0.3685
12.7600 0.8800 -1.7373 0.3591
12.7600 1.1000 -1.7388 0.3291
12.7600 1.3200 -1.7187 0.2897
12.7600 1.5400 -1.7281 0.1526
12.7600 1.7600 -1.7320 0.1431
12.7600 1.9800 -1.7156 0.3084
12.7600 2.2000 -1.7284 0.1367
12.7600 2.4200 -1.7169 0.1433
12.7600 2.6400 -1.7269 0.2869
12.7600 2.8600 -1.7368 0.3457
12.7600 3.0800 -1.7287 0.2585
12.7600 3.3000 -1.7157 0.1800
12.7600 3.5200 -1.7240 0.3025
12.9800 -3.5200 -1.7229 0.2226
12.9800 -3.3000 -1.7171 0.2368
12.9800 -3.0800 -1.7290 0.2874
12.9800 -2.8600 -1.7235 0.2750
12.9800 -2.6400 -1.7190 0.2889
12.9800 -2.4200 -1.7249 0.2008
12.9800 -2.2000 -1.7239 0.1616
12.9800 -1.9800 -1.7240 0.1578
12.9800 -1.7600 -1.7237 0.1908
12.9800 -1.5400 -1.7269 0.1784
12.9800 -1.3200 -1.7151 0.3508
12.9800 -1.1000 -1.7266 0.1479
12.9800 -0.8800 -1.7205 0.2225
12.9800 -0.6600 -1.7277 0.2331
12.9800 -0.4400 -1.7234 0.3086
12.9800 -0.2200 -1.7392 0.2795
12.9800 -0.0000 -1.7245 0.3568
12.9800 0.2200 -1.7289 0.1840
12.9800 0.4400 -1.7333 0.3012
12.9800 0.6600 -1.7316 0.3265
12.9800 0.8800 -1.7298 0.1234
12.9800 1.1000 -1.7178 0.3366
12.9800 1.3200 -1.7312 0.3124
12.9800 1.5400 -1.7327 0.3239
12.9800 1.7600 -1.7168 0.2532
12.9800 1.9800 -1.7238 0.2870
12.9800 2.2000 -1.7222 0.2756
12.9800 2.4200 -1.7251 0.2043
12.9800 2.6400 -1.7222 0.1761
12.9800 2.8600 -1.7201 0.1696
12.9800 3.0800 -1.7340 0.3108
12.9800 3.3000 -1.7317 0.1236
12.9800 3.5200 -1.7231 0.1500
13.2000 -3.5200 -1.7351 0.1316
13.2000 -3.3000 -1.7269 0.1479
13.2000 -3.0800 -1.7394 0.2884
13.2000 -2.8600 -1.7151 0.2822
13.2000 -2.6400 -1.7254 0.2905
13.2000 -2.4200 -1.7319 0.2737
13.2000 -2.2000 -1.7358 0.2347
13.2000 -1.9800 -1.7207 0.2596
13.2000 -1.7600 -1.7396 0.2536
13.2000 -1.5400 -1.7179 0.3040
13.2000 -1.3200 -1.7304 0.2491
13.2000 -1.1000 -1.7188 0.3078
13.2000 -0.8800 -1.7225 0.1630
13.2000 -0.6600 -1.7339 0.2754
13.2000 -0.4400 -1.7348 0.2767
13.2000 -0.2200 -1.7168 0.2895
13.2000 -0.0000 -1.7189 0.2575
13.2000 0.2200 -1.7284 0.2651
13.2000 0.4400 -1.7397 0.1216
13.2000 0.6600 -1.7327 0.3363
13.2000 0.8800 -1.7349 0.1594
13.2000 1.1000 -1.7354 0.2360
13.2000 1.3200 -1.7233 0.2032
13.2000 1.5400 -1.7352 0.2692
13.2000 1.7600 -1.7306 0.3544
13.2000 1.9800 -1.7278 0.2777
13.2000 2.2000 -1.7313 0.2476
13.2000 2.4200 -1.7369 0.2630
13.2000 2.6400 -1.7390 0.3525
13.2000 2.8600 -1.7174 0.1358
13.2000 3.0800 -1.7199 0.2785
13.2000 3.3000 -1.7261 0.2511
13.2000 3.5200 -1.7245 0.3272
13.4200 -3.5200 -1.7153 0.2011
13.4200 -3.3000 -1.7260 0.1748
13.4200 -3.0800 -1.7322 0.2522
13.4200 -2.8600 -1.7355 0.3317
13.4200 -2.6400 -1.7172 0.2545
13.4200 -2.4200 -1.7363 0.3542
13.4200 -2.2000 -1.7194 0.2796
13.4200 -1.9800 -1.7324 0.2444
13.4200 -1.7600 -1.7333 0.1654
13.4200 -1.5400 -1.7168 0.2378
13.4200 -1.3200 -1.7372 0.2021
13.4200 -1.1000 -1.7383 0.2514
13.4200 -0.8800 -1.7219 0.1646
13.4200 -0.6600 -1.7197 0.2233
13.4200 -0.4400 -1.7389 0.1389
13.4200 -0.2200 -1.7305 0.2137
13.4200 -0.0000 -1.7251 0.3263
13.4200 0.2200 -1.7220 0.1907
13.4200 0.4400 -1.7370 0.1909
13.4200 0.6600 -1.7297 0.3444
13.4200 0.8800 -1.7377 0.1381
13.4200 1.1000 -1.7271 0.1825
13.4200 1.3200 -1.7396 0.1675
13.4200 1.5400 -1.7356 0.2652
13.4200 1.7600 -1.7153 0.3539
13.4200 1.9800 -1.7213 0.2408
13.4200 2.2000 -1.7332 0.1357
13.4200 2.4200 -1.7339 0.1239
13.4200 2.6400 -1.7175 0.3057
13.4200 2.8600 -1.7184 0.3471
13.4200 3.0800 -1.7188 0.1260
13.4200 3.3000 -1.7302 0.3388
13.4200 3.5200 -1.7163 0.1355
13.6400 -3.5200 -1.7391 0.2718
13.6400 -3.3000 -1.7303 0.3664
13.6400 -3.0800 -1.7272 0.3475
13.6400 -2.8600 -1.7164 0.2976
13.6400 -2.6400 -1.7222 0.1928
13.6400 -2.4200 -1.7398 0.1276
13.6400 -2.2000 -1.7330 0.2434
13.6400 -1.9800 -1.7299 0.2522
13.6400 -1.7600 -1.7287 0.3015
13.6400 -1.5400 -1.7329 0.2743
13.6400 -1.3200 -1.7185 0.3632
13.6400 -1.1000 -1.7284 0.3367
13.6400 -0.8800 -1.7369 0.3646
13.6400 -0.6600 -1.7170 0.3467
13.6400 -0.4400 -1.7249 0.3587
13.6400 -0.2200 -1.7277 0.2336
13.6400 -0.0000 -1.7292 0.2200
13.6400 0.2200 -1.7376 0.3241
13.6400 0.4400 -1.7295 0.2268
13.6400 0.6600 -1.7189 0.3320
13.6400 0.8800 -1.7349 0.3508
13.6400 1.1000 -1.7326 0.1435
13.6400 1.3200 -1.7177 0.2938
13.6400 1.5400 -1.7392 0.1875
13.6400 1.7600 -1.7240 0.3476
13.6400 1.9800 -1.7305 0.1795
13.6400 2.2000 -1.7383 0.2032
13.6400 2.4200 -1.7362 0.3554
13.6400 2.6400 -1.7188 0.3024
13.6400 2.8600 -1.7291 0.3084
13.6400 3.0800 -1.7161 0.3671
13.6400 3.3000 -1.7151 0.1359
13.6400 3.5200 -1.7197 0.1543
13.8600 -3.5200 -1.7376 0.3500
13.8600 -3.3000 -1.7356 0.2519
13.8600 -3.0800 -1.7381 0.2182
13.8600 -2.8600 -1.7277 0.1209
13.8600 -2.6400 -1.7399 0.1929
13.8600 -2.4200 -1.7349 0.1375
13.8600 -2.2000 -1.7312 0.3646
13.8600 -1.9800 -1.7393 0.1309
13.8600 -1.7600 -1.7379 0.2943
13.8600 -1.5400 -1.7226 0.3560
13.8600 -1.3200 -1.7349 0.2948
13.8600 -1.1000 -1.7362 0.3338
13.8600 -0.8800 -1.7376 0.1424
13.8600 -0.6600 -1.7280 0.2264
13.8600 -0.4400 -1.7174 0.2059
13.8600 -0.2200 -1.7353 0.2384
13.8600 -0.0000 -1.7212 0.1995
13.8600 0.2200 -1.7391 0.3021
13.8600 0.4400 -1.7238 0.1963
13.8600 0.6600 -1.7304 0.3613
13.8600 0.8800 -1.7173 0.2024
13.8600 1.1000 -1.7235 0.2327
13.8600 1.3200 -1.7226 0.1414
13.8600 1.5400 -1.7200 0.2478
13.8600 1.7600 -1.7354 0.1914
13.8600 1.9800 -1.7219 0.2331
13.8600 2.2000 -1.7157 0.3693
13.8600 2.4200 -1.7216 0.3335
13.8600 2.6400 -1.7214 0.2643
13.8600 2.8600 -1.7250 0.2897
13.8600 3.0800 -1.7276 0.2687
13.8600 3.3000 -1.7274 0.3318
13.8600 3.5200 -1.7379 0.1629
14.0800 -3.5200 -1.7313 0.2278
14.0800 -3.3000 -1.7240 0.2270
14.0800 -3.0800 -1.7364 0.3049
14.0800 -2.8600 -1.7239 0.2143
14.0800 -2.6400 -1.7310 0.3691
14.0800 -2.4200 -1.7207 0.3189
14.0800 -2.2000 -1.7204 0.2696
14.0800 -1.9800 -1.7229 0.2582
14.0800 -1.7600 -1.7161 0.2471
14.0800 -1.5400 -1.7198 0.1771
14.0800 -1.3200 -1.7257 0.2796
14.0800 -1.1000 -1.7242 0.2993
14.0800 -0.8800 -1.7302 0.3613
14.0800 -0.6600 -1.7392 0.3358
14.0800 -0.4400 -1.7222 0.3129
14.0800 -0.2200 -1.7282 0.1382
14.0800 -0.0000 -1.7313 0.1707
14.0800 0.2200 -1.7248 0.3029
14.0800 0.4400 -1.7381 0.2566
14.0800 0.6600 -1.7197 0.1386
14.0800 0.8800 -1.7175 0.1476
14.0800 1.1000 -1.7201 0.2454
14.0800 1.3200 -1.7242 0.2476
14.0800 1.5400 -1.7332 0.2131
14.0800 1.7600 -1.7202 0.2827
14.0800 1.9800 -1.7272 0.2081
14.0800 2.2000 -1.7386 0.2394
14.0800 2.4200 -1.7395 0.2637
14.0800 2.6400 -1.7334 0.2047
14.0800 2.8600 -1.7242 0.1251
14.0800 3.0800 -1.7367 0.2566
14.0800 3.3000 -1.7324 0.3359
14.0800 3.5200 -1.7352 0.1434
14.3000 -3.5200 -1.7284 0.1530
14.3000 -3.3000 -1.7359 0.1818
14.3000 -3.0800 -1.7234 0.1907
14.3000 -2.8600 -1.7178 0.2634
14.3000 -2.6400 -1.7362 0.1464
14.3000 -2.4200 -1.7339 0.2550
14.3000 -2.2000 -1.7319 0.3234
14.3000 -1.9800 -1.7394 0.3489
14.3000 -1.7600 -1.7305 0.1976
14.3000 -1.5400 -1.7330 0.3578
14.3000 -1.3200 -1.7335 0.1248
14.3000 -1.1000 -1.7374 0.1416
14.3000 -0.8800 -1.7157 0.1972
14.3000 -0.6600 -1.7289 0.3008
14.3000 -0.4400 -1.7330 0.1592
14.3000 -0.2200 -1.7158 0.2538
14.3000 -0.0000 -1.7359 0.2047
14.3000 0.2200 -1.7257 0.3698
14.3000 0.4400 -1.7329 0.1979
14.3000 0.6600 -1.7330 0.2159
14.3000 0.8800 -1.7158 0.1353
14.3000 1.1000 -1.7298 0.2907
14.3000 1.3200 -1.7374 0.3559
14.3000 1.5400 -1.7288 0.2172
14.3000 1.7600 -1.7393 0.1886
14.3000 1.9800 -1.7309 0.3077
14.3000 2.2000 -1.7255 0.1995
14.3000 2.4200 -1.7203 0.3400
14.3000 2.6400 -1.7317 0.3181
14.3000 2.8600 -1.7165 0.2632
14.3000 3.0800 -1.7322 0.3110
14.3000 3.3000 -1.7374 0.2049
14.3000 3.5200 -1.7272 0.3186
14.5200 -3.5200 -1.7201 0.1503
14.5200 -3.3000 -1.7244 0.3598
14.5200 -3.0800 -1.7293 0.2166
14.5200 -2.8600 -1.7312 0.3347
14.5200 -2.6400 -1.7326 0.2713
14.5200 -2.4200 -1.7195 0.2131
14.5200 -2.2000 -1.7224 0.3010
14.5200 -1.9800 -1.7178 0.2916
14.5200 -1.7600 -1.7290 0.2651
14.5200 -1.5400 -1.7319 0.1799
14.5200 -1.3200 -1.7238 0.2637
14.5200 -1.1000 -1.7248 0.3444
14.5200 -0.8800 -1.7162 0.3471
14.5200 -0.6600 -1.7227 0.2368
14.5200 -0.4400 -1.7369 0.2303
14.5200 -0.2200 -1.7228 0.3519
14.5200 -0.0000 -1.7372 0.3450
14.5200 0.2200 -1.7202 0.1980
14.5200 0.4400 -1.7185 0.1229
14.5200 0.6600 -1.7369 0.2467
14.5200 0.8800 -1.7358 0.1668
14.5200 1.1000 -1.7370 0.2380
14.5200 1.3200 -1.7278 0.2892
14.5200 1.5400 -1.7352 0.2671
14.5200 1.7600 -1.7275 0.2734
14.5200 1.9800 -1.7274 0.2861
14.5200 2.2000 -1.7158 0.1850
14.5200 2.4200 -1.7200 0.1576
14.5200 2.6400 -1.7254 0.2661
14.5200 2.8600 -1.7330 0.2956
14.5200 3.0800 -1.7297 0.2959
14.5200 3.3000 -1.7368 0.2727
14.5200 3.5200 -1.7180 0.2357
14.7400 -3.5200 -1.7311 0.2644
14.7400 -3.3000 -1.7372 0.1347
14.7400 -3.0800 -1.7201 0.2647
14.7400 -2.8600 -1.7317 0.2789
14.7400 -2.6400 -1.7218 0.3201
14.7400 -2.4200 -1.7353 0.1971
14.7400 -2.2000 -1.7387 0.1881
14.7400 -1.9800 -1.7230 0.2950
14.7400 -1.7600 -1.7352 0.3001
14.7400 -1.5400 -1.7181 0.1388
14.7400 -1.3200 -1.7223 0.2512
14.7400 -1.1000 -1.7189 0.1937
14.7400 -0.8800 -1.7221 0.1431
14.7400 -0.6600 -1.7330 0.3337
14.7400 -0.4400 -1.7306 0.2798
14.7400 -0.2200 -1.7235 0.1242
14.7400 -0.0000 -1.7261 0.2051
14.7400 0.2200 -1.7182 0.2267
14.7400 0.4400 -1.7383 0.2810
14.7400 0.6600 -1.7187 0.2400
14.7400 0.8800 -1.7158 0.1463
14.7400 1.1000 -1.7178 0.2261
14.7400 1.3200 -1.7361 0.3122
14.7400 1.5400 -1.7393 0.1227
14.7400 1.7600 -1.7272 0.1761
14.7400 1.9800 -1.7381 0.2008
14.7400 2.2000 -1.7183 0.2048
14.7400 2.4200 -1.7310 0.1210
14.7400 2.6400 -1.7206 0.3026
14.7400 2.8600 -1.7213 0.2147
14.7400 3.0800 -1.7222 0.1489
14.7400 3.3000 -1.7300 0.2739
14.7400 3.5200 -1.7153 0.3059
14.9600 -3.5200 -1.7197 0.2897
14.9600 -3.3000 -1.7150 0.1939
14.9600 -3.0800 -1.7331 0.2500
14.9600 -2.8600 -1.7269 0.2512
14.9600 -2.6400 -1.7388 0.2474
14.9600 -2.4200 -1.7177 0.3521
14.9600 -2.2000 -1.7216 0.3010
14.9600 -1.9800 -1.7212 0.3631
14.9600 -1.7600 -1.7323 0.3490
14.9600 -1.5400 -1.7398 0.3271
14.9600 -1.3200 -1.7315 0.2722
14.9600 -1.1000 -1.7379 0.2197
14.9600 -0.8800 -1.7288 0.3180
14.9600 -0.6600 -1.7335 0.1845
14.9600 -0.4400 -1.7151 0.1878
14.9600 -0.2200 -1.7231 0.2558
14.9600 -0.0000 -1.7158 0.1530
14.9600 0.2200 -1.7322 0.1833
14.9600 0.4400 -1.7223 0.3097
14.9600 0.6600 -1.7304 0.2515
14.9600 0.8800 -1.7359 0.1868
14.9600 1.1000 -1.7218 0.2841
14.9600 1.3200 -1.7188 0.1986
14.9600 1.5400 -1.7156 0.2484
14.9600 1.7600 -1.7301 0.3121
14.9600 1.9800 -1.7224 0.3202
14.9600 2.2000 -1.7236 0.3040
14.9600 2.4200 -1.7163 0.1523
14.9600 2.6400 -1.7286 0.1608
14.9600 2.8600 -1.7218 0.2667
14.9600 3.0800 -1.7239 0.1955
14.9600 3.3000 -1.7303 0.2687
14.9600 3.5200 -1.7340 0.1774
15.1800 -3.5200 -1.7206 0.1569
15.1800 -3.3000 -1.7158 0.3468
15.1800 -3.0800 -1.7189 0.1637
15.1800 -2.8600 -1.7369 0.2870
15.1800 -2.6400 -1.7228 0.2068
15.1800 -2.4200 -1.7186 0.2794
15.1800 -2.2000 -1.7193 0.1598
15.1800 -1.9800 -1.7179 0.2130
15.1800 -1.7600 -1.7322 0.3137
15.1800 -1.5400 -1.7222 0.1292
15.1800 -1.3200 -1.7277 0.2930
15.1800 -1.1000 -1.7217 0.2071
15.1800 -0.8800 -1.7355 0.1730
15.1800 -0.6600 -1.7213 0.3310
15.1800 -0.4400 -1.7307 0.2684
15.1800 -0.2200 -1.7367 0.1947
15.1800 -0.0000 -1.7345 0.2662
15.1800 0.2200 -1.7382 0.1758
15.1800 0.4400 -1.7165 0.2317
15.1800 0.6600 -1.7152 0.2876
15.1800 0.8800 -1.7297 0.3496
15.1800 1.1000 -1.7322 0.1839
15.1800 1.3200 -1.7301 0.2867
15.1800 1.5400 -1.7381 0.2244
15.1800 1.7600 -1.7365 0.2864
15.1800 1.9800 -1.7387 0.2492
15.1800 2.2000 -1.7150 0.2400
15.1800 2.4200 -1.7223 0.2914
15.1800 2.6400 -1.7220 0.2321
15.1800 2.8600 -1.7198 0.2590
15.1800 3.0800 -1.7243 0.2689
15.1800 3.3000 -1.7241 0.2702
15.1800 3.5200 -1.7170 0.3051
15.4000 -3.5200 -1.7365 0.1899
15.4000 -3.3000 -1.7260 0.3617
15.4000 -3.0800 -1.7315 0.2006
15.4000 -2.8600 -1.7186 0.2151
15.4000 -2.6400 -1.7241 0.3292
15.4000 -2.4200 -1.7209 0.1317
15.4000 -2.2000 -1.7206 0.1368
15.4000 -1.9800 -1.7369 0.1560
15.4000 -1.7600 -1.7207 0.1551
15.4000 -1.5400 -1.7301 0.2146
15.4000 -1.3200 -1.7170 0.3200
15.4000 -1.1000 -1.7172 0.2563
15.4000 -0.8800 -1.7222 0.2940
15.4000 -0.6600 -1.7243 0.3411
15.4000 -0.4400 -1.7217 0.2989
15.4000 -0.2200 -1.7336 0.2544
15.4000 -0.0000 -1.7240 0.2158
15.4000 0.2200 -1.7264 0.3106
15.4000 0.4400 -1.7384 0.1624
15.4000 0.6600 -1.7360 0.3248
15.4000 0.8800 -1.7275 0.1641
15.4000 1.1000 -1.7373 0.1433
15.4000 1.3200 -1.7364 0.1992
15.4000 1.5400 -1.7357 0.3411
15.4000 1.7600 -1.7215 0.1643
15.4000 1.9800 -1.7283 0.1283
15.4000 2.2000 -1.7215 0.2621
15.4000 2.4200 -1.7227 0.2489
15.4000 2.6400 -1.7209 0.3192
15.4000 2.8600 -1.7253 0.2287
15.4000 3.0800 -1.7223 0.2398
15.4000 3.3000 -1.7168 0.3662
15.4000 3.5200 -1.7337 0.3582
15.6200 -3.5200 -1.7258 0.1639
15.6200 -3.3000 -1.7263 0.2711
15.6200 -3.0800 -1.7357 0.2132
15.6200 -2.8600 -1.7162 0.1226
15.6200 -2.6400 -1.7241 0.1281
15.6200 -2.4200 -1.7216 0.1695
15.6200 -2.2000 -1.7399 0.2297
15.6200 -1.9800 -1.7265 0.3049
15.6200 -1.7600 -1.7375 0.2380
15.6200 -1.5400 -1.7339 0.1974
15.6200 -1.3200 -1.7302 0.1771
15.6200 -1.1000 -1.7215 0.3291
15.6200 -0.8800 -1.7341 0.1595
15.6200 -0.6600 -1.7163 0.1325
15.6200 -0.4400 -1.7295 0.1836
15.6200 -0.2200 -1.7160 0.1693
15.6200 -0.0000 -1.7279 0.1947
15.6200 0.2200 -1.7381 0.2304
15.6200 0.4400 -1.7235 0.1739
15.6200 0.6600 -1.7323 0.3512
15.6200 0.8800 -1.7231 0.3453
15.6200 1.1000 -1.7400 0.3200
15.6200 1.3200 -1.7171 0.3343
15.6200 1.5400 -1.7276 0.2027
15.6200 1.7600 -1.7388 0.1842
15.6200 1.9800 -1.7240 0.3426
15.6200 2.2000 -1.7395 0.1334
15.6200 2.4200 -1.7309 0.1783
15.6200 2.6400 -1.7274 0.2846
15.6200 2.8600 -1.7301 0.2381
15.6200 3.0800 -1.7260 0.3522
15.6200 3.3000 -1.7372 0.2295
15.6200 3.5200 -1.7288 0.3215
15.8400 -3.5200 -1.7208 0.2292
15.8400 -3.3000 -1.7397 0.1417
15.8400 -3.0800 -1.7186 0.2389
15.8400 -2.8600 -1.7186 0.1887
15.8400 -2.6400 -1.7369 0.3428
15.8400 -2.4200 -1.7308 0.1730
15.8400 -2.2000 -1.7227 0.2582
15.8400 -1.9800 -1.7377 0.1242
15.8400 -1.7600 -1.7178 0.2966
15.8400 -1.5400 -1.7270 0.1247
15.8400 -1.3200 -1.7154 0.2928
15.8400 -1.1000 -1.7179 0.3215
15.8400 -0.8800 -1.7165 0.1712
15.8400 -0.6600 -1.7232 0.3121
15.8400 -0.4400 -1.7188 0.2900
15.8400 -0.2200 -1.7338 0.1885
15.8400 -0.0000 -1.7304 0.2959
15.8400 0.2200 -1.7308 0.2646
15.8400 0.4400 -1.7194 0.2015
15.8400 0.6600 -1.7328 0.1986
15.8400 0.8800 -1.7252 0.1637
15.8400 1.1000 -1.7386 0.2837
15.8400 1.3200 -1.7242 0.3336
15.8400 1.5400 -1.7349 0.2112
15.8400 1.7600 -1.7171 0.1279
15.8400 1.9800 -1.7185 0.2411
15.8400 2.2000 -1.7297 0.1536
15.8400 2.4200 -1.7224 0.2142
15.8400 2.6400 -1.7263 0.2909
15.8400 2.8600 -1.7229 0.3005
15.8400 3.0800 -1.7369 0.1507
15.8400 3.3000 -1.7216 0.2064
15.8400 3.5200 -1.7260 0.2460
16.0600 -3.5200 -1.7297 0.1888
16.0600 -3.3000 -1.7279 0.2325
16.0600 -3.0800 -1.7231 0.2534
16.0600 -2.8600 -1.7376 0.3226
16.0600 -2.6400 -1.7191 0.2514
16.0600 -2.4200 -1.7159 0.2282
16.0600 -2.2000 -1.7237 0.1696
16.0600 -1.9800 -1.7382 0.3200
16.0600 -1.7600 -1.7195 0.1906
16.0600 -1.5400 -1.7346 0.2024
16.0600 -1.3200 -1.7280 0.2114
16.0600 -1.1000 -1.7377 0.2308
16.0600 -0.8800 -1.7287 0.1325
16.0600 -0.6600 -1.7223 0.2219
16.0600 -0.4400 -1.7394 0.2289
16.0600 -0.2200 -1.7353 0.2278
16.0600 -0.0000 -1.7339 0.1258
16.0600 0.2200 -1.7152 0.1908
16.0600 0.4400 -1.7185 0.2813
16.0600 0.6600 -1.7247 0.3545
16.0600 0.8800 -1.7291 0.1265
16.0600 1.1000 -1.7259 0.1919
16.0600 1.3200 -1.7397 0.2091
16.0600 1.5400 -1.7385 0.2342
16.0600 1.7600 -1.7265 0.1318
16.0600 1.9800 -1.7266 0.3200
16.0600 2.2000 -1.7206 0.1737
16.0600 2.4200 -1.7164 0.1387
16.0600 2.6400 -1.7281 0.2499
16.0600 2.8600 -1.7261 0.2715
16.0600 3.0800 -1.7344 0.2225
16.0600 3.3000 -1.7299 0.3552
16.0600 3.5200 -1.7229 0.2333
16.2800 -3.5200 -1.7283 0.1923
16.2800 -3.3000 -1.7384 0.2337
16.2800 -3.0800 -1.7307 0.1890
16.2800 -2.8600 -1.7211 0.2623
16.2800 -2.6400 -1.7353 0.2678
16.2800 -2.4200 -1.7279 0.3455
16.2800 -2.2000 -1.7367 0.2000
16.2800 -1.9800 -1.7340 0.2297
16.2800 -1.7600 -1.7271 0.3460
16.2800 -1.5400 -1.7159 0.2003
16.2800 -1.3200 -1.7370 0.2904
16.2800 -1.1000 -1.7290 0.1608
16.2800 -0.8800 -1.7315 0.2351
16.2800 -0.6600 -1.7231 0.1796
16.2800 -0.4400 -1.7252 0.2267
16.2800 -0.2200 -1.7338 0.2692
16.2800 -0.0000 -1.7362 0.2480
16.2800 0.2200 -1.7354 0.1243
16.2800 0.4400 -1.7154 0.2071
16.2800 0.6600 -1.7198 0.1337
16.2800 0.8800 -1.7180 0.3377
16.2800 1.1000 -1.7341 0.2383
16.2800 1.3200 -1.7318 0.1774
16.2800 1.5400 -1.7202 0.1982
16.2800 1.7600 -1.7205 0.1270
16.2800 1.9800 -1.7237 0.3360
16.2800 2.2000 -1.7246 0.2821
16.2800 2.4200 -1.7269 0.2105
16.2800 2.6400 -1.7365 0.3170
16.2800 2.8600 -1.7247 0.1263
16.2800 3.0800 -1.7175 0.2265
16.2800 3.3000 -1.7316 0.1907
16.2800 3.5200 -1.7295 0.3646
16.5000 -3.5200 -1.7345 0.2749
16.5000 -3.3000 -1.7198 0.3436
16.5000 -3.0800 -1.7377 0.1583
16.5000 -2.8600 -1.7279 0.2050
16.5000 -2.6400 -1.7282 0.3464
16.5000 -2.4200 -1.7343 0.2915
16.5000 -2.2000 -1.7332 0.1634
16.5000 -1.9800 -1.7175 0.2980
16.5000 -1.7600 -1.7298 0.2900
16.5000 -1.5400 -1.7328 0.2188
16.5000 -1.3200 -1.7259 0.2386
16.5000 -1.1000 -1.7209 0.3270
16.5000 -0.8800 -1.7340 0.2777
16.5000 -0.6600 -1.7282 0.3552
16.5000 -0.4400 -1.7203 0.3392
16.5000 -0.2200 -1.7187 0.2945
16.5000 -0.0000 -1.7351 0.2910
16.5000 0.2200 -1.7271 0.2794
16.5000 0.4400 -1.7178 0.2297
16.5000 0.6600 -1.7169 0.2688
16.5000 0.8800 -1.7284 0.1526
16.5000 1.1000 -1.7271 0.2709
16.5000 1.3200 -1.7283 0.3600
16.5000 1.5400 -1.7288 0.2378
16.5000 1.7600 -1.7400 0.1487
16.5000 1.9800 -1.7309 0.1408
16.5000 2.2000 -1.7351 0.2149
16.5000 2.4200 -1.7197 0.1216
16.5000 2.6400 -1.7279 0.2847
16.5000 2.8600 -1.7393 0.2003
16.5000 3.0800 -1.7176 0.2829
16.5000 3.3000 -1.7397 0.2170
16.5000 3.5200 -1.7315 0.3221
16.7200 -3.5200 -1.7361 0.1603
16.7200 -3.3000 -1.7290 0.1539
16.7200 -3.0800 -1.7295 0.3272
16.7200 -2.8600 -1.7380 0.1473
16.7200 -2.6400 -1.7212 0.2136
16.7200 -2.4200 -1.7327 0.3570
16.7200 -2.2000 -1.7331 0.1970
16.7200 -1.9800 -1.7302 0.2691
16.7200 -1.7600 -1.7215 0.2663
16.7200 -1.5400 -1.7376 0.2805
16.7200 -1.3200 -1.7207 0.2030
16.7200 -1.1000 -1.7217 0.2264
16.7200 -0.8800 -1.7188 0.1899
16.7200 -0.6600 -1.7208 0.3058
16.7200 -0.4400 -1.7341 0.1421
16.7200 -0.2200 -1.7298 0.2676
16.7200 -0.0000 -1.7157 0.3588
16.7200 0.2200 -1.7203 0.3015
16.7200 0.4400 -1.7252 0.2228
16.7200 0.6600 -1.7378 0.3218
16.7200 0.8800 -1.7341 0.1636
16.7200 1.1000 -1.7337 0.2962
16.7200 1.3200 -1.7392 0.3686
16.7200 1.5400 -1.7384 0.2295
16.7200 1.7600 -1.7344 0.3564
16.7200 1.9800 -1.7183 0.2614
16.7200 2.2000 -1.7314 0.2203
16.7200 2.4200 -1.7388 0.3697
16.7200 2.6400 -1.7333 0.1726
16.7200 2.8600 -1.7233 0.1208
16.7200 3.0800 -1.7313 0.3059
16.7200 3.3000 -1.7398 0.2002
16.7200 3.5200 -1.7343 0.2101
16.9400 -3.5200 -1.7400 0.3335
16.9400 -3.3000 -1.7309 0.3397
16.9400 -3.0800 -1.7356 0.3380
16.9400 -2.8600 -1.7337 0.1713
16.9400 -2.6400 -1.7331 0.2809
16.9400 -2.4200 -1.7288 0.2885
16.9400 -2.2000 -1.7228 0.2451
16.9400 -1.9800 -1.7185 0.2050
16.9400 -1.7600 -1.7386 0.1291
16.9400 -1.5400 -1.7386 0.3132
16.9400 -1.3200 -1.7175 0.1255
16.9400 -1.1000 -1.7358 0.3114
16.9400 -0.8800 -1.7391 0.1827
16.9400 -0.6600 -1.7287 0.3198
16.9400 -0.4400 -1.7296 0.2941
16.9400 -0.2200 -1.7317 0.2177
16.9400 -0.0000 -1.7276 0.2304
16.9400 0.2200 -1.7338 0.2123
16.9400 0.4400 -1.7282 0.3326
16.9400 0.6600 -1.7367 0.3593
16.9400 0.8800 -1.7204 0.2756
16.9400 1.1000 -1.7202 0.1364
16.9400 1.3200 -1.7329 0.3597
16.9400 1.5400 -1.7376 0.3369
16.9400 1.7600 -1.7305 0.3167
16.9400 1.9800 -1.7212 0.2521
16.9400 2.2000 -1.7230 0.2644
16.9400 2.4200 -1.7325 0.3308
16.9400 2.6400 -1.7166 0.1915
16.9400 2.8600 -1.7216 0.3464
16.9400 3.0800 -1.7201 0.2572
16.9400 3.3000 -1.7190 0.2884
16.9400 3.5200 -1.7326 0.2203
17.1600 -3.5200 -1.7384 0.1344
17.1600 -3.3000 -1.7393 0.1496
17.1600 -3.0800 -1.7377 0.3613
17.1600 -2.8600 -1.7197 0.1715
17.1600 -2.6400 -1.7339 0.3410
17.1600 -2.4200 -1.7347 0.3202
17.1600 -2.2000 -1.7296 0.2932
17.1600 -1.9800 -1.7298 0.1917
17.1600 -1.7600 -1.7193 0.3359
17.1600 -1.5400 -1.7233 0.2826
17.1600 -1.3200 -1.7292 0.3342
17.1600 -1.1000 -1.7366 0.3656
17.1600 -0.8800 -1.7229 0.3478
17.1600 -0.6600 -1.7212 0.3596
17.1600 -0.4400 -1.7278 0.1246
17.1600 -0.2200 -1.7176 0.2963
17.1600 -0.0000 -1.7398 0.2775
17.1600 0.2200 -1.7334 0.1835
17.1600 0.4400 -1.7363 0.1897
17.1600 0.6600 -1.7181 0.2138
17.1600 0.8800 -1.7184 0.2015
17.1600 1.1000 -1.7236 0.1819
17.1600 1.3200 -1.7215 0.3317
17.1600 1.5400 -1.7181 0.1900
17.1600 1.7600 -1.7339 0.1484
17.1600 1.9800 -1.7400 0.2930
17.1600 2.2000 -1.7154 0.2227
17.1600 2.4200 -1.7218 0.2749
17.1600 2.6400 -1.7348 0.2056
17.1600 2.8600 -1.7374 0.1374
17.1600 3.0800 -1.7229 0.1664
17.1600 3.3000 -1.7265 0.2560
17.1600 3.5200 -1.7225 0.2659
17.3800 -3.5200 -1.7303 0.3350
17.3800 -3.3000 -1.7302 0.3435
17.3800 -3.0800 -1.7252 0.3351
17.3800 -2.8600 -1.7188 0.2346
17.3800 -2.6400 -1.7151 0.1302
17.3800 -2.4200 -1.7185 0.2035
17.3800 -2.2000 -1.7337 0.2234
17.3800 -1.9800 -1.7330 0.2807
17.3800 -1.7600 -1.7349 0.2360
17.3800 -1.5400 -1.7327 0.3501
17.3800 -1.3200 -1.7156 0.2048
17.3800 -1.1000 -1.7376 0.3198
17.3800 -0.8800 -1.7272 0.3240
17.3800 -0.6600 -1.7374 0.3547
17.3800 -0.4400 -1.7322 0.3130
17.3800 -0.2200 -1.7391 0.1650
17.3800 -0.0000 -1.7331 0.3221
17.3800 0.2200 -1.7252 0.2052
17.3800 0.4400 -1.7376 0.2438
17.3800 0.6600 -1.7193 0.2708
17.3800 0.8800 -1.7173 0.3380
17.3800 1.1000 -1.7393 0.2008
17.3800 1.3200 -1.7397 0.1990
17.3800 1.5400 -1.7312 0.3422
17.3800 1.7600 -1.7325 0.3234
17.3800 1.9800 -1.7395 0.1802
17.3800 2.2000 -1.7306 0.1509
17.3800 2.4200 -1.7269 0.2588
17.3800 2.6400 -1.7379 0.3679
17.3800 2.8600 -1.7198 0.3634
17.3800 3.0800 -1.7363 0.2927
17.3800 3.3000 -1.7339 0.3352
17.3800 3.5200 -1.7207 0.1498
17.6000 -3.5200 -1.7392 0.3635
17.6000 -3.3000 -1.7255 0.3013
17.6000 -3.0800 -1.7202 0.2381
17.6000 -2.8600 -1.7254 0.2550
17.6000 -2.6400 -1.7384 0.3681
17.6000 -2.4200 -1.7210 0.2426
17.6000 -2.2000 -1.7307 0.2677
17.6000 -1.9800 -1.7193 0.3389
17.6000 -1.7600 -1.7200 0.2581
17.6000 -1.5400 -1.7290 0.1901
17.6000 -1.3200 -1.7288 0.1305
17.6000 -1.1000 -1.7337 0.1290
17.6000 -0.8800 -1.7215 0.3583
17.6000 -0.6600 -1.7154 0.2302
17.6000 -0.4400 -1.7227 0.1889
17.6000 -0.2200 -1.7400 0.3148
17.6000 -0.0000 -1.7221 0.2969
17.6000 0.2200 -1.7159 0.1688
17.6000 0.4400 -1.7306 0.2721
17.6000 0.6600 -1.7326 0.2297
17.6000 0.8800 -1.7382 0.2298
17.6000 1.1000 -1.7151 0.3359
17.6000 1.3200 -1.7249 0.2766
17.6000 1.5400 -1.7255 0.3345
17.6000 1.7600 -1.7331 0.2121
17.6000 1.9800 -1.7173 0.3452
17.6000 2.2000 -1.7244 0.1907
17.6000 2.4200 -1.7236 0.1310
17.6000 2.6400 -1.7220 0.2465
17.6000 2.8600 -1.7180 0.2741
17.6000 3.0800 -1.7358 0.3368
17.6000 3.3000 -1.7294 0.1705
17.6000 3.5200 -1.7263 0.3289
17.8200 -3.5200 -1.7307 0.2345
17.8200 -3.3000 -1.7362 0.1719
17.8200 -3.0800 -1.7365 0.1999
17.8200 -2.8600 -1.7207 0.1478
17.8200 -2.6400 -1.7265 0.2239
17.8200 -2.4200 -1.7171 0.3541
17.8200 -2.2000 -1.7196 0.1955
17.8200 -1.9800 -1.7253 0.3257
17.8200 -1.7600 -1.7332 0.1549
17.8200 -1.5400 -1.7385 0.2188
17.8200 -1.3200 -1.7234 0.3421
17.8200 -1.1000 -1.7276 0.1684
17.8200 -0.8800 -1.7309 0.2035
17.8200 -0.6600 -1.7208 0.2484
17.8200 -0.4400 -1.7152 0.2001
17.8200 -0.2200 -1.7381 0.2797
17.8200 -0.0000 -1.7172 0.3171
17.8200 0.2200 -1.7175 0.2733
17.8200 0.4400 -1.7160 0.2809
17.8200 0.6600 -1.7384 0.3625
17.8200 0.8800 -1.7380 0.2740
17.8200 1.1000 -1.7336 0.2267
17.8200 1.3200 -1.7174 0.2911
17.8200 1.5400 -1.7248 0.2671
17.8200 1.7600 -1.7189 0.3557
17.8200 1.9800 -1.7257 0.3122
17.8200 2.2000 -1.7370 0.3074
17.8200 2.4200 -1.7249 0.2614
17.8200 2.6400 -1.7298 0.1768
17.8200 2.8600 -1.7286 0.1614
17.8200 3.0800 -1.7350 0.1783
17.8200 3.3000 -1.7276 0.3252
17.8200 3.5200 -1.7289 0.2389
18.0400 -3.5200 -1.7224 0.1799
18.0400 -3.3000 -1.7301 0.2685
18.0400 -3.0800 -1.7338 0.2865
18.0400 -2.8600 -1.7316 0.2656
18.0400 -2.6400 -1.7205 0.2766
18.0400 -2.4200 -1.7334 0.2387
18.0400 -2.2000 -1.7337 0.2417
18.0400 -1.9800 -1.7232 0.2004
18.0400 -1.7600 -1.7358 0.1711
18.0400 -1.5400 -1.7386 0.1772
18.0400 -1.3200 -1.7201 0.1816
18.0400 -1.1000 -1.7255 0.2643
18.0400 -0.8800 -1.7299 0.2274
18.0400 -0.6600 -1.7242 0.1606
18.0400 -0.4400 -1.7382 0.2000
18.0400 -0.2200 -1.7301 0.2004
18.0400 -0.0000 -1.7329 0.2787
18.0400 0.2200 -1.7275 0.1771
18.0400 0.4400 -1.7159 0.2769
18.0400 0.6600 -1.7225 0.3555
18.0400 0.8800 -1.7360 0.2031
18.0400 1.1000 -1.7290 0.1346
18.0400 1.3200 -1.7294 0.3247
18.0400 1.5400 -1.7262 0.1705
18.0400 1.7600 -1.7225 0.3253
18.0400 1.9800 -1.7258 0.1733
18.0400 2.2000 -1.7202 0.1296
18.0400 2.4200 -1.7312 0.1348
18.0400 2.6400 -1.7155 0.1884
18.0400 2.8600 -1.7318 0.2558
18.0400 3.0800 -1.7180 0.2578
18.0400 3.3000 -1.7287 0.2115
18.0400 3.5200 -1.7204 0.1910
18.2600 -3.5200 -1.7163 0.3090
18.2600 -3.3000 -1.7220 0.1593
18.2600 -3.0800 -1.7275 0.3040
18.2600 -2.8600 -1.7222 0.2400
18.2600 -2.6400 -1.7264 0.1610
18.2600 -2.4200 -1.7345 0.1568
18.2600 -2.2000 -1.7182 0.1977
18.2600 -1.9800 -1.7161 0.3545
18.2600 -1.7600 -1.7397 0.2549
18.2600 -1.5400 -1.7312 0.3655
18.2600 -1.3200 -1.7385 0.1573
18.2600 -1.1000 -1.7161 0.3510
18.2600 -0.8800 -1.7184 0.2390
18.2600 -0.6600 -1.7235 0.1734
18.2600 -0.4400 -1.7258 0.2377
18.2600 -0.2200 -1.7300 0.2216
18.2600 -0.0000 -1.7210 0.3145
18.2600 0.2200 -1.7225 0.1363
18.2600 0.4400 -1.7166 0.2515
18.2600 0.6600 -1.7350 0.2560
18.2600 0.8800 -1.7233 0.2149
18.2600 1.1000 -1.7292 0.1986
18.2600 1.3200 -1.7179 0.2592
18.2600 1.5400 -1.7175 0.2244
18.2600 1.7600 -1.7269 0.2488
18.2600 1.9800 -1.7229 0.2829
18.2600 2.2000 -1.7211 0.2847
18.2600 2.4200 -1.7243 0.2986
18.2600 2.6400 -1.7267 0.2627
18.2600 2.8600 -1.7380 0.3092
18.2600 3.0800 -1.7344 0.2107
18.2600 3.3000 -1.7323 0.1727
18.2600 3.5200 -1.7160 0.2024
18.4800 -3.5200 -1.7327 0.1276
18.4800 -3.3000 -1.7293 0.2895
18.4800 -3.0800 -1.7336 0.1663
18.4800 -2.8600 -1.7321 0.1236
18.4800 -2.6400 -1.7217 0.1583
18.4800 -2.4200 -1.7295 0.1733
18.4800 -2.2000 -1.7201 0.3403
18.4800 -1.9800 -1.7242 0.3423
18.4800 -1.7600 -1.7383 0.2977
18.4800 -1.5400 -1.7261 0.2839
18.4800 -1.3200 -1.7285 0.1864
18.4800 -1.1000 -1.7268 0.1748
18.4800 -0.8800 -1.7297 0.1716
18.4800 -0.6600 -1.7348 0.2830
18.4800 -0.4400 -1.7213 0.2598
18.4800 -0.2200 -1.7212 0.3144
18.4800 -0.0000 -1.7182 0.1890
18.4800 0.2200 -1.7382 0.2022
18.4800 0.4400 -1.7301 0.3239
18.4800 0.6600 -1.7252 0.3558
18.4800 0.8800 -1.7287 0.2772
18.4800 1.1000 -1.7320 0.1486
18.4800 1.3200 -1.7282 0.3248
18.4800 1.5400 -1.7386 0.2270
18.4800 1.7600 -1.7155 0.1716
18.4800 1.9800 -1.7394 0.2344
18.4800 2.2000 -1.7284 0.1824
18.4800 2.4200 -1.7248 0.3682
18.4800 2.6400 -1.7211 0.2977
18.4800 2.8600 -1.7154 0.2624
18.4800 3.0800 -1.7400 0.3263
18.4800 3.3000 -1.7185 0.3003
18.4800 3.5200 -1.7315 0.3227
18.7000 -3.5200 -1.7157 0.3496
18.7000 -3.3000 -1.7391 0.2998
18.7000 -3.0800 -1.7261 0.2388
18.7000 -2.8600 -1.7233 0.2091
18.7000 -2.6400 -1.7338 0.3344
18.7000 -2.4200 -1.7233 0.2108
18.7000 -2.2000 -1.7228 0.1693
18.7000 -1.9800 -1.7280 0.3194
18.7000 -1.7600 -1.7164 0.3459
18.7000 -1.5400 -1.7320 0.1746
18.7000 -1.3200 -1.7339 0.3395
18.7000 -1.1000 -1.7210 0.2129
18.7000 -0.8800 -1.7169 0.3468
18.7000 -0.6600 -1.7206 0.1500
18.7000 -0.4400 -1.7200 0.2375
18.7000 -0.2200 -1.7297 0.2150
18.7000 -0.0000 -1.7282 0.3036
18.7000 0.2200 -1.7388 0.2822
18.7000 0.4400 -1.7286 0.1473
18.7000 0.6600 -1.7291 0.3097
18.7000 0.8800 -1.7368 0.2435
18.7000 1.1000 -1.7302 0.2354
18.7000 1.3200 -1.7206 0.2959
18.7000 1.5400 -1.7248 0.3463
18.7000 1.7600 -1.7311 0.2935
18.7000 1.9800 -1.7202 0.1299
18.7000 2.2000 -1.7207 0.2732
18.7000 2.4200 -1.7221 0.3496
18.7000 2.6400 -1.7185 0.2428
18.7000 2.8600 -1.7372 0.1813
18.7000 3.0800 -1.7300 0.2366
18.7000 3.3000 -1.7173 0.2383
18.7000 3.5200 -1.7223 0.2307
18.9200 -3.5200 -1.7200 0.3392
18.9200 -3.3000 -1.7304 0.3084
18.9200 -3.0800 -1.7183 0.2177
18.9200 -2.8600 -1.7169 0.2252
18.9200 -2.6400 -1.7376 0.3572
18.9200 -2.4200 -1.7296 0.2129
18.9200 -2.2000 -1.7197 0.1833
18.9200 -1.9800 -1.7192 0.2352
18.9200 -1.7600 -1.7393 0.3181
18.9200 -1.5400 -1.7184 0.2052
18.9200 -1.3200 -1.7152 0.1453
18.9200 -1.1000 -1.7177 0.2130
18.9200 -0.8800 -1.7298 0.2921
18.9200 -0.6600 -1.7245 0.1981
18.9200 -0.4400 -1.7230 0.2183
18.9200 -0.2200 -1.7208 0.3260
18.9200 -0.0000 -1.7371 0.3289
18.9200 0.2200 -1.7171 0.2726
18.9200 0.4400 -1.7174 0.3677
18.9200 0.6600 -1.7257 0.3517
18.9200 0.8800 -1.7312 0.3488
18.9200 1.1000 -1.7172 0.2297
18.9200 1.3200 -1.7296 0.1878
18.9200 1.5400 -1.7194 0.2323
18.9200 1.7600 -1.7256 0.2923
18.9200 1.9800 -1.7232 0.2783
18.9200 2.2000 -1.7337 0.2040
18.9200 2.4200 -1.7380 0.2064
18.9200 2.6400 -1.7205 0.1234
18.9200 2.8600 -1.7338 0.1744
18.9200 3.0800 -1.7376 0.2885
18.9200 3.3000 -1.7287 0.3229
18.9200 3.5200 -1.7397 0.2597
19.1400 -3.5200 -1.7395 0.1984
19.1400 -3.3000 -1.7265 0.3267
19.1400 -3.0800 -1.7378 0.1476
19.1400 -2.8600 -1.7252 0.3560
19.1400 -2.6400 -1.7281 0.1523
19.1400 -2.4200 -1.7326 0.2702
19.1400 -2.2000 -1.7300 0.1815
19.1400 -1.9800 -1.7162 0.2047
19.1400 -1.7600 -1.7215 0.3193
19.1400 -1.5400 -1.7210 0.1742
19.1400 -1.3200 -1.7256 0.3424
19.1400 -1.1000 -1.7380 0.1971
19.1400 -0.8800 -1.7179 0.1275
19.1400 -0.6600 -1.7351 0.1296
19.1400 -0.4400 -1.7300 0.2151
19.1400 -0.2200 -1.7369 0.2591
19.1400 -0.0000 -1.7164 0.1991
19.1400 0.2200 -1.7266 0.1966
19.1400 0.4400 -1.7311 0.1737
19.1400 0.6600 -1.7201 0.2202
19.1400 0.8800 -1.7334 0.2470
19.1400 1.1000 -1.7326 0.1732
19.1400 1.3200 -1.7391 0.3299
19.1400 1.5400 -1.7392 0.3176
19.1400 1.7600 -1.7255 0.1388
19.1400 1.9800 -1.7363 0.3156
19.1400 2.2000 -1.7318 0.1301
19.1400 2.4200 -1.7245 0.2225
19.1400 2.6400 -1.7360 0.1457
19.1400 2.8600 -1.7160 0.1514
19.1400 3.0800 -1.7251 0.2061
19.1400 3.3000 -1.7272 0.3658
19.1400 3.5200 -1.7329 0.2410
19.3600 -3.5200 -1.7328 0.1236
19.3600 -3.3000 -1.7245 0.1501
19.3600 -3.0800 -1.7279 0.1533
19.3600 -2.8600 -1.7379 0.1459
19.3600 -2.6400 -1.7176 0.3144
19.3600 -2.4200 -1.7190 0.2547
19.3600 -2.2000 -1.7376 0.2307
19.3600 -1.9800 -1.7248 0.1761
19.3600 -1.7600 -1.7349 0.1904
19.3600 -1.5400 -1.7350 0.2332
19.3600 -1.3200 -1.7283 0.1432
19.3600 -1.1000 -1.7195 0.2164
19.3600 -0.8800 -1.7283 0.1912
19.3600 -0.6600 -1.7309 0.3663
19.3600 -0.4400 -1.7192 0.3391
19.3600 -0.2200 -1.7380 0.1997
19.3600 -0.0000 -1.7249 0.2219
19.3600 0.2200 -1.7351 0.2020
19.3600 0.4400 -1.7344 0.1836
19.3600 0.6600 -1.7304 0.2678
19.3600 0.8800 -1.7278 0.1327
19.3600 1.1000 -1.7316 0.1295
19.3600 1.3200 -1.7297 0.1396
19.3600 1.5400 -1.7268 0.3572
19.3600 1.7600 -1.7291 0.1341
19.3600 1.9800 -1.7372 0.3406
19.3600 2.2000 -1.7211 0.2158
19.3600 2.4200 -1.7202 0.2364
19.3600 2.6400 -1.7204 0.3594
19.3600 2.8600 -1.7325 0.1917
19.3600 3.0800 -1.7222 0.1534
19.3600 3.3000 -1.7393 0.1313
19.3600 3.5200 -1.7344 0.3246
19.5800 -3.5200 -1.7242 0.2404
19.5800 -3.3000 -1.7357 0.3221
19.5800 -3.0800 -1.7198 0.2349
19.5800 -2.8600 -1.7188 0.3201
19.5800 -2.6400 -1.7206 0.3470
19.5800 -2.4200 -1.7168 0.3261
19.5800 -2.2000 -1.7335 0.2535
19.5800 -1.9800 -1.7307 0.1830
19.5800 -1.7600 -1.7337 0.2117
19.5800 -1.5400 -1.7213 0.1650
19.5800 -1.3200 -1.7288 0.1949
19.5800 -1.1000 -1.7155 0.1340
19.5800 -0.8800 -1.7232 0.3003
19.5800 -0.6600 -1.7257 0.1586
19.5800 -0.4400 -1.7291 0.1528
19.5800 -0.2200 -1.7248 0.3698
19.5800 -0.0000 -1.7258 0.1404
19.5800 0.2200 -1.7372 0.1628
19.5800 0.4400 -1.7306 0.1913
19.5800 0.6600 -1.7389 0.1409
19.5800 0.8800 -1.7326 0.3070
19.5800 1.1000 -1.7293 0.2058
19.5800 1.3200 -1.7187 0.2207
19.5800 1.5400 -1.7227 0.2643
19.5800 1.7600 -1.7254 0.1630
19.5800 1.9800 -1.7361 0.1275
19.5800 2.2000 -1.7280 0.2779
19.5800 2.4200 -1.7250 0.3602
19.5800 2.6400 -1.7385 0.3588
19.5800 2.8600 -1.7218 0.3304
19.5800 3.0800 -1.7259 0.1456
19.5800 3.3000 -1.7237 0.3580
19.5800 3.5200 -1.7250 0.1950
19.8000 -3.5200 -1.7270 0.2389
19.8000 -3.3000 -1.7347 0.3297
19.8000 -3.0800 -1.7267 0.2584
19.8000 -2.8600 -1.7217 0.3259
19.8000 -2.6400 -1.7290 0.2918
19.8000 -2.4200 -1.7326 0.2712
19.8000 -2.2000 -1.7175 0.3085
19.8000 -1.9800 -1.7193 0.1926
19.8000 -1.7600 -1.7373 0.2960
19.8000 -1.5400 -1.7181 0.1363
19.8000 -1.3200 -1.7192 0.3387
19.8000 -1.1000 -1.7375 0.1229
19.8000 -0.8800 -1.7314 0.2459
19.8000 -0.6600 -1.7265 0.1792
19.8000 -0.4400 -1.7322 0.1688
19.8000 -0.2200 -1.7207 0.3465
19.8000 -0.0000 -1.7276 0.3358
19.8000 0.2200 -1.7161 0.1849
19.8000 0.4400 -1.7182 0.1624
19.8000 0.6600 -1.7303 0.3457
19.8000 0.8800 -1.7180 0.2563
19.8000 1.1000 -1.7354 0.1830
19.8000 1.3200 -1.7258 0.2328
19.8000 1.5400 -1.7269 0.2129
19.8000 1.7600 -1.7355 0.3396
19.8000 1.9800 -1.7282 0.1750
19.8000 2.2000 -1.7325 0.1736
19.8000 2.4200 -1.7277 0.3279
19.8000 2.6400 -1.7357 0.2350
19.8000 2.8600 -1.7261 0.1744
19.8000 3.0800 -1.7379 0.2994
19.8000 3.3000 -1.7371 0.3061
19.8000 3.5200 -1.7217 0.1920
-20.0000 3.8000 -1.5136 0.5240
-19.6500 3.8000 -1.5381 0.5958
-19.3000 3.8000 -1.5490 0.6070
-18.9500 3.8000 -1.4824 0.5397
-18.6000 3.8000 -1.4869 0.4991
-18.2500 3.8000 -1.5314 0.5235
-17.9000 3.8000 -1.5082 0.5708
-17.5500 3.8000 -1.5481 0.5042
-17.2000 3.8000 -1.5184 0.5752
-16.8500 3.8000 -1.4783 0.5905
-16.5000 3.8000 -1.5277 0.5695
-16.1500 3.8000 -1.4887 0.4954
-15.8000 3.8000 -1.5206 0.6460
-15.4500 3.8000 -1.5256 0.5303
-15.1000 3.8000 -1.5257 0.5183
-14.7500 3.8000 -1.5370 0.5019
-14.4000 3.8000 -1.5046 0.5102
-14.0500 3.8000 -1.5265 0.4985
-13.7000 3.8000 -1.5003 0.5575
-13.3500 3.8000 -1.5437 0.5815
-13.0000 3.8000 -1.5039 0.4634
-12.6500 3.8000 -1.5128 0.5370
-12.3000 3.8000 -1.5032 0.5659
-11.9500 3.8000 -1.5095 0.5923
-11.6000 3.8000 -1.5413 0.5221
-11.2500 3.8000 -1.4915 0.5091
-10.9000 3.8000 -1.5380 0.5356
-10.5500 3.8000 -1.4872 0.6336
-10.2000 3.8000 -1.4832 0.4775
-9.8500 3.8000 -1.5382 0.5014
-9.5000 3.8000 -1.4967 0.5811
-9.1500 3.8000 -1.4799 0.6233
-8.8000 3.8000 -1.5250 0.5973
-8.4500 3.8000 -1.5261 0.5048
-8.1000 3.8000 -1.5275 0.5138
-7.7500 3.8000 -1.5031 0.5849
-7.4000 3.8000 -1.5338 0.5019
-7.0500 3.8000 -1.5009 0.5610
-6.7000 3.8000 -1.4727 0.4964
-6.3500 3.8000 -1.4893 0.5698
-6.0000 3.8000 -1.4710 0.5529
-5.6500 3.8000 -1.5488 0.5165
-5.3000 3.8000 -1.5189 0.5839
-4.9500 3.8000 -1.4910 0.5123
-4.6000 3.8000 -1.4794 0.5464
-4.2500 3.8000 -1.4714 0.6344
-3.9000 3.8000 -1.5142 0.4666
-3.5500 3.8000 -1.4909 0.4628
-3.2000 3.8000 -1.5468 0.5901
-2.8500 3.8000 -1.5290 0.6028
-2.5000 3.8000 -1.4743 0.5014
-2.1500 3.8000 -1.5087 0.6320
-1.8000 3.8000 -1.5138 0.5703
-1.4500 3.8000 -1.4725 0.4816
-1.1000 3.8000 -1.4890 0.6286
-0.7500 3.8000 -1.5048 0.5622
-0.4000 3.8000 -1.5266 0.5484
-0.0500 3.8000 -1.5217 0.4746
0.3000 3.8000 -1.4960 0.5166
0.6500 3.8000 -1.5104 0.5221
1.0000 3.8000 -1.5317 0.5079
1.3500 3.8000 -1.4704 0.6287
1.7000 3.8000 -1.5180 0.5512
2.0500 3.8000 -1.5490 0.4978
2.4000 3.8000 -1.5199 0.5108
2.7500 3.8000 -1.4860 0.5369
3.1000 3.8000 -1.5438 0.5693
3.4500 3.8000 -1.5391 0.4587
3.8000 3.8000 -1.4924 0.4803
4.1500 3.8000 -1.5222 0.5828
4.5000 3.8000 -1.5127 0.4677
4.8500 3.8000 -1.5422 0.6423
5.2000 3.8000 -1.5104 0.6174
5.5500 3.8000 -1.4865 0.5848
5.9000 3.8000 -1.4876 0.4963
6.2500 3.8000 -1.5433 0.5182
6.6000 3.8000 -1.4799 0.6033
6.9500 3.8000 -1.4993 0.4967
7.3000 3.8000 -1.5495 0.5430
7.6500 3.8000 -1.5091 0.5165
8.0000 3.8000 -1.5462 0.6186
8.3500 3.8000 -1.5083 0.5906
8.7000 3.8000 -1.4902 0.6097
9.0500 3.8000 -1.5356 0.5364
9.4000 3.8000 -1.5030 0.5556
9.7500 3.8000 -1.5483 0.5999
10.1000 3.8000 -1.5496 0.5786
10.4500 3.8000 -1.5056 0.6353
10.8000 3.8000 -1.5492 0.5262
11.1500 3.8000 -1.5191 0.5315
11.5000 3.8000 -1.5326 0.6111
11.8500 3.8000 -1.5394 0.5867
12.2000 3.8000 -1.5198 0.5151
12.5500 3.8000 -1.5124 0.5850
12.9000 3.8000 -1.5229 0.5974
13.2500 3.8000 -1.5423 0.6163
13.6000 3.8000 -1.5369 0.5335
13.9500 3.8000 -1.5164 0.5950
14.3000 3.8000 -1.5380 0.5916
14.6500 3.8000 -1.5059 0.6110
15.0000 3.8000 -1.5427 0.4722
15.3500 3.8000 -1.4956 0.5627
15.7000 3.8000 -1.4978 0.5742
16.0500 3.8000 -1.5003 0.5520
16.4000 3.8000 -1.5069 0.5982
16.7500 3.8000 -1.4763 0.5688
17.1000 3.8000 -1.5297 0.6206
17.4500 3.8000 -1.4918 0.5610
17.8000 3.8000 -1.4910 0.5145
18.1500 3.8000 -1.4996 0.6168
18.5000 3.8000 -1.4797 0.4980
18.8500 3.8000 -1.5479 0.4844
19.2000 3.8000 -1.5117 0.6279
19.5500 3.8000 -1.5281 0.4875
19.9000 3.8000 -1.5366 0.5965
-20.0000 -3.8000 -1.4870 0.6123
-19.6500 -3.8000 -1.4981 0.5678
-19.3000 -3.8000 -1.4863 0.5573
-18.9500 -3.8000 -1.5405 0.6231
-18.6000 -3.8000 -1.4906 0.5777
-18.2500 -3.8000 -1.5294 0.5626
-17.9000 -3.8000 -1.5352 0.6440
-17.5500 -3.8000 -1.4860 0.5413
-17.2000 -3.8000 -1.4773 0.6065
-16.8500 -3.8000 -1.5170 0.4697
-16.5000 -3.8000 -1.4879 0.5917
-16.1500 -3.8000 -1.4947 0.5745
-15.8000 -3.8000 -1.5372 0.5050
-15.4500 -3.8000 -1.4928 0.5889
-15.1000 -3.8000 -1.4808 0.6158
-14.7500 -3.8000 -1.5001 0.4950
-14.4000 -3.8000 -1.4802 0.5962
-14.0500 -3.8000 -1.5125 0.4670
-13.7000 -3.8000 -1.4795 0.6187
-13.3500 -3.8000 -1.5418 0.4523
-13.0000 -3.8000 -1.5463 0.6170
-12.6500 -3.8000 -1.5180 0.5053
-12.3000 -3.8000 -1.5459 0.5732
-11.9500 -3.8000 -1.5234 0.6306
-11.6000 -3.8000 -1.5004 0.4660
-11.2500 -3.8000 -1.5457 0.5314
-10.9000 -3.8000 -1.5013 0.5313
-10.5500 -3.8000 -1.4764 0.6262
-10.2000 -3.8000 -1.4751 0.5453
-9.8500 -3.8000 -1.4928 0.5449
-9.5000 -3.8000 -1.5384 0.6047
-9.1500 -3.8000 -1.5155 0.6223
-8.8000 -3.8000 -1.4715 0.5830
-8.4500 -3.8000 -1.5079 0.6169
-8.1000 -3.8000 -1.5099 0.4871
-7.7500 -3.8000 -1.5309 0.5546
-7.4000 -3.8000 -1.5169 0.6443
-7.0500 -3.8000 -1.4844 0.5601
-6.7000 -3.8000 -1.4838 0.5281
-6.3500 -3.8000 -1.4947 0.5514
-6.0000 -3.8000 -1.4883 0.5653
-5.6500 -3.8000 -1.5197 0.4775
-5.3000 -3.8000 -1.4930 0.6333
-4.9500 -3.8000 -1.5043 0.6300
-4.6000 -3.8000 -1.4702 0.4803
-4.2500 -3.8000 -1.5310 0.5632
-3.9000 -3.8000 -1.4767 0.4532
-3.5500 -3.8000 -1.5492 0.5282
-3.2000 -3.8000 -1.5334 0.4945
-2.8500 -3.8000 -1.5175 0.6390
-2.5000 -3.8000 -1.5256 0.6014
-2.1500 -3.8000 -1.5219 0.4780
-1.8000 -3.8000 -1.5330 0.6098
-1.4500 -3.8000 -1.5352 0.5754
-1.1000 -3.8000 -1.5110 0.4703
-0.7500 -3.8000 -1.5008 0.6307
-0.4000 -3.8000 -1.5045 0.5406
-0.0500 -3.8000 -1.4988 0.5363
0.3000 -3.8000 -1.5397 0.6156
0.6500 -3.8000 -1.5159 0.5228
1.0000 -3.8000 -1.5047 0.5791
1.3500 -3.8000 -1.5452 0.5343
1.7000 -3.8000 -1.4996 0.5553
2.0500 -3.8000 -1.4997 0.4682
2.4000 -3.8000 -1.5124 0.5846
2.7500 -3.8000 -1.5184 0.5382
3.1000 -3.8000 -1.4934 0.5566
3.4500 -3.8000 -1.4871 0.5755
3.8000 -3.8000 -1.5290 0.5940
4.1500 -3.8000 -1.4984 0.5955
4.5000 -3.8000 -1.5488 0.5350
4.8500 -3.8000 -1.5323 0.6013
5.2000 -3.8000 -1.5287 0.5231
5.5500 -3.8000 -1.4787 0.4989
5.9000 -3.8000 -1.5188 0.6082
6.2500 -3.8000 -1.4880 0.6285
6.6000 -3.8000 -1.4752 0.5290
6.9500 -3.8000 -1.4992 0.5504
7.3000 -3.8000 -1.4995 0.6398
7.6500 -3.8000 -1.5119 0.6030
8.0000 -3.8000 -1.4807 0.4978
8.3500 -3.8000 -1.5287 0.6165
8.7000 -3.8000 -1.4981 0.6488
9.0500 -3.8000 -1.5304 0.4988
9.4000 -3.8000 -1.4864 0.6270
9.7500 -3.8000 -1.4747 0.6494
10.1000 -3.8000 -1.5159 0.5910
10.4500 -3.8000 -1.5313 0.5521
10.8000 -3.8000 -1.4911 0.5649
11.1500 -3.8000 -1.4985 0.4809
11.5000 -3.8000 -1.5218 0.4776
11.8500 -3.8000 -1.5478 0.6454
12.2000 -3.8000 -1.4924 0.5457
12.5500 -3.8000 -1.4771 0.6362
12.9000 -3.8000 -1.4851 0.4822
13.2500 -3.8000 -1.5067 0.5537
13.6000 -3.8000 -1.5304 0.6016
13.9500 -3.8000 -1.4946 0.4568
14.3000 -3.8000 -1.5084 0.5399
14.6500 -3.8000 -1.5432 0.5939
15.0000 -3.8000 -1.4737 0.5614
15.3500 -3.8000 -1.4882 0.5715
15.7000 -3.8000 -1.5031 0.5891
16.0500 -3.8000 -1.5111 0.4507
16.4000 -3.8000 -1.5148 0.6437
16.7500 -3.8000 -1.5212 0.4524
17.1000 -3.8000 -1.5013 0.5434
17.4500 -3.8000 -1.5083 0.5566
17.8000 -3.8000 -1.5072 0.6301
18.1500 -3.8000 -1.5380 0.5903
18.5000 -3.8000 -1.4943 0.5587
18.8500 -3.8000 -1.5476 0.4695
19.2000 -3.8000 -1.5480 0.6278
19.5500 -3.8000 -1.5440 0.5148
19.9000 -3.8000 -1.4942 0.5872
3.8000 -20.0000 -1.4962 0.6433
3.8000 -19.6500 -1.5365 0.4754
3.8000 -19.3000 -1.4916 0.5629
3.8000 -18.9500 -1.4903 0.6300
3.8000 -18.6000 -1.5321 0.5230
3.8000 -18.2500 -1.5287 0.6115
3.8000 -17.9000 -1.5346 0.5168
3.8000 -17.5500 -1.4810 0.5172
3.8000 -17.2000 -1.5075 0.4505
3.8000 -16.8500 -1.5428 0.6454
3.8000 -16.5000 -1.5026 0.5079
3.8000 -16.1500 -1.5387 0.5293
3.8000 -15.8000 -1.5407 0.6380
3.8000 -15.4500 -1.5434 0.4604
3.8000 -15.1000 -1.4948 0.5422
3.8000 -14.7500 -1.4866 0.6301
3.8000 -14.4000 -1.4736 0.6468
3.8000 -14.0500 -1.5236 0.5492
3.8000 -13.7000 -1.4749 0.6297
3.8000 -13.3500 -1.5103 0.6347
3.8000 -13.0000 -1.5299 0.5948
3.8000 -12.6500 -1.5463 0.5591
3.8000 -12.3000 -1.5146 0.4548
3.8000 -11.9500 -1.5290 0.6483
3.8000 -11.6000 -1.5100 0.5107
3.8000 -11.2500 -1.5495 0.5478
3.8000 -10.9000 -1.5274 0.4695
3.8000 -10.5500 -1.5430 0.4936
3.8000 -10.2000 -1.5182 0.5784
3.8000 -9.8500 -1.4865 0.5064
3.8000 -9.5000 -1.5042 0.5325
3.8000 -9.1500 -1.4920 0.5166
3.8000 -8.8000 -1.5083 0.5462
3.8000 -8.4500 -1.5363 0.5835
3.8000 -8.1000 -1.5366 0.5399
3.8000 -7.7500 -1.5049 0.4501
3.8000 -7.4000 -1.5191 0.6469
3.8000 -7.0500 -1.5243 0.4605
3.8000 -6.7000 -1.4928 0.5372
3.8000 -6.3500 -1.4979 0.5242
3.8000 -6.0000 -1.5266 0.4817
3.8000 -5.6500 -1.5265 0.4589
3.8000 -5.3000 -1.5239 0.5938
3.8000 -4.9500 -1.4745 0.6297
3.8000 -4.6000 -1.5161 0.5899
3.8000 -4.2500 -1.4852 0.5721
3.8000 -3.9000 -1.5231 0.5904
3.8000 -3.5500 -1.5491 0.6257
3.8000 -3.2000 -1.5039 0.5358
3.8000 -2.8500 -1.5057 0.5377
3.8000 -2.5000 -1.4750 0.5808
3.8000 -2.1500 -1.5252 0.5884
3.8000 -1.8000 -1.5234 0.4966
3.8000 -1.4500 -1.5471 0.4565
3.8000 -1.1000 -1.5327 0.6236
3.8000 -0.7500 -1.5390 0.6172
3.8000 -0.4000 -1.5454 0.5400
3.8000 -0.0500 -1.5371 0.5347
3.8000 0.3000 -1.5385 0.5918
3.8000 0.6500 -1.4927 0.5060
3.8000 1.0000 -1.4952 0.6056
3.8000 1.3500 -1.4776 0.4782
3.8000 1.7000 -1.5096 0.5046
3.8000 2.0500 -1.5422 0.4725
3.8000 2.4000 -1.5136 0.5620
3.8000 2.7500 -1.5084 0.5228
3.8000 3.1000 -1.4963 0.5424
3.8000 3.4500 -1.5087 0.4617
3.8000 3.8000 -1.4781 0.4519
3.8000 4.1500 -1.5198 0.5563
3.8000 4.5000 -1.4861 0.5441
3.8000 4.8500 -1.4715 0.5422
3.8000 5.2000 -1.5319 0.4960
3.8000 5.5500 -1.5274 0.5162
3.8000 5.9000 -1.4949 0.5814
3.8000 6.2500 -1.5166 0.6265
3.8000 6.6000 -1.5469 0.4897
3.8000 6.9500 -1.5417 0.5815
3.8000 7.3000 -1.4850 0.6170
3.8000 7.6500 -1.5337 0.5273
3.8000 8.0000 -1.5111 0.6180
3.8000 8.3500 -1.5139 0.6255
3.8000 8.7000 -1.4918 0.6223
3.8000 9.0500 -1.4939 0.4915
3.8000 9.4000 -1.4931 0.4907
3.8000 9.7500 -1.4898 0.5819
3.8000 10.1000 -1.5465 0.5782
3.8000 10.4500 -1.4898 0.4659
3.8000 10.8000 -1.5285 0.6285
3.8000 11.1500 -1.5479 0.5036
3.8000 11.5000 -1.5241 0.5997
3.8000 11.8500 -1.5119 0.4639
3.8000 12.2000 -1.5480 0.4940
3.8000 12.5500 -1.5014 0.5622
3.8000 12.9000 -1.4876 0.5874
3.8000 13.2500 -1.4796 0.6431
3.8000 13.6000 -1.5498 0.4839
3.8000 13.9500 -1.5100 0.6172
3.8000 14.3000 -1.5216 0.4971
3.8000 14.6500 -1.4921 0.5173
3.8000 15.0000 -1.5118 0.5406
3.8000 15.3500 -1.5134 0.4677
3.8000 15.7000 -1.5384 0.5870
3.8000 16.0500 -1.5189 0.5001
3.8000 16.4000 -1.5108 0.5428
3.8000 16.7500 -1.5163 0.5981
3.8000 17.1000 -1.4744 0.5931
3.8000 17.4500 -1.5163 0.6202
3.8000 17.8000 -1.4747 0.6241
3.8000 18.1500 -1.4954 0.6041
3.8000 18.5000 -1.5355 0.5201
3.8000 18.8500 -1.5012 0.5938
3.8000 19.2000 -1.4969 0.5214
3.8000 19.5500 -1.4992 0.5376
3.8000 19.9000 -1.5077 0.5808
-3.8000 -20.0000 -1.4712 0.5459
-3.8000 -19.6500 -1.5055 0.6218
-3.8000 -19.3000 -1.4881 0.5487
-3.8000 -18.9500 -1.5009 0.4803
-3.8000 -18.6000 -1.5410 0.5920
-3.8000 -18.2500 -1.5202 0.4820
-3.8000 -17.9000 -1.4772 0.5140
-3.8000 -17.5500 -1.5262 0.4544
-3.8000 -17.2000 -1.5004 0.6251
-3.8000 -16.8500 -1.5041 0.4806
-3.8000 -16.5000 -1.5482 0.5037
-3.8000 -16.1500 -1.5058 0.5208
-3.8000 -15.8000 -1.5294 0.5847
-3.8000 -15.4500 -1.4911 0.5443
-3.8000 -15.1000 -1.5295 0.5429
-3.8000 -14.7500 -1.5232 0.4748
-3.8000 -14.4000 -1.5083 0.5365
-3.8000 -14.0500 -1.4729 0.6313
-3.8000 -13.7000 -1.5372 0.4972
-3.8000 -13.3500 -1.5378 0.5928
-3.8000 -13.0000 -1.4969 0.5177
-3.8000 -12.6500 -1.5378 0.6281
-3.8000 -12.3000 -1.5284 0.5715
-3.8000 -11.9500 -1.4882 0.4709
-3.8000 -11.6000 -1.5331 0.5779
-3.8000 -11.2500 -1.4862 0.5731
-3.8000 -10.9000 -1.4736 0.5513
-3.8000 -10.5500 -1.5247 0.5805
-3.8000 -10.2000 -1.5267 0.6415
-3.8000 -9.8500 -1.4930 0.6386
-3.8000 -9.5000 -1.5407 0.5026
-3.8000 -9.1500 -1.5296 0.4603
-3.8000 -8.8000 -1.5290 0.5834
-3.8000 -8.4500 -1.5455 0.4712
-3.8000 -8.1000 -1.5263 0.4502
-3.8000 -7.7500 -1.4791 0.6347
-3.8000 -7.4000 -1.4781 0.5788
-3.8000 -7.0500 -1.4709 0.4914
-3.8000 -6.7000 -1.4800 0.4549
-3.8000 -6.3500 -1.4958 0.5629
-3.8000 -6.0000 -1.5360 0.5865
-3.8000 -5.6500 -1.5418 0.4739
-3.8000 -5.3000 -1.5234 0.6067
-3.8000 -4.9500 -1.5234 0.6135
-3.8000 -4.6000 -1.4993 0.6347
-3.8000 -4.2500 -1.4904 0.6213
-3.8000 -3.9000 -1.5206 0.5779
-3.8000 -3.5500 -1.5312 0.5381
-3.8000 -3.2000 -1.5481 0.6269
-3.8000 -2.8500 -1.5158 0.4602
-3.8000 -2.5000 -1.5395 0.5296
-3.8000 -2.1500 -1.4809 0.4721
-3.8000 -1.8000 -1.4779 0.4919
-3.8000 -1.4500 -1.5494 0.5062
-3.8000 -1.1000 -1.5475 0.5188
-3.8000 -0.7500 -1.4759 0.5791
-3.8000 -0.4000 -1.4812 0.5400
-3.8000 -0.0500 -1.5154 0.4730
-3.8000 0.3000 -1.5055 0.4986
-3.8000 0.6500 -1.5191 0.4562
-3.8000 1.0000 -1.5023 0.6056
-3.8000 1.3500 -1.5328 0.5009
-3.8000 1.7000 -1.5073 0.4711
-3.8000 2.0500 -1.5493 0.4863
-3.8000 2.4000 -1.4860 0.6059
-3.8000 2.7500 -1.5060 0.5006
-3.8000 3.1000 -1.5173 0.6223
-3.8000 3.4500 -1.4790 0.4982
-3.8000 3.8000 -1.5185 0.5980
-3.8000 4.1500 -1.4753 0.4673
-3.8000 4.5000 -1.5002 0.4728
-3.8000 4.8500 -1.4945 0.5781
-3.8000 5.2000 -1.4823 0.6040
-3.8000 5.5500 -1.4811 0.5367
-3.8000 5.9000 -1.4939 0.5042
-3.8000 6.2500 -1.5171 0.5618
-3.8000 6.6000 -1.4921 0.5500
-3.8000 6.9500 -1.5197 0.5525
-3.8000 7.3000 -1.5235 0.4884
-3.8000 7.6500 -1.5144 0.5106
-3.8000 8.0000 -1.4942 0.5264
-3.8000 8.3500 -1.5371 0.6330
-3.8000 8.7000 -1.5485 0.4812
-3.8000 9.0500 -1.5047 0.4936
-3.8000 9.4000 -1.5042 0.5668
-3.8000 9.7500 -1.4786 0.6227
-3.8000 10.1000 -1.4925 0.4843
-3.8000 10.4500 -1.5447 0.5089
-3.8000 10.8000 -1.5147 0.6238
-3.8000 11.1500 -1.5157 0.5825
-3.8000 11.5000 -1.5280 0.4915
-3.8000 11.8500 -1.5180 0.6109
-3.8000 12.2000 -1.4910 0.4845
-3.8000 12.5500 -1.4947 0.5868
-3.8000 12.9000 -1.5157 0.6190
-3.8000 13.2500 -1.4894 0.5195
-3.8000 13.6000 -1.4791 0.5237
-3.8000 13.9500 -1.5214 0.4570
-3.8000 14.3000 -1.5310 0.5250
-3.8000 14.6500 -1.4719 0.5279
-3.8000 15.0000 -1.5444 0.6111
-3.8000 15.3500 -1.5155 0.5137
-3.8000 15.7000 -1.5344 0.6249
-3.8000 16.0500 -1.5078 0.6170
-3.8000 16.4000 -1.5322 0.6384
-3.8000 16.7500 -1.4953 0.6498
-3.8000 17.1000 -1.5120 0.5999
-3.8000 17.4500 -1.5243 0.6433
-3.8000 17.8000 -1.5091 0.4688
-3.8000 18.1500 -1.5036 0.6295
-3.8000 18.5000 -1.5355 0.4693
-3.8000 18.8500 -1.4908 0.6496
-3.8000 19.2000 -1.5409 0.4697
-3.8000 19.5500 -1.5042 0.4590
-3.8000 19.9000 -1.5130 0.5771
8.9558 -2.0704 -1.1235 0.3698
7.9706 -0.4485 -0.2180 0.5796
6.0677 -2.0667 -0.2728 0.6305
9.9790 -0.7305 -0.1637 0.6606
8.5965 -2.0575 0.2900 0.3935
7.7437 -0.9289 -0.3624 0.4594
9.3786 -0.3989 0.1505 0.5890
9.5863 -1.3157 -0.8697 0.6726
8.6208 -0.4565 0.2638 0.5968
9.6964 -1.4563 -0.6387 0.5124
7.8886 -1.5676 -0.4943 0.4045
9.1883 -0.4499 -0.3691 0.4654
9.5528 -0.5120 -0.1166 0.5970
9.7579 -0.6475 -0.3864 0.4352
7.0197 -0.3617 -0.4860 0.3993
7.4981 -1.8289 0.2716 0.4834
9.8405 -1.3511 -0.7879 0.3751
9.6586 -0.9857 -0.9658 0.7437
9.8462 -1.4348 -0.2311 0.6227
7.1739 -1.4585 -0.4968 0.5253
8.9871 -1.5942 -0.4972 0.3642
9.7435 -2.0088 -0.2233 0.4145
8.4550 -0.3333 -0.2806 0.5548
9.2008 -0.6532 0.3444 0.4701
7.1097 -0.4564 -0.1684 0.6815
9.3888 -0.6614 -0.0031 0.7193
8.6247 -1.1329 -1.0550 0.5473
6.4877 -1.9547 -1.0027 0.7426
10.0848 -1.3329 -0.9516 0.5196
8.9912 -1.0394 0.1057 0.6907
7.7678 -0.3357 -0.9573 0.4659
7.9179 -1.2142 0.1093 0.6466
7.2473 -0.7012 -0.7222 0.5776
8.7975 -1.7426 -1.0251 0.4913
7.1549 -1.4466 0.2223 0.6855
9.9214 -1.8139 -0.1316 0.5624
9.5254 -0.7489 -0.5814 0.3912
9.9849 -0.7871 0.1839 0.5548
6.9756 -0.5772 0.3826 0.4458
8.4067 -0.8212 -0.5605 0.4747
8.4390 -0.5877 0.0992 0.5298
9.5909 -0.6455 0.3472 0.4994
10.0279 -0.9203 -0.5875 0.5798
9.6489 -0.8668 -0.6608 0.6877
9.0855 -1.3641 -0.2180 0.6372
7.0675 -1.1068 0.1073 0.5647
9.8993 -1.2026 0.2245 0.3550
8.1792 -0.3010 -0.7875 0.7353
8.6608 -1.6792 -0.4815 0.5529
6.6316 -1.7118 -0.8426 0.6592
6.5252 -1.4592 0.3306 0.5263
8.8110 -1.4529 0.2276 0.5596
6.1564 -1.1013 -0.6960 0.4986
6.1004 -1.0425 -0.0639 0.6260
7.5328 -0.6041 -0.2160 0.4359
8.8820 -0.8088 -0.3612 0.5681
9.7332 -1.7269 0.3032 0.5516
8.4761 -1.7990 -0.1549 0.3922
7.9765 -1.8643 -0.1117 0.7062
9.3391 -1.4811 -0.1628 0.4766
8.2638 -1.0214 -0.8695 0.6664
8.9676 -1.9866 -0.5307 0.4619
8.2755 -0.8123 -0.9308 0.5065
8.9396 -0.8919 -0.9064 0.4720
9.7885 -0.4229 -1.0601 0.4856
7.1669 -0.8843 -0.6913 0.4002
6.9934 -1.9340 -0.5862 0.3945
9.1273 -0.9734 -0.9663 0.3617
9.5192 -1.2709 -0.4479 0.7193
6.3329 -0.5019 -0.6386 0.6435
6.1023 -1.1448 -1.1119 0.5653
8.8953 -0.5002 -0.2535 0.6233
8.9277 -1.9466 -0.0564 0.4116
8.7604 -0.7473 -0.6894 0.4999
7.5898 -1.6807 -1.0179 0.3908
5.9186 -0.4986 0.2448 0.4603
7.4930 -1.5024 0.0919 0.4478
6.9688 -1.5284 -0.0989 0.5714
8.8499 -1.0357 -0.3044 0.5520
9.3392 -1.2587 0.0181 0.4110
7.2878 -2.0660 0.3772 0.6491
7.9723 -1.6541 -0.7359 0.5069
9.9587 -1.4546 -0.1095 0.4684
7.3668 -0.8952 -0.7112 0.6019
6.8326 -2.0935 0.2389 0.5929
5.9919 -2.0672 0.2820 0.5587
7.0459 -1.3904 -0.2077 0.5757
9.3271 -1.3570 -1.0791 0.7147
9.1313 -1.9369 -0.8829 0.3783
8.0596 -0.9019 -0.7172 0.5643
7.1105 -0.7812 -0.4951 0.7378
7.7624 -0.3523 -0.4136 0.4609
9.0072 -2.0680 -0.9142 0.6682
7.1890 -0.9396 -0.2436 0.5329
7.7068 -0.6199 -0.8771 0.6979
6.6901 -1.3515 0.1274 0.5411
5.9362 -0.7897 -0.5327 0.7111
6.4484 -1.8405 -0.7663 0.5554
7.0706 -1.5880 -0.6295 0.6531
8.5223 -1.0060 -1.1700 0.3917
8.9900 -2.0797 0.0503 0.3854
6.9279 -1.7276 -0.4230 0.3657
9.2472 -1.4795 -0.1254 0.6865
9.7396 -1.5439 -0.3953 0.5829
7.4838 -0.4578 -0.9998 0.6600
6.8337 -1.2258 -0.1353 0.5855
7.6848 -1.1814 0.3595 0.6902
8.3863 -0.9387 -0.4028 0.6731
6.2726 -1.0406 -1.0849 0.7463
6.0544 -2.0423 -0.4539 0.5436
6.3584 -0.4418 -0.1056 0.3719
6.7836 -0.7816 -0.9559 0.4928
8.0200 -1.8497 -0.1059 0.6423
7.9024 -0.4941 -1.1185 0.5012
9.5910 -0.6817 -0.2363 0.3822
8.5224 -1.6594 -0.9844 0.6662
8.4799 -1.0973 0.1215 0.4826
9.6738 -1.3707 -0.7025 0.4033
9.2493 -1.3977 -1.1359 0.3536
5.9431 -1.0052 -0.2814 0.5772
7.4676 -0.9219 -0.8780 0.5113
7.2474 -0.3801 -0.0642 0.7378
6.0617 -0.9638 -0.7561 0.5325
6.9137 -0.6061 0.1251 0.6353
9.0548 -1.9921 -0.1945 0.6411
7.1105 -1.0122 -1.0014 0.4357
6.6892 -2.0438 0.1187 0.4674
8.4137 -2.0049 -0.4693 0.3788
10.0406 -1.1331 -0.6713 0.5183
9.4561 -1.1819 0.0165 0.6067
7.1287 -0.8659 -0.4229 0.6185
9.5200 -1.5518 -0.9392 0.4633
9.0560 -1.9201 0.3093 0.6648
8.8820 -1.1397 -0.3991 0.7447
7.7483 -0.3929 -0.7255 0.5435
6.7849 -1.5697 -0.8628 0.4477
6.6297 -2.0723 -1.0324 0.6446
6.3394 -1.0901 -0.9925 0.5510
6.6323 -0.7969 -0.3832 0.5489
6.2834 -0.6046 -0.3927 0.5521
7.3401 -0.7150 0.2837 0.6032
8.1326 -0.4832 0.0556 0.3720
9.8997 -1.1897 0.1516 0.5225
6.7868 -1.2051 -0.7310 0.5993
7.7329 -2.0720 0.0986 0.6991
7.2176 -1.6356 -0.8577 0.5616
9.0154 -1.8658 -0.3735 0.5082
7.7003 -0.3898 -0.4162 0.3907
9.3456 -0.4155 -0.4741 0.4380
7.4313 -0.8529 -0.7283 0.5776
9.0189 -1.5950 0.1953 0.4510
7.4361 -0.3421 -0.1726 0.4592
8.9294 -0.7094 -0.4679 0.4238
6.5226 -0.9248 -0.1984 0.5304
9.4216 -0.4552 -0.2572 0.6420
9.7433 -0.6552 -0.8764 0.6096
9.1769 -1.9660 -0.1396 0.5160
6.9171 -0.7649 -0.2258 0.5836
6.6089 -1.4217 -0.1830 0.7089
9.8618 -1.9801 -0.7343 0.5489
6.2998 -1.6682 -0.1105 0.3706
7.3964 -1.2910 -0.3543 0.5038
9.1025 -1.1568 -0.1320 0.4460
7.6081 -1.3781 -0.5595 0.5665
9.3110 -1.8943 -0.0970 0.7089
9.8719 -0.6682 0.3659 0.4942
6.9820 -0.9786 -1.1243 0.5702
6.4318 -1.6541 -1.1601 0.4579
7.6540 -1.9605 -0.0555 0.6310
7.3179 -1.7865 -0.5422 0.5113
5.9256 -1.2926 0.0650 0.4172
7.1598 -1.6617 -0.1325 0.7243
8.2264 -0.7284 -0.6655 0.5743
9.0729 -1.3059 -0.7483 0.7462
9.7359 -1.7354 -0.0614 0.4748
9.1717 -1.0044 -0.1512 0.5006
6.7305 -0.4281 -0.3028 0.4625
8.7051 -1.8775 -1.1611 0.5404
6.3107 -1.8723 -0.3218 0.5518
7.3672 -1.6293 0.2094 0.7016
6.3341 -2.0026 -0.3184 0.4401
8.6301 -1.9062 -0.8420 0.7323
6.2828 -0.9912 -0.9007 0.5197
8.8764 -0.5885 0.1312 0.3662
9.5969 -0.9087 -0.7706 0.3880
8.4838 -0.9405 -0.4636 0.7007
10.0733 -0.9897 -0.2398 0.6357
6.8133 -1.4771 -0.1517 0.6873
6.1645 -1.0073 -0.7786 0.6770
6.7797 -0.6248 -0.3958 0.6575
6.6828 -0.6943 -0.9155 0.7128
6.8902 -1.6402 -0.5508 0.4665
9.5492 -0.8737 -0.1019 0.4178
8.3893 -1.0053 -0.0123 0.5598
9.0754 -0.3288 -0.1822 0.3717
7.2751 -0.4615 -0.8787 0.4903
8.3786 -0.3868 0.0365 0.7259
9.0026 -0.6305 -0.4356 0.6470
7.2567 -1.8149 -0.6722 0.6884
7.3274 -1.9420 -0.8849 0.4589
9.5523 -1.4612 -1.0742 0.6051
7.7757 -2.0891 0.2453 0.6734
7.5119 -0.3889 -0.1875 0.7058
7.0705 -1.0763 -0.9983 0.5467
5.9932 -1.6933 -0.9278 0.5626
9.5245 -0.5948 -0.9207 0.5259
7.9691 -1.8119 0.1379 0.5931
8.1787 -1.6176 -0.4201 0.7075
6.9257 -0.3192 -0.7083 0.5978
6.2574 -1.4996 0.1097 0.4096
8.1649 -0.8918 -0.0515 0.5428
7.6837 -1.9066 -0.2588 0.5924
6.9919 -1.6869 -0.5180 0.4517
7.2144 -1.4447 -0.6886 0.6302
9.0747 -0.5071 -0.4168 0.6617
6.8790 -1.9528 -1.1870 0.5239
6.2687 -0.3205 -0.0730 0.5190
9.6533 -0.3913 -0.5279 0.5699
10.0832 -1.7960 -0.7342 0.4140
7.3986 -2.0189 0.2201 0.4039
9.9985 -0.9197 -0.4023 0.4791
8.2431 -0.4913 -1.1192 0.5685
7.0453 -0.4723 -0.3409 0.4001
8.7479 -1.6006 0.1926 0.5813
8.6215 -1.2567 0.0153 0.3715
7.2810 -0.7827 -0.7206 0.4165
6.3874 -1.5424 -0.9444 0.6690
10.0740 -1.8198 0.0332 0.7445
9.2996 -0.6656 -0.8571 0.3825
7.2723 -0.7458 -0.3210 0.7454
9.2295 -1.7080 0.0377 0.3539
8.4709 -1.6787 -0.4868 0.3853
7.4284 -1.7580 0.3458 0.4816
9.9395 -1.7848 0.3226 0.4126
9.2629 -0.9494 -0.6397 0.7115
6.1035 -1.5904 -1.0110 0.5000
8.2708 -1.3964 -0.5207 0.5049
9.0856 -0.5912 -0.2798 0.4155
7.3597 -1.3424 0.1187 0.4256
7.2290 -1.8732 -0.6143 0.7130
7.6927 -0.8835 -1.0622 0.6906
8.1959 -1.2781 -0.0041 0.4189
8.6004 -0.3773 0.0199 0.4750
9.9290 -0.8066 -0.7263 0.3689
7.9023 -0.7320 -0.6467 0.4469
9.2979 -1.0162 -1.0787 0.4227
7.5341 -1.7789 0.1323 0.3936
7.3698 -1.8511 -0.6515 0.3739
9.1904 -2.0335 -0.1593 0.3745
6.7372 -1.6054 -0.3672 0.4430
7.0346 -1.3679 -0.8193 0.5390
6.0837 -0.7834 -0.1059 0.6490
8.3312 -1.6341 -0.3191 0.6253
6.6704 -0.4673 -0.1616 0.4175
8.4495 -0.5774 0.2240 0.4610
9.7423 -1.1346 -1.1866 0.7323
9.6750 -1.8234 -0.3955 0.6610
9.2010 -1.5755 -0.9933 0.4911
8.8082 -1.9172 -0.6636 0.5203
7.1319 -1.6802 0.1419 0.4253
5.9269 -1.9714 -0.8817 0.5378
6.7039 -0.8672 0.0657 0.7351
6.2066 -0.3666 -0.3096 0.7415
9.1217 -0.6444 -1.0864 0.7070
9.8400 -0.9627 -0.4095 0.6811
9.2567 -1.9205 -0.2323 0.5889
6.7325 -1.5194 0.2802 0.4071
6.8308 -0.5126 -0.4973 0.4071
8.4555 -0.9778 -0.4821 0.4011
6.5446 -1.7799 -0.2103 0.7415
8.1874 -1.7072 0.3944 0.6924
9.0929 -0.5515 -0.1236 0.6542
6.9753 -0.8457 -0.3271 0.5272
8.3197 -0.8465 0.0716 0.3817
8.5805 -0.7523 -0.2663 0.4875
6.0333 -1.3751 -0.9008 0.5614
7.7716 -0.6147 0.1889 0.5766
8.7498 -0.9843 -0.2919 0.5693
9.7289 -1.2056 0.3603 0.5223
7.7645 -1.8148 -0.1463 0.4600
7.9570 -0.3357 -1.0449 0.7184
7.2519 -1.0993 0.0305 0.6974
9.6267 -0.8740 -1.1572 0.6572
8.1074 -1.8467 -0.4259 0.5832
6.2243 -1.5595 -0.4718 0.3935
8.2369 -0.3703 -0.4278 0.5666
9.6597 -0.4539 0.2936 0.7439
8.5209 -1.0758 -0.6685 0.6191
9.7565 -0.9679 0.0569 0.5706
7.2801 -0.6132 -0.0822 0.3678
8.5842 -1.5782 -0.4741 0.4436
8.3205 -1.6244 -0.8665 0.5857
7.0406 -1.3738 -0.1064 0.4368
7.1896 -1.7949 -1.1454 0.6190
6.9104 -1.3466 0.3747 0.4731
6.6412 -1.4578 0.3605 0.4140
8.0386 -0.3977 -0.2147 0.5559
9.3255 -1.0278 -0.6057 0.4571
7.2378 -0.9506 -0.6580 0.5525
6.7834 -1.8676 -0.9994 0.6766
7.9524 -0.6999 -1.1107 0.7355
9.6165 -0.8419 -0.8039 0.7499
9.0069 -1.6737 -0.3269 0.6563
7.9886 -1.7520 0.3744 0.6864
7.5268 -1.7315 -0.0768 0.4259
9.2080 -0.9358 -0.4796 0.5906
10.0057 -0.7925 -1.0716 0.7328
8.4580 -1.5613 -0.8686 0.3870
8.5601 -0.4236 -1.1742 0.6714
9.0328 -1.5807 -0.0772 0.7368
6.1807 -2.0220 0.0791 0.6429
9.0783 -0.3169 -0.7349 0.6524
7.4291 -2.0672 -0.2657 0.5202
6.3825 -0.8094 0.1974 0.5717
7.4280 -1.1676 -0.4744 0.3999
7.6499 -1.9847 -0.9248 0.6795
7.7035 -0.8004 -0.9634 0.5187
6.3435 -1.8045 -0.8955 0.4427
8.4230 -0.3616 -0.8230 0.5267
8.8989 -1.0225 -0.5365 0.3728
7.5992 -1.5817 -1.0896 0.6777
6.8761 -1.0504 -0.4250 0.5922
6.8022 -1.4593 -0.0854 0.4473
7.6870 -1.5093 -0.6877 0.7398
8.5070 -1.3843 -0.3463 0.6431
9.1608 -0.7590 -0.6121 0.3736
7.8605 -0.9690 -0.3068 0.4799
6.3507 -1.4096 -0.5295 0.6911
9.3286 -2.0695 0.3487 0.5808
8.0717 -1.5133 -0.4008 0.5814
9.1993 -1.4315 -1.1237 0.3847
8.3908 -0.3967 -1.0616 0.5510
6.0348 -1.6946 0.0958 0.6320
9.3461 -0.6238 0.3624 0.3773
8.6028 -1.7293 0.1187 0.4299
6.5302 -1.4713 -1.1126 0.5147
10.0159 -0.5051 0.3151 0.7402
7.7777 -1.1296 -1.1156 0.6171
7.6467 -1.9778 -0.4512 0.5546
5.9724 -1.6302 -0.8117 0.6236
9.5356 -1.8903 -0.5402 0.3665
8.6618 -0.3298 -0.2412 0.4017
8.1609 -0.5033 -0.7132 0.5628
6.7683 -1.7671 -1.1795 0.6621
10.0693 -0.4668 -0.6194 0.7414
5.9939 -1.7904 -0.3527 0.3795
8.0082 -1.3706 -0.3314 0.6754
9.7493 -2.0808 -0.9206 0.6347
8.0801 -1.0042 -0.2064 0.6355
9.6940 -0.9521 0.0166 0.4168
9.9806 -0.7592 -0.1162 0.6188
9.4622 -1.8894 -0.1437 0.5946
5.9654 -1.6175 0.0384 0.5273
7.9608 -0.6916 -1.0907 0.4654
8.1984 -0.5501 -0.2685 0.6656
9.0170 -1.6590 -1.0607 0.3805
6.8817 -0.3216 -0.1031 0.7428
7.6546 -1.8530 -0.2617 0.7250
6.3619 -0.3258 -0.6957 0.6205
6.0547 -1.5627 0.0816 0.4831
8.9114 -1.5475 0.2132 0.5392
7.1198 -1.1136 -0.8961 0.5744
8.7564 -1.6797 -0.5094 0.4719
6.7256 -1.6610 -0.2311 0.7031
7.9540 -1.1502 -1.1203 0.7138
10.0963 -1.6409 0.3401 0.6318
6.6062 -0.5591 -1.0479 0.4892
8.1045 -0.9693 0.2688 0.5860
6.8641 -0.3976 -1.1896 0.6977
7.2060 -1.6719 -0.4284 0.7429
9.1588 -1.7811 0.3813 0.5069
6.9419 -0.8702 -0.2570 0.5677
8.0981 -1.6246 -0.3085 0.7320
6.2852 -0.9827 -0.4847 0.4783
9.6553 -0.9147 -0.7707 0.7146
8.1526 -0.5126 -0.1353 0.4245
9.6768 -1.5943 0.3628 0.5537
7.0171 -1.6722 0.1212 0.5239
8.7309 -1.7973 -1.0481 0.6106
9.3809 -1.6641 -0.7474 0.4681
6.2531 -0.7951 -0.6306 0.4796
9.3814 -1.5758 -0.2214 0.6321
9.1724 -1.9518 -0.9186 0.3710
6.2440 -1.5889 -0.8396 0.3629
8.5335 -1.4082 -0.9536 0.4310
6.8479 -1.5075 0.2953 0.5841
9.6840 -0.5255 -0.5070 0.6872
6.3970 -1.8942 -0.7683 0.5223
5.9896 -2.0123 0.2962 0.5885
9.4222 -1.8029 0.1491 0.5269
6.4820 -1.5474 -0.0062 0.6848
6.4498 -1.1185 -0.9610 0.4977
10.0173 -1.3320 -0.4890 0.7493
6.9253 -0.7988 0.2999 0.3924
6.2193 -1.2676 0.0981 0.6526
9.0579 -1.3606 -0.4716 0.5626
6.3941 -1.0894 -0.1790 0.7049
8.6225 -1.6988 0.3846 0.7210
7.6190 -1.3395 -0.9242 0.4904
10.0466 -1.9901 -0.2548 0.4403
6.9509 -1.1891 -0.9094 0.5045
9.7002 -1.5756 0.0693 0.7326
8.3394 -1.1430 -0.0260 0.6596
6.3643 -0.3598 -0.2467 0.7202
7.5953 -0.9434 0.2146 0.4390
6.6639 -1.8818 0.0409 0.6726
9.9837 -1.5148 -0.5804 0.6961
8.4398 -0.6673 0.1410 0.6826
9.3387 -1.5635 -0.6469 0.5760
7.6011 -1.7534 -0.5715 0.4220
9.4861 -1.1025 -0.1452 0.6272
7.0346 -0.4707 -0.5927 0.4686
6.2811 -1.5261 -0.0013 0.5962
6.9330 -1.5947 -0.1083 0.6552
8.0803 -0.3995 -0.8419 0.7078
7.1771 -1.9229 0.0373 0.3986
8.8193 -0.9549 -1.0807 0.5983
6.6792 -2.0175 0.1539 0.3781
7.8600 -0.3805 -0.9796 0.5869
8.5498 -0.6135 0.2325 0.4861
-4.8548 5.5187 -0.8242 0.5874
-7.9016 5.7946 -0.2822 0.5659
-6.1095 5.8367 -0.4819 0.6848
-5.1215 5.6744 -0.8965 0.5961
-6.5636 4.7560 -0.7342 0.4317
-4.3847 5.1521 0.0922 0.3574
-5.6510 5.5751 -0.8653 0.5299
-6.9852 5.4890 0.1137 0.4517
-7.4159 5.2700 -1.0590 0.7270
-6.3551 5.5579 -0.1122 0.5636
-6.4681 5.6161 -0.8376 0.6111
-5.1505 6.1326 -0.0648 0.5297
-6.8456 5.1282 0.1670 0.6477
-4.9137 5.3925 -0.1527 0.3924
-4.0848 5.0669 0.3690 0.4297
-7.7916 4.7925 -0.2165 0.5631
-4.6312 4.6686 -0.7033 0.7184
-6.0967 4.9129 0.2110 0.3790
-5.3612 5.9879 0.1101 0.7408
-5.6072 5.4297 0.3882 0.4643
-7.9372 5.4710 -0.8854 0.5272
-6.4115 6.0461 -0.5938 0.3792
-4.8676 4.7927 -0.1470 0.7335
-6.9276 5.7984 -0.2559 0.4197
-5.4571 5.9400 -1.0416 0.6723
-6.6335 5.2716 -0.1511 0.5738
-5.0198 5.0034 0.2016 0.6362
-6.0524 6.1900 0.1356 0.3992
-7.6667 5.4131 -1.0520 0.4021
-7.6601 4.7859 -0.0349 0.7007
-4.2133 4.7382 -0.4133 0.4955
-4.6456 5.8374 -0.0318 0.6884
-7.5664 5.1717 -0.6742 0.5286
-6.2853 5.7168 -0.1555 0.5010
-7.1918 5.8373 -0.5607 0.5717
-4.0705 5.5040 -0.3130 0.7326
-6.7928 6.0196 -0.8571 0.5398
-5.9550 5.6239 -0.3771 0.4728
-7.6369 6.3043 -0.4303 0.4810
-5.1261 5.4980 -0.1851 0.5136
-4.3716 5.9861 -1.0077 0.6057
-7.1738 5.1776 0.1262 0.6497
-4.5292 5.6457 -0.2652 0.4039
-4.4633 5.7016 0.2988 0.6206
-6.0231 5.3869 -0.8005 0.6173
-6.9104 5.2063 0.3807 0.5765
-6.7118 5.1741 -0.6400 0.7351
-6.4760 5.4096 -0.8344 0.6921
-5.1389 5.3408 -0.2462 0.7379
-4.3651 4.6846 -0.0579 0.6387
-6.3253 4.9794 0.2452 0.7342
-4.9711 4.7844 -0.5981 0.5650
-5.4869 6.1895 -0.6824 0.4975
-4.6290 5.6137 -0.1765 0.6023
-4.9296 5.9629 0.2084 0.3614
-6.7588 4.9460 -0.7005 0.3681
-6.8632 5.0741 -0.3457 0.5786
-7.5345 5.4681 -0.7004 0.5468
-6.1382 4.9799 -0.9309 0.6306
-4.4096 5.8437 -0.7065 0.4108
-6.7507 5.4162 0.0897 0.4848
-4.3335 6.2427 -0.7160 0.6722
-5.7565 5.8483 0.3231 0.4174
-5.0525 5.2557 0.2015 0.3696
-6.6362 5.8611 -1.0202 0.3670
-5.9323 5.0906 -0.4450 0.5048
-6.9356 5.7283 -0.6016 0.3826
-4.5890 5.7275 -0.0468 0.6513
-4.5648 4.7775 -0.9196 0.6444
-7.7358 5.1897 -0.7381 0.5769
-7.7939 5.2838 -0.4087 0.3633
-6.4911 5.7896 -0.8564 0.5249
-6.5099 5.6549 -0.1279 0.6875
-5.8251 5.6038 -1.0498 0.4873
-7.3553 4.6619 0.3528 0.6504
-6.4366 5.0685 -0.8402 0.3750
-5.5654 5.5283 -0.8870 0.3747
-7.9898 5.2457 -0.6030 0.3741
-4.7190 5.4615 0.1098 0.4762
-5.1094 5.7898 -0.1936 0.5541
-6.3462 5.3439 0.2327 0.6133
-4.5596 6.3272 -0.1868 0.4007
-5.8349 5.1313 -0.3515 0.3943
-4.7748 4.6639 -0.3793 0.4714
-5.3999 6.3193 -0.9328 0.3628
-4.7491 5.1352 -0.8036 0.4703
-4.2659 5.1517 -0.6855 0.7091
-7.1337 5.4750 -0.5179 0.7371
-4.1545 4.9154 -0.8820 0.4955
-7.0522 6.0635 -0.8339 0.4439
-6.4557 5.0265 -0.4066 0.4223
-7.7565 5.1098 -0.6093 0.5942
-6.7732 6.1195 0.1833 0.7103
-7.4304 5.1390 -0.0714 0.4551
-6.6914 5.2212 -0.1962 0.4299
-6.4849 4.7193 -1.0394 0.4251
-7.6236 5.8498 -0.7203 0.5152
-6.1833 5.1281 -0.1465 0.4792
-4.5047 6.3139 -0.1785 0.4353
-5.7719 5.3800 -0.2657 0.6359
-6.0553 5.7220 -0.0752 0.4503
-6.0732 5.0647 -0.5498 0.6944
-6.3920 4.7346 0.1926 0.3946
-4.1021 5.5755 0.3088 0.4487
-4.5877 6.0816 -0.0033 0.5633
-4.5455 5.8920 -0.5057 0.5276
-6.5917 4.6518 -0.7004 0.7390
-6.0596 5.7688 -0.1039 0.5609
-7.7480 5.0823 -0.6823 0.7090
-7.2928 6.1697 0.3402 0.4364
-5.9944 5.8663 0.0206 0.3617
-4.8131 6.3293 0.0159 0.3756
-5.6062 4.6523 -0.0209 0.5039
-6.1445 5.1718 -0.2777 0.4418
-4.0232 5.9128 -0.7962 0.5307
-7.4281 4.8511 0.2635 0.5781
-5.6255 5.2821 0.3663 0.3722
-5.2396 5.0383 -0.4479 0.4080
-5.9084 5.0014 -0.2289 0.6353
-4.6678 5.0503 -0.9476 0.5082
-6.4869 5.6096 -0.8358 0.5041
-5.5564 4.8823 0.2399 0.4325
-6.8244 6.2777 -0.0526 0.4888
-6.2547 5.0134 -0.6586 0.3751
-5.4164 6.0849 -0.2504 0.4464
-6.8938 6.1996 -0.7757 0.4774
-7.0159 6.2181 0.1107 0.3820
-5.9699 4.9457 -1.0967 0.5118
-5.9779 6.0428 -0.6164 0.6246
-7.5956 5.8266 0.3881 0.6583
-6.0258 6.0375 -0.1936 0.4094
-7.1680 5.3023 -0.2606 0.6078
-6.9750 4.7458 0.2431 0.4979
-7.0970 4.8525 0.1597 0.3971
-4.6553 5.0743 -0.6823 0.4776
-5.4310 5.4019 -0.5784 0.5836
-5.4697 4.9060 -0.5510 0.4151
-7.9738 4.7911 -0.6792 0.4265
-6.3924 6.2516 0.1269 0.5400
-4.2377 6.1617 -0.2346 0.5276
-5.4431 6.3167 -0.4031 0.5120
-5.6503 5.3885 -0.0647 0.5490
-6.6130 4.8974 -0.4043 0.4828
-7.9590 4.8195 -0.9034 0.7122
-6.7083 6.2184 -0.9468 0.6119
-6.7932 5.3147 -0.1363 0.5427
-6.3769 6.1051 -0.6872 0.6171
-4.6513 6.2727 0.0884 0.5011
-4.0587 5.8786 -0.5028 0.3799
-7.8938 5.2440 -1.0166 0.5489
-4.1903 5.6176 -0.3602 0.5770
-7.1907 5.1753 -0.2990 0.4024
-6.8635 4.9847 -0.3345 0.3590
-7.9036 5.8450 -0.5965 0.5441
-4.2456 6.0358 0.0903 0.4638
-4.5206 5.5618 -0.8813 0.5131
-6.6169 5.5369 -0.7680 0.5415
-4.5570 5.2822 -0.1552 0.5934
-5.5991 5.6850 -0.1086 0.6205
-6.0518 5.7743 -0.6880 0.3669
-7.6205 5.7459 -0.5532 0.4479
-4.6684 5.3431 -0.7011 0.6360
-6.7435 5.2769 -0.2610 0.6120
-6.4271 5.8379 -0.5707 0.6405
-5.3715 5.5814 -0.6744 0.5605
-7.4161 5.2664 0.2022 0.6199
-6.0029 5.7095 -0.0505 0.5287
-4.4074 5.1038 -0.6277 0.6484
-4.9486 5.6346 -0.1617 0.7462
-6.1690 5.7053 -0.9240 0.6244
-6.6625 5.7225 -1.0131 0.4649
-7.8566 6.1728 -0.0048 0.6557
-7.1757 5.0124 0.0148 0.3817
-7.0046 6.3336 -0.8653 0.7110
-6.8100 5.1483 -0.9248 0.5918
-6.2495 5.4107 -0.0856 0.4748
-5.4503 6.0158 -0.7021 0.7445
-4.5085 5.8449 -0.1517 0.7419
-7.0222 4.7328 -0.4989 0.4755
-6.2874 4.8146 -0.8457 0.6385
-4.2155 5.0706 0.2838 0.5238
-5.9597 5.7235 -0.1747 0.5788
-5.1512 5.9681 -0.3626 0.6510
-7.1422 5.0400 0.3315 0.4219
-6.6227 5.1860 0.3626 0.5030
-4.0293 5.5347 -0.7370 0.4555
-7.7366 5.2882 0.0784 0.4502
-6.8304 4.8024 0.1994 0.4532
-7.9601 5.2297 -1.0972 0.4698
-7.7462 4.7732 -0.6465 0.5388
-7.2273 6.0966 -1.0869 0.6556
-4.5515 5.5239 -1.0736 0.7237
-4.5618 4.8948 -0.4625 0.4039
-4.2665 6.1990 -0.0812 0.4781
-7.0263 6.1129 0.1056 0.6728
-6.5846 5.0305 -0.0532 0.6334
-4.1006 5.2222 0.0351 0.4007
-7.8383 4.6901 -0.9235 0.7120
-6.3679 6.0354 0.2827 0.6787
-6.6455 6.0417 -0.7452 0.5586
-6.4683 5.1304 0.1729 0.7001
-6.1386 4.8772 -0.6613 0.7348
-6.2713 5.8532 -0.3369 0.6651
-5.5210 5.7828 -0.3650 0.5526
-6.3879 5.7788 -0.8705 0.6792
-7.0387 4.7997 -0.3214 0.7041
-7.7254 4.9335 -0.6143 0.4694
-7.7690 6.2532 -0.6562 0.5816
-4.2442 6.3248 0.2875 0.6849
-7.5136 4.9250 -0.4484 0.4723
-4.7299 6.1448 -0.9277 0.3659
-5.6839 5.2086 -0.6369 0.6469
-6.1191 5.1307 -0.7529 0.5541
-5.1102 4.7569 -0.1461 0.3633
-7.3641 5.6977 0.1572 0.6242
-4.0262 5.0355 0.1761 0.4967
-7.2382 4.6777 -0.9925 0.6939
-4.8630 5.4862 0.3898 0.7158
-5.3051 5.3167 -0.0780 0.6206
-5.0226 5.5485 -0.8486 0.5975
-7.3202 4.9847 -1.0111 0.5307
-6.9241 5.6880 -0.1626 0.4814
-7.4408 5.4752 -0.6672 0.6475
-7.9008 4.6692 -1.0243 0.6859
-7.0635 5.9140 -0.1198 0.3747
-6.5646 5.7954 0.0135 0.6432
-5.2467 6.0091 -0.2480 0.3906
-5.4358 4.7495 0.0830 0.7466
-5.8666 5.1244 -0.4878 0.6759
-6.2467 5.6948 0.2945 0.4513
-6.5420 5.2810 -0.1740 0.6115
-4.3055 6.2829 -0.7390 0.4837
-6.2602 5.6155 -1.0920 0.6490
-7.4046 5.3826 0.2056 0.4644
-7.2335 4.8281 -0.9884 0.7055
-5.5935 4.9664 -0.3682 0.4975
-5.1742 5.6248 -0.5225 0.6378
-4.5976 5.8934 -0.6322 0.5722
-4.9354 4.8806 -0.7107 0.4602
-7.9526 5.3700 0.0319 0.4674
-4.0412 5.9544 -0.0312 0.6217
-4.1522 6.0525 -0.4262 0.3921
-5.2208 5.2476 -1.0908 0.7449
-4.7664 5.1453 -0.8087 0.7038
-6.3851 4.7860 -0.5207 0.7260
-7.6644 6.0725 0.1400 0.5756
-6.6101 5.5721 0.1343 0.5561
-6.4453 6.2723 -0.7679 0.5652
-7.5055 4.6838 -0.2236 0.3840
-6.2797 5.5240 -0.4151 0.4699
-5.4291 5.2876 0.1332 0.4162
-4.6340 5.0661 -0.5356 0.5105
-4.9724 4.6614 -0.5255 0.3715
-6.0756 5.7532 -0.9501 0.5607
-7.2461 5.1574 -0.9685 0.4432
-4.3288 5.3198 -0.2054 0.3986
-7.2646 6.3395 -0.7178 0.6741
-4.7887 5.5946 -0.8843 0.4819
-6.3780 4.7327 -0.6916 0.3995
-7.1750 6.3153 -0.7028 0.5668
-5.7620 5.3694 -0.8814 0.6791
-6.0249 5.9595 0.0515 0.4619
-5.5445 6.0097 -0.6847 0.6617
-6.6775 5.7555 -0.3768 0.5816
-5.1231 4.8838 -0.6012 0.7485
-6.7532 4.7170 0.0324 0.6186
-6.1567 5.8641 -0.3432 0.5690
-4.0534 5.2372 0.1247 0.5156
-7.3887 6.1809 -0.0016 0.7304
-6.4224 6.1793 -0.6242 0.7182
-7.5595 5.6351 0.3445 0.5300
-6.9054 5.2683 -0.7402 0.6089
-4.3519 6.2003 -0.9699 0.7128
-6.5815 5.7234 0.1679 0.7356
-6.9978 5.9908 -0.8610 0.5242
-6.1363 5.3085 -0.0149 0.4998
-5.1340 6.3429 -0.4440 0.4959
-5.1677 6.0273 -0.5261 0.3808
-5.6491 6.3101 -1.0900 0.3895
-6.7928 5.8849 -0.5265 0.4183
-7.2210 5.2442 0.0637 0.4309
-4.1580 4.8566 0.1490 0.4621
-5.3281 4.7012 0.0958 0.4633
-4.8761 5.4329 -0.8227 0.6006
-4.4903 4.8930 -0.3215 0.7486
-7.7916 6.2666 -0.4701 0.3636
-7.4969 5.9238 0.1047 0.4118
-4.3690 5.5936 -0.4629 0.7211
-5.5165 5.5149 -0.2600 0.5163
-5.1514 5.4978 -0.5839 0.5743
-6.1817 4.9964 0.0029 0.4968
-4.4565 5.1137 -0.2640 0.6390
-6.7123 5.6360 -0.4994 0.7326
-6.1374 4.6773 0.0520 0.7350
-7.1159 4.8613 0.1351 0.4568
-6.7336 5.5388 -0.5812 0.4651
-4.5400 5.0324 -0.3919 0.7497
-7.4434 5.6701 -0.0136 0.4255
-4.6634 5.1471 -1.0839 0.7450
-5.4597 4.9060 -0.8674 0.6133
-6.6973 5.9663 -0.8345 0.7376
-4.6311 5.0723 -1.0155 0.6537
-5.1148 5.6677 -0.9195 0.6060
-6.1942 5.4152 -0.5068 0.5823
-6.9409 4.6823 -0.6426 0.4076
-4.8189 6.1478 -0.8342 0.6586
-4.5563 6.2916 -0.9385 0.3819
-4.4991 5.4627 0.2949 0.6708
-4.0624 5.7429 0.0175 0.3641
-7.6308 6.0918 -1.0523 0.5335
-7.9904 5.1833 -0.1652 0.7169
-5.4370 6.2456 -0.3455 0.4503
-5.6410 5.1672 -0.9919 0.4573
-5.9708 4.7243 -0.2126 0.5085
-7.2125 5.9050 -0.5152 0.5354
-4.7517 4.7551 -0.9627 0.4450
-7.7185 6.1107 0.1752 0.4532
-7.9658 4.8071 0.0213 0.6647
-5.9253 4.8072 -0.9162 0.3575
-6.5401 5.8604 -0.8124 0.5629
-7.3379 6.1134 -0.1680 0.4395
-6.7938 4.8604 -1.0555 0.5806
-4.7265 4.7544 -0.1380 0.6951
-7.2941 6.1719 -0.4382 0.4226
-7.9924 6.1287 -0.0733 0.7364
-6.9817 5.8478 -0.5138 0.5317
-5.0721 5.0921 -1.0241 0.6315
-7.9619 6.3411 -0.0848 0.5041
-4.4937 5.1814 0.1650 0.5159
-7.7571 4.7154 -0.4523 0.5959
-4.9511 5.9931 -0.6189 0.6114
-4.9019 5.8572 0.2100 0.5842
-6.3212 5.7851 -0.3754 0.7061
-7.9158 6.3277 0.1233 0.6032
-6.6991 5.7138 -0.8683 0.6658
-7.9494 5.6667 0.2225 0.6968
-7.1688 6.1456 -0.2238 0.6778
-4.3173 5.9126 -0.0551 0.6962
-5.5419 6.2088 -1.0716 0.7399
-7.7828 5.6370 0.0457 0.6541
-5.8286 5.8717 -0.0068 0.4114
-5.3034 5.3971 -0.6642 0.6073
-5.1245 5.9794 -1.0210 0.5128
-7.8220 4.8709 -0.5679 0.4812
-5.9638 5.0635 -0.8354 0.3665
-5.0734 6.0439 -0.8404 0.4094
-7.5896 4.7642 -0.2893 0.7008
-7.6404 4.8723 -0.6035 0.5264
-5.4432 5.4308 -1.0724 0.4837
-4.3792 5.9127 -0.7567 0.5285
-7.6197 6.3187 -0.7308 0.6830
-7.0236 5.6563 -0.9918 0.7312
-5.3401 6.2949 -0.8254 0.6904
-5.9025 4.6598 -0.2042 0.4901
-5.8050 5.6954 -0.7535 0.7298
-4.1228 6.2248 0.1986 0.4539
-7.3210 5.7794 0.0613 0.5463
-4.0653 6.2407 -1.0979 0.5376
-7.8501 5.1829 -0.3521 0.4361
-5.9705 5.2204 -0.6778 0.7104
-4.9595 5.4879 -1.0051 0.6477
-6.7300 5.6917 -0.3226 0.4414
-7.9568 4.7632 0.1828 0.4864
-7.1084 6.2846 -0.6010 0.5986
-5.9479 5.3804 0.3629 0.6620
-7.8391 5.7508 0.2697 0.7312
-5.7892 5.0241 0.3594 0.6237
-5.9833 6.0565 0.0006 0.6492
-6.5284 4.7201 -0.3403 0.5392
-6.9950 4.7271 -0.9577 0.6033
-6.8583 5.1876 0.1411 0.3775
-4.9481 6.0594 0.0568 0.6697
-6.0443 5.9154 -0.5409 0.5314
-5.3332 4.9711 0.2028 0.6621
-6.2557 5.8295 -0.4611 0.4470
-7.7727 5.3841 -0.4858 0.3624
-7.7714 6.0002 -0.2091 0.3594
-7.7247 4.7644 -0.1425 0.4245
-4.4764 6.2382 -0.7594 0.4068
-4.1606 5.8968 -0.9149 0.5260
0.2134 -8.2473 -0.9685 0.3927
0.6890 -9.6116 0.3464 0.6700
1.4032 -8.6493 0.2625 0.3633
2.0622 -8.5779 0.1091 0.7089
3.6549 -8.3766 -0.5471 0.5445
3.0570 -9.7699 -0.8357 0.5165
3.6248 -9.3102 0.2168 0.4469
0.3679 -8.3162 -0.8039 0.3934
3.3769 -9.0903 -0.7591 0.5671
2.2844 -9.6557 -0.2443 0.4659
1.9678 -9.1237 -0.5508 0.7032
3.7858 -8.6085 0.0068 0.3911
1.3212 -9.4357 -0.0382 0.6137
3.2108 -8.6533 -0.0077 0.5648
3.7453 -9.1253 -0.4207 0.3888
0.2090 -9.2785 0.0369 0.6888
0.9888 -8.8340 -0.3110 0.5933
0.2105 -8.7027 -0.9809 0.4409
0.5905 -8.2273 -0.8575 0.4251
2.4392 -8.7322 -0.7726 0.3568
3.0738 -9.5088 0.1401 0.5978
1.9188 -8.2727 0.1025 0.6328
2.7144 -8.8224 -0.1348 0.4456
0.9013 -9.3820 -0.7996 0.4937
3.7007 -9.6340 -0.0121 0.7428
1.6081 -8.7410 -0.2486 0.7400
0.2644 -9.0928 -0.5116 0.4151
3.7293 -8.5245 -0.5508 0.6881
2.1270 -9.3836 -0.3960 0.4506
0.3370 -9.2225 -0.3381 0.4007
0.4428 -9.6772 -0.1327 0.4370
1.4684 -8.7456 -0.2903 0.6731
2.8294 -9.3272 -0.9421 0.4171
2.0377 -9.1338 0.0574 0.4287
0.4757 -9.1181 0.2290 0.3619
1.6387 -9.2420 0.1764 0.6780
2.4224 -8.2802 0.1896 0.5767
1.4777 -9.4449 0.3459 0.6253
2.5897 -9.7367 0.2693 0.6355
1.9617 -8.4419 -0.1507 0.7468
2.2377 -9.6426 -0.4940 0.6015
1.8319 -9.3590 -0.4488 0.7147
0.6145 -9.3071 -0.6623 0.3751
0.9252 -8.2616 -0.0358 0.5117
3.8471 -9.1212 -0.9657 0.3820
3.6353 -8.9671 -0.9668 0.4068
1.7362 -8.3330 0.2319 0.4700
3.8895 -8.4175 -0.6555 0.4079
2.6265 -8.8926 -0.2580 0.5512
2.7575 -9.4843 -0.7797 0.4920
0.4199 -9.2496 -0.3748 0.4636
1.7763 -8.8585 0.3902 0.6420
2.1589 -8.3728 -0.7745 0.5683
3.5522 -9.1630 -0.2384 0.6679
0.3935 -9.6748 -0.2632 0.5015
1.4107 -8.6153 -0.5028 0.7215
3.8253 -8.7083 0.1213 0.3846
1.9497 -8.8457 0.1246 0.6158
0.7336 -9.7406 -0.3414 0.4777
3.6970 -9.1038 -0.0160 0.7098
0.8339 -8.2310 -0.6219 0.6085
0.4824 -8.7653 0.3342 0.4355
2.2022 -9.0064 -0.7201 0.4561
3.5665 -9.2614 -0.9428 0.5152
2.6759 -8.2925 -0.5086 0.4819
2.6968 -8.5392 -0.7227 0.4182
2.7360 -9.5620 -0.1882 0.3627
2.1670 -8.8794 0.2213 0.6270
1.1624 -8.6664 -0.8065 0.4062
3.0441 -9.2606 -0.7276 0.3685
2.1079 -9.1700 -0.8334 0.4051
2.7948 -9.2475 -0.4038 0.6283
3.4439 -8.3227 -0.1693 0.4011
3.6485 -9.6843 -0.6066 0.5985
1.8911 -9.7962 -0.3512 0.3618
1.7363 -9.2351 0.3854 0.7468
0.2413 -9.6048 0.0124 0.4810
1.6940 -8.9104 -0.1030 0.6057
2.0269 -9.1776 0.1284 0.7102
1.2569 -8.2023 0.2928 0.7315
3.4817 -9.7098 0.3328 0.6672
0.1147 -8.4437 -0.5457 0.6572
0.3809 -8.5190 -0.4716 0.5479
3.6517 -8.7486 -0.6993 0.5695
2.7133 -9.1333 -0.3119 0.6738
3.0255 -9.5675 0.2012 0.7430
2.7168 -9.5795 -0.4742 0.5205
2.9812 -8.7230 0.2785 0.4480
1.9235 -8.4177 -0.3372 0.4649
0.9842 -8.7217 -0.5141 0.3905
2.7541 -8.5479 -0.5892 0.3930
2.1679 -8.9318 -0.3472 0.6824
3.3025 -9.1601 -0.8940 0.5288
3.6486 -8.5330 0.0622 0.3591
1.4376 -9.7304 -0.4704 0.7005
2.4311 -8.6578 -0.8691 0.6350
3.5245 -9.3335 -0.0142 0.7469
0.7056 -9.3106 -0.2349 0.7162
1.1162 -8.8060 0.0633 0.3702
3.6933 -9.4035 -0.0297 0.6720
2.2523 -8.4119 -0.6896 0.7357
3.5248 -8.5183 -0.0188 0.7364
0.4571 -8.5886 -0.7862 0.5854
1.0027 -9.6730 -0.8168 0.6597
3.3647 -9.6413 -0.8735 0.5902
2.1108 -9.7436 0.1220 0.5733
2.0299 -9.6031 -0.5439 0.4239
0.1379 -9.2646 -0.2974 0.4080
2.6742 -9.3983 -0.8865 0.5009
0.3895 -8.5532 -0.4654 0.5941
3.0154 -8.7315 -0.7952 0.5683
1.1737 -9.0732 -0.4131 0.5696
1.6106 -9.1970 -0.0418 0.5229
0.9165 -9.5026 0.1003 0.5112
1.0814 -9.6209 -0.8032 0.5843
2.6994 -8.2126 -0.1743 0.6348
0.7360 -9.1598 0.1175 0.6111
3.7229 -9.4349 0.0338 0.6193
1.9522 -8.2361 0.2269 0.4851
2.6647 -9.5346 -0.5796 0.6760
2.4048 -9.6608 0.0229 0.5679
1.2745 -8.4608 -0.5768 0.4698
1.1256 -9.0058 0.1455 0.3771
0.1800 -8.6135 0.3130 0.7417
3.1161 -9.0618 -0.8481 0.4452
2.9402 -9.4192 0.2821 0.4690
2.9640 -8.6554 0.3300 0.4914
3.0679 -9.0092 0.2301 0.6404
1.7714 -9.5030 -0.7975 0.4699
1.8311 -8.9389 -0.5486 0.5176
1.8264 -9.0731 -0.3948 0.6719
1.6070 -9.5163 -0.1935 0.5343
0.7511 -9.3110 -0.1792 0.4912
1.4165 -9.2492 0.2115 0.5403
3.1955 -8.2194 -0.7108 0.6989
1.8694 -9.2918 -0.3075 0.3744
1.8912 -8.6775 0.1953 0.3768
0.7724 -8.4696 0.2923 0.4632
1.2559 -8.9674 -0.4464 0.5483
2.2287 -8.7114 -0.6130 0.6593
2.3327 -9.7609 0.3169 0.6428
2.8524 -9.1568 -0.5021 0.6519
2.8535 -8.7269 0.4000 0.6664
1.2130 -9.2814 -0.9403 0.5845
1.9326 -8.4445 0.0956 0.7206
1.0096 -9.5132 -0.4668 0.5362
2.0018 -8.5003 0.1060 0.4155
0.8567 -8.2106 -0.2972 0.3727
3.2288 -8.8586 -0.7193 0.5739
0.4438 -9.4876 -0.9563 0.3567
3.4297 -9.6158 -0.9480 0.5421
3.4937 -9.6028 0.2253 0.6454
1.3023 -9.3519 -0.8460 0.7417
0.1170 -8.5428 -0.7136 0.3608
1.8894 -9.1144 -0.2080 0.4396
3.8060 -9.7544 -0.5565 0.5899
2.5248 -8.3624 -0.9151 0.5761
1.0806 -9.5672 -0.1457 0.4650
3.3306 -9.5631 0.2987 0.6139
0.5062 -9.6220 -0.8519 0.7229
2.6009 -8.3614 -0.8302 0.6929
3.8948 -8.2841 -0.2206 0.6557
0.8764 -9.7838 -0.2335 0.6266
3.3717 -8.4539 -0.2935 0.4435
2.3285 -8.8111 -0.5387 0.6515
3.0007 -9.4143 -0.2966 0.5140
2.1891 -9.6302 0.3838 0.5007
2.7593 -9.3233 0.2811 0.5247
3.7470 -8.9345 -0.5968 0.6041
0.3199 -9.2684 -0.1653 0.6036
1.9921 -9.0933 0.0135 0.5651
1.8044 -8.2999 -0.9596 0.3704
3.6030 -8.7290 -0.4986 0.4767
1.5974 -8.7478 -0.2621 0.6604
1.0042 -9.5361 -0.5547 0.6214
1.8493 -9.0412 0.0993 0.5909
0.3961 -8.7008 -0.6353 0.4221
1.3272 -8.9381 0.2270 0.5695
2.3922 -8.4462 0.0121 0.7146
1.2545 -8.8446 0.0290 0.3989
3.0271 -9.3820 -0.1410 0.5790
3.3760 -8.5268 -0.7447 0.6549
1.3220 -8.5340 0.2796 0.7419
2.7912 -9.4548 -0.3775 0.6187
3.4261 -9.5669 0.3757 0.4192
2.5487 -9.1397 -0.5067 0.5317
3.4035 -9.4579 -0.7166 0.6304
2.0832 -8.7230 -0.3618 0.5936
2.2653 -9.5497 -0.8393 0.4815
2.6571 -9.7335 -0.4228 0.3738
0.9492 -8.8074 0.2458 0.5204
0.2437 -9.5734 -0.4306 0.6549
2.3221 -9.0790 -0.1496 0.5039
1.7605 -9.1947 0.3544 0.6270
3.3054 -9.0472 0.2459 0.7227
1.6867 -8.9118 -0.3985 0.6095
3.2551 -8.2614 0.1905 0.4554
1.5515 -8.4121 -0.0166 0.5166
0.7007 -8.7892 -0.2222 0.5928
2.1459 -8.7215 0.3738 0.3871
3.3482 -9.5840 0.2175 0.6637
2.3880 -8.2913 0.3492 0.6362
1.1317 -9.7106 -0.2062 0.4189
0.2808 -8.3984 -0.9533 0.5260
2.5725 -8.7778 -0.8355 0.6176
1.4381 -9.2323 0.3423 0.6277
0.9269 -9.5287 -0.4400 0.5975
1.2126 -9.1211 -0.9719 0.5665
1.3024 -9.2986 -0.4837 0.5258
3.8415 -8.6157 -0.4089 0.5487
2.6274 -9.0563 0.3724 0.5671
2.5545 -8.2581 -0.0183 0.4245
3.2783 -8.6254 0.0858 0.5201
1.2728 -8.6308 0.0932 0.5200
2.2515 -9.3759 -0.4794 0.4273
2.6608 -9.0388 0.2471 0.7020
3.4531 -8.9582 0.3310 0.5291
0.6193 -9.6741 -0.9515 0.6571
0.4902 -9.7502 -0.5301 0.5802
0.1653 -9.0933 -0.6294 0.4316
2.4550 -9.7750 0.3141 0.4922
2.0366 -9.5935 -0.2188 0.4968
2.1408 -8.5349 -0.1587 0.6887
3.8751 -8.4716 -0.1889 0.7142
0.2225 -9.1010 -0.9403 0.5438
3.2740 -8.5798 -0.3762 0.6242
1.9389 -9.1671 0.3070 0.4959
1.2036 -8.9735 -0.9054 0.5908
2.9317 -8.4418 -0.9828 0.7186
3.0390 -9.4005 -0.9830 0.4770
1.2652 -8.6681 0.3830 0.4724
2.9257 -9.6462 -0.6217 0.6894
3.2153 -8.8995 -0.8622 0.3849
2.1745 -8.9966 -0.9273 0.6582
0.4380 -9.3794 -0.8326 0.3558
0.7532 -8.9039 0.3155 0.3910
3.1943 -9.1600 -0.0241 0.5236
2.1620 -8.7666 -0.9371 0.7111
0.4123 -9.5073 -0.8570 0.5984
2.5090 -9.6914 -0.8851 0.6794
2.0049 -9.4418 -0.3914 0.7483
1.8128 -8.2251 -0.5485 0.4712
2.6581 -9.7022 -0.6609 0.4967
0.8763 -9.5324 0.3557 0.3875
1.4626 -9.2584 0.1393 0.4929
3.1230 -9.7234 0.0392 0.7082
3.4123 -8.2053 -0.7425 0.5271
3.2228 -8.3178 -0.7460 0.4832
2.5857 -8.7806 0.0713 0.6950
1.3031 -9.0057 0.0960 0.6858
1.9904 -8.3809 -0.2287 0.4562
0.3191 -8.5900 -0.3457 0.6280
3.8423 -8.7451 -0.2312 0.4128
1.2858 -8.2148 -0.7333 0.4123
0.2380 -8.7286 -0.5587 0.7368
0.7177 -9.1438 -0.8485 0.4392
3.5253 -8.2439 -0.5075 0.3674
0.6577 -9.0930 0.1166 0.7356
3.3181 -9.2979 -0.8517 0.6439
3.4533 -9.2599 0.2111 0.5283
1.4114 -9.3020 0.2091 0.5292
1.4048 -8.2823 -0.0966 0.6780
1.7142 -8.4523 0.1465 0.6270
2.6521 -9.7393 -0.8066 0.7210
1.1714 -8.5383 -0.7973 0.5576
3.3588 -9.1733 0.2334 0.5282
0.3836 -9.5141 -0.5491 0.4436
3.6024 -8.8798 -0.3533 0.4065
0.4049 -8.7880 -0.1522 0.4881
3.4898 -9.6529 0.1995 0.7453
2.7071 -9.4945 -0.9036 0.3808
0.4992 -9.0084 0.3031 0.3956
0.2389 -8.6910 0.3273 0.3891
0.7184 -8.8200 -0.5732 0.3833
1.5872 -9.4090 -0.6369 0.7237
1.0997 -9.6001 -0.8438 0.6882
1.4264 -8.8903 -0.1923 0.5369
2.2287 -9.3597 -0.2459 0.4748
1.9378 -8.5008 0.3382 0.7386
3.2992 -8.2631 -0.9732 0.4398
2.6841 -8.8873 0.2825 0.6324
0.7366 -8.2818 -0.5717 0.5248
0.8344 -9.4165 -0.2309 0.5322
1.5200 -8.7980 0.2786 0.4887
2.1409 -9.7454 -0.3652 0.3965
2.2583 -9.6324 0.3755 0.6590
1.2111 -9.1596 -0.5717 0.6666
1.8867 -8.5634 -0.0061 0.4023
2.8752 -9.0219 -0.6572 0.5865
2.6512 -9.4626 -0.5515 0.4355
0.6149 -9.4355 -0.4594 0.3799
2.2263 -8.3837 -0.1727 0.7212
0.4897 -9.5179 0.3563 0.6855
0.4454 -8.6632 -0.0017 0.7139
0.5500 -9.3612 -0.3386 0.4233
0.5174 -9.7754 -0.3107 0.7366
3.5699 -9.0489 -0.6234 0.7378
2.7685 -8.3339 0.1983 0.5143
1.0293 -9.5667 -0.9313 0.4593
2.1930 -9.2881 -0.0485 0.3980
2.5019 -9.2644 -0.8578 0.4044
3.1659 -9.2992 0.1457 0.7175
3.0338 -8.4916 -0.0411 0.3989
0.4023 -9.0990 0.2114 0.4224
0.2370 -9.1323 -0.2035 0.4117
0.1047 -8.8504 0.0059 0.7415
1.6546 -9.2375 -0.9405 0.5249
0.2382 -9.1652 0.2174 0.5333
2.3724 -8.4858 -0.4406 0.5162
1.1043 -8.8945 0.1215 0.4211
3.0894 -8.7558 -0.9285 0.5487
2.8893 -9.5190 -0.2840 0.6355
1.0705 -9.5235 -0.1181 0.4822
3.2279 -8.8198 -0.4706 0.5058
0.1119 -8.3797 0.0350 0.7260
0.8000 -9.0003 -0.4966 0.5433
0.5377 -8.7660 -0.3152 0.3667
3.1254 -9.6962 0.1967 0.4444
0.4913 -8.3853 -0.3178 0.6456
0.1005 -8.7041 0.2484 0.6940
-10.6137 -7.5069 -1.0599 0.6141
-11.6090 -7.9455 -0.4131 0.4374
-11.0154 -7.5893 -0.7240 0.7242
-11.0280 -8.4242 0.2032 0.5294
-13.6591 -7.2684 -0.9792 0.4941
-11.4897 -8.1828 0.0811 0.5011
-11.3292 -8.2415 -0.6103 0.4596
-13.3254 -7.7964 -1.0447 0.6220
-12.4495 -8.2579 -0.8235 0.6268
-11.4427 -8.0969 -0.4332 0.4450
-11.6175 -7.8921 -0.4779 0.4715
-13.0763 -7.2589 -0.1540 0.4320
-12.7215 -8.6920 -0.2667 0.5845
-11.2060 -8.2215 -0.4865 0.3571
-11.2096 -7.5813 -0.1608 0.4583
-13.1259 -7.2618 0.2170 0.5849
-11.0786 -7.5852 -0.8536 0.7299
-13.3787 -7.7907 -0.4756 0.6917
-11.1225 -7.8432 -1.0956 0.7313
-13.3679 -7.4967 0.0553 0.5366
-12.4124 -8.4496 0.1240 0.5073
-10.7987 -8.2347 -0.6006 0.4600
-12.6029 -7.3718 0.2689 0.3709
-13.4901 -7.3436 -0.4104 0.5010
-10.5734 -7.8204 -0.5795 0.7014
-11.3493 -7.6376 -0.1862 0.6794
-10.9801 -8.4577 -0.4251 0.3880
-13.0612 -8.2072 -0.5671 0.4510
-13.3628 -7.5116 -0.2418 0.5618
-13.0742 -8.1479 -0.2915 0.3835
-11.4088 -8.1384 0.2825 0.4996
-12.7357 -7.5547 -0.2930 0.5402
-12.5833 -8.3439 -0.0270 0.3751
-13.1867 -7.6217 -0.4929 0.7186
-11.6954 -7.4291 -0.4801 0.6093
-11.2966 -7.7076 -0.3881 0.5969
-12.9751 -8.6610 -1.0602 0.4709
-13.0871 -7.2627 -0.7792 0.4031
-11.1589 -7.4169 -0.1553 0.6160
-11.8900 -8.0377 -0.8270 0.3962
-13.7423 -7.9726 -0.8526 0.3672
-11.5538 -8.7334 -0.0118 0.3816
-13.6142 -7.6427 -0.5028 0.7356
-11.3729 -7.6586 -0.8070 0.6215
-11.4815 -7.9009 0.2575 0.5388
-10.8389 -8.2440 -0.7041 0.3783
-13.0920 -8.0407 -0.3507 0.7114
-12.7291 -8.5557 -0.3709 0.3993
-12.5793 -8.3789 -0.4685 0.5315
-11.6590 -7.5750 -0.3127 0.5041
-12.3452 -7.4280 -0.7638 0.6277
-11.5040 -8.0754 -0.9690 0.7485
-12.7638 -7.7130 0.2906 0.3561
-11.3064 -8.4905 -0.7812 0.6007
-10.4612 -7.7037 -1.0187 0.4888
-12.9390 -8.0504 0.1315 0.4381
-11.4482 -8.2804 -0.2996 0.6266
-11.2260 -8.4450 -0.2873 0.6430
-11.9927 -8.2429 0.1116 0.5581
-13.2155 -8.7292 0.0880 0.5287
-10.9732 -8.0710 -0.1271 0.5405
-13.5231 -7.7064 -0.4041 0.6742
-12.9020 -7.7901 -0.2156 0.6645
-11.7984 -8.6477 -0.7974 0.6277
-10.4018 -8.4942 -1.0310 0.7351
-13.1835 -7.4998 -0.2826 0.4464
-10.4447 -8.1401 0.0838 0.3724
-11.2414 -8.2886 -0.2063 0.6598
-11.8677 -7.4121 -0.4931 0.7085
-13.6939 -7.9466 -0.7289 0.4423
-11.0066 -8.3913 -0.9623 0.3811
-12.0553 -7.5801 -0.6773 0.5475
-11.4719 -8.0019 0.0809 0.3777
-12.4369 -8.7178 -0.8772 0.5588
-10.3469 -8.0764 -0.3098 0.4625
-12.1097 -8.2966 -0.9282 0.5997
-10.9584 -7.8420 0.0444 0.3503
-12.6607 -8.0687 -0.6558 0.7099
-10.3509 -8.5687 -0.6865 0.4840
-10.6347 -8.0894 -0.2205 0.6200
-11.6357 -7.6008 0.1029 0.6841
-12.5049 -8.1176 -0.0681 0.3710
-11.0983 -7.5747 -0.9648 0.6551
-11.1286 -8.0162 -0.7962 0.6583
-13.6945 -7.7915 -0.9124 0.7086
-13.0812 -8.7105 -0.3929 0.4402
-10.5604 -7.4023 0.0408 0.4008
-12.5896 -7.8839 -0.9654 0.6370
-11.1129 -8.4951 -1.0162 0.5143
-10.9846 -8.5996 -0.1554 0.6101
-12.6202 -8.6368 0.0463 0.6865
-12.9185 -8.3144 -0.2755 0.5198
-12.8755 -7.8618 0.1353 0.5612
-10.4461 -8.0929 -0.6742 0.4319
-10.6567 -8.4107 -0.4482 0.6437
-10.3682 -8.5836 -0.1518 0.5580
-12.2279 -7.8473 -0.0709 0.6831
-10.9442 -7.4485 -0.9534 0.4171
-10.5633 -7.8176 -0.5394 0.4403
-12.7496 -7.9394 -0.9565 0.5828
-11.2620 -7.7116 -1.0537 0.6116
-12.5947 -8.2614 -1.0060 0.6444
-11.0620 -8.0291 -0.9927 0.5061
-11.1544 -8.0146 -0.4555 0.6306
-10.7749 -7.8118 0.0871 0.4217
-11.0264 -7.3496 -0.3020 0.7450
-12.7401 -7.4419 -0.5586 0.4002
-12.7020 -8.2146 -1.0368 0.3927
-12.8197 -8.4252 -0.9331 0.5386
-12.9266 -7.7174 -0.5166 0.6162
-13.6787 -7.4685 -0.6893 0.5232
-12.5470 -8.4649 -0.4987 0.7065
-11.8550 -7.8809 -0.0902 0.4892
-13.7209 -7.3719 -0.2138 0.4291
-12.4261 -7.5572 -0.5179 0.5018
-11.8444 -8.2818 -0.1506 0.4433
-11.9930 -8.2703 -0.1961 0.5784
-10.7938 -8.1025 -0.1675 0.4094
-13.2015 -8.6706 -1.0293 0.3678
-11.6457 -8.4614 -0.9920 0.6797
-11.4535 -7.9491 -0.4733 0.4930
-11.8259 -8.5198 0.2039 0.3947
-11.0728 -8.2485 -0.5344 0.5538
-10.3880 -8.0201 -0.9716 0.4665
-10.3163 -7.3713 0.1826 0.5259
-13.0306 -7.7485 -0.7309 0.6890
-12.3000 -8.3880 -0.5634 0.5029
-13.4893 -8.7412 0.2285 0.6820
-13.7369 -7.6578 0.1633 0.3604
-11.5645 -7.5174 -0.0439 0.3652
-10.3569 -7.7019 -1.0474 0.4973
-10.8783 -7.2843 0.1325 0.5146
-13.3054 -8.6653 0.2993 0.5070
-13.4117 -8.6848 -0.8109 0.4416
-12.2289 -7.2923 -0.5656 0.3905
-10.7123 -7.7313 0.2532 0.4262
-10.6758 -8.6330 -0.1422 0.5713
-11.0094 -7.9870 -0.7206 0.4347
-11.9885 -7.9431 -0.9218 0.7047
-12.0328 -7.7550 -0.3259 0.5628
-12.7804 -7.4842 -0.2744 0.4106
-13.3298 -8.0517 0.0445 0.7374
-13.1386 -8.0526 -0.9859 0.4483
-11.4467 -7.3571 0.1541 0.6107
-11.4996 -7.7859 -0.4123 0.4312
-12.9640 -8.7005 0.1155 0.6542
-12.0391 -7.4113 -0.7437 0.6690
-13.2315 -7.3750 -0.6677 0.5009
-12.9010 -8.1725 -0.6460 0.4475
-11.8862 -8.6724 -0.3278 0.7026
-11.4706 -8.6232 0.2824 0.5548
-13.4227 -7.5211 -0.7344 0.6643
-12.5060 -7.7571 -0.9890 0.5938
-12.6374 -8.3739 -0.6044 0.6716
-10.4354 -7.4170 -0.6107 0.4048
-12.4522 -8.2143 0.0374 0.5198
-11.2990 -7.5153 -0.9127 0.4391
-10.8241 -8.6285 -0.8428 0.6770
-10.4753 -8.0006 -0.7768 0.5830
-11.7224 -7.4231 0.0064 0.7273
-12.8191 -8.6592 -0.6828 0.4048
-11.3782 -8.0221 -1.0215 0.5569
-12.8123 -8.0555 0.0415 0.6668
-12.9413 -8.5923 -0.6875 0.7303
-11.6834 -7.5735 -0.2403 0.6252
-11.3866 -7.9996 0.0334 0.6255
-10.9302 -8.0106 -0.0154 0.6234
-10.2651 -8.2354 -1.0121 0.4302
-13.5105 -8.1467 -0.1142 0.6488
-11.7039 -8.0838 -0.7658 0.5805
-12.7957 -7.8275 -0.9590 0.7200
-12.0651 -8.6618 0.0539 0.4894
-10.7074 -7.5155 -0.0522 0.4107
-12.6267 -7.6734 0.2545 0.6717
-10.3054 -8.2743 -0.5523 0.3895
-10.8165 -7.9125 -0.2750 0.5831
-10.4858 -7.6895 -0.0621 0.5340
-13.1762 -8.7420 -0.6578 0.5688
-10.5268 -8.2420 -0.3320 0.7174
-11.1015 -8.5711 -0.6941 0.5242
-11.5624 -7.5212 0.0677 0.5151
-10.8502 -7.3636 -0.2640 0.6519
-12.3872 -7.7082 -0.2651 0.6192
-11.3230 -7.3167 -0.0028 0.7327
-11.1939 -7.8581 0.2447 0.5928
-12.3036 -7.4216 0.1430 0.4475
-11.2642 -8.0709 -0.0598 0.5757
-12.5244 -8.4197 0.1641 0.4804
-11.9378 -8.5787 -0.1339 0.3863
-12.9798 -8.2171 -1.0266 0.4771
-10.9976 -8.5761 -0.3846 0.4049
-12.0173 -8.5675 -0.8541 0.5028
-13.3055 -8.6388 -0.5897 0.5503
-12.9089 -8.2904 0.0458 0.5763
-13.6830 -8.1423 -0.2516 0.4862
-13.3385 -8.1794 -0.2564 0.7471
-12.6303 -7.5691 -0.2178 0.3994
-10.4470 -7.3224 -0.9945 0.7465
-12.1161 -7.4513 -0.5636 0.5110
-12.6109 -8.6264 -0.6769 0.6786
-12.3324 -7.6902 0.0558 0.4560
-13.3404 -7.2902 -0.8849 0.4401
-11.5058 -8.6487 -0.1054 0.5734
-11.1411 -7.5042 -0.2268 0.5612
-10.6007 -7.5938 -0.8205 0.3742
-10.9578 -8.4543 0.1572 0.6447
-12.8485 -8.4143 -0.5167 0.7110
-10.3334 -8.4698 -1.0064 0.3725
-11.1493 -8.3483 -0.3271 0.6052
-12.0726 -7.4416 -0.7483 0.4182
-11.2064 -8.4184 0.2180 0.3745
-11.7215 -8.5401 -1.0852 0.6680
-10.6119 -7.3572 -0.3212 0.4272
-11.8442 -8.5539 -0.8080 0.6957
-13.0328 -8.0505 -0.9048 0.6535
-12.7133 -7.8731 0.2691 0.5910
-13.5983 -7.6623 -0.4095 0.3993
-10.9397 -7.7253 -0.8594 0.6509
-13.6966 -7.7718 -0.2668 0.4675
-11.2874 -8.3895 -0.1625 0.4294
-12.3742 -7.4529 -1.0032 0.6848
-11.1031 -7.4356 0.1606 0.4540
-12.3237 -8.2375 -0.9872 0.3521
-12.8118 -8.5962 -0.6539 0.7125
-12.6517 -7.9072 -1.0824 0.6917
-13.3901 -7.6950 -0.1057 0.3608
-11.6722 -8.7066 0.2388 0.6642
-12.9156 -7.5889 0.0034 0.3820
-12.7344 -8.1241 -0.4919 0.3756
-11.8405 -7.4731 0.1135 0.6366
-11.6784 -7.4013 0.0959 0.7292
-13.4700 -8.7203 -0.2972 0.5293
-10.4279 -8.5616 -1.0405 0.5619
-11.3138 -8.4906 0.0220 0.5464
-10.6154 -7.3385 -1.0150 0.5127
-10.4288 -8.2631 -0.5402 0.6966
-12.1316 -7.7496 -1.0418 0.4827
-10.6951 -8.0462 -0.0224 0.4131
-10.3754 -7.4507 -0.4458 0.7260
-10.8877 -8.4081 -1.0965 0.4714
-11.9478 -7.5955 -0.2021 0.5471
-11.5184 -7.4696 -0.4128 0.4969
-11.8099 -8.1586 -0.0204 0.6838
-10.9041 -8.0437 -0.7214 0.7016
-12.2390 -8.1744 -0.8777 0.7266
-13.5838 -8.4448 -1.0845 0.4762
-11.5217 -8.4628 -0.4158 0.7200
-11.6523 -8.5963 -0.5988 0.4887
-11.2148 -8.0112 -0.2358 0.6339
-11.1178 -7.7748 -0.0290 0.6801
-13.3594 -8.4996 -0.8261 0.4632
-12.9177 -8.3479 -0.3654 0.6596
-10.7345 -8.0411 -0.0141 0.7104
-13.2751 -8.5085 -1.0562 0.6129
-12.5218 -8.6773 0.1977 0.7141
-10.9387 -8.1018 -1.0370 0.4700
-10.8389 -8.4629 -0.6805 0.5224
-11.7411 -8.4486 -0.5826 0.4740
-12.3176 -8.3715 -0.0589 0.4922
-10.6105 -7.6989 -0.1994 0.3885
5.5281 5.5228 -1.7000 0.5653
5.5276 5.5433 -1.6200 0.5632
5.5375 5.5241 -1.5400 0.5289
5.5127 5.5376 -1.4600 0.5155
5.5126 5.5050 -1.3800 0.5367
5.5410 5.5472 -1.3000 0.6094
5.5112 5.5017 -1.2200 0.5942
5.5564 5.5427 -1.1400 0.5892
5.5187 5.5546 -1.0600 0.6195
5.5084 5.5514 -0.9800 0.5899
5.5332 5.5306 -0.9000 0.6142
5.5060 5.5174 -0.8200 0.5818
5.5177 5.5442 -0.7400 0.5984
5.5180 5.5208 -0.6600 0.5064
5.5462 5.5231 -0.5800 0.5360
5.5083 5.5112 -0.5000 0.5876
5.5391 5.5077 -0.4200 0.5107
5.5222 5.5538 -0.3400 0.6108
5.5487 5.5403 -0.2600 0.6411
5.5417 5.5334 -0.1800 0.5379
5.5595 5.5008 -0.1000 0.5183
5.5428 5.5539 -0.0200 0.5233
5.5199 5.5329 0.0600 0.6253
5.5287 5.5413 0.1400 0.5395
5.5035 5.5004 0.2200 0.5586
5.5337 5.5169 0.3000 0.6409
5.5233 5.5268 0.3800 0.6067
5.5435 5.5577 0.4600 0.5148
5.5108 5.5269 0.5400 0.6092
5.5298 5.5327 0.6200 0.5599
5.5302 5.5003 0.7000 0.6118
5.5400 5.5596 0.7800 0.5498
5.5355 5.5027 0.8600 0.5740
5.5581 5.5132 0.9400 0.6400
5.5150 5.5297 1.0200 0.5268
5.5118 5.5483 1.1000 0.5347
5.5541 5.5209 1.1800 0.6122
5.5033 5.5535 1.2600 0.5621
5.5379 5.5085 1.3400 0.5158
5.5244 5.5504 1.4200 0.5395
5.5101 5.5519 1.5000 0.6246
5.5439 5.5445 1.5800 0.6481
5.5107 5.5566 1.6600 0.5319
5.5067 5.5453 1.7400 0.6186
5.5155 5.5183 1.8200 0.5053
5.5068 5.5309 1.9000 0.5651
5.5286 5.5513 1.9800 0.6024
5.5030 5.5442 2.0600 0.5663
5.5065 5.5225 2.1400 0.5316
5.5414 5.5346 2.2200 0.5535
5.5400 5.5390 2.3000 0.5877
5.5247 5.5451 2.3800 0.5857
5.5358 5.5469 2.4600 0.5874
-5.4452 -5.4475 -1.7000 0.5517
-5.4884 -5.4660 -1.6200 0.5097
-5.4494 -5.4793 -1.5400 0.5214
-5.4657 -5.4475 -1.4600 0.5805
-5.4923 -5.4898 -1.3800 0.6214
-5.4588 -5.4872 -1.3000 0.5971
-5.4685 -5.4555 -1.2200 0.5061
-5.4967 -5.4421 -1.1400 0.5413
-5.4592 -5.4580 -1.0600 0.6358
-5.4888 -5.4709 -0.9800 0.5628
-5.4458 -5.4482 -0.9000 0.5684
-5.4976 -5.4971 -0.8200 0.6127
-5.4435 -5.4769 -0.7400 0.6145
-5.4451 -5.4965 -0.6600 0.6270
-5.4748 -5.4574 -0.5800 0.5839
-5.4565 -5.4742 -0.5000 0.5015
-5.4726 -5.4700 -0.4200 0.5288
-5.4812 -5.4994 -0.3400 0.5530
-5.4969 -5.4868 -0.2600 0.5095
-5.4879 -5.4525 -0.1800 0.6212
-5.4821 -5.4902 -0.1000 0.5427
-5.4926 -5.4528 -0.0200 0.5758
-5.4644 -5.4594 0.0600 0.6315
-5.4968 -5.4645 0.1400 0.5929
-5.4692 -5.4623 0.2200 0.5346
-5.4421 -5.4983 0.3000 0.6002
-5.4870 -5.4960 0.3800 0.6274
-5.4803 -5.4886 0.4600 0.5225
-5.4647 -5.4631 0.5400 0.5484
-5.4599 -5.4944 0.6200 0.6083
-5.4607 -5.4617 0.7000 0.5864
-5.4473 -5.4676 0.7800 0.5394
-5.4847 -5.4698 0.8600 0.6126
-5.4921 -5.4400 0.9400 0.6027
-5.4663 -5.4935 1.0200 0.6353
-5.4751 -5.4693 1.1000 0.6450
-5.4834 -5.4801 1.1800 0.5444
-5.4525 -5.4848 1.2600 0.5240
-5.4619 -5.4796 1.3400 0.5401
-5.4737 -5.4453 1.4200 0.5770
-5.4782 -5.4847 1.5000 0.5052
-5.4504 -5.4822 1.5800 0.5653
-5.4876 -5.4777 1.6600 0.5794
-5.4769 -5.4683 1.7400 0.6253
-5.4938 -5.4700 1.8200 0.5039
-5.4447 -5.4811 1.9000 0.6434
-5.4495 -5.4883 1.9800 0.5518
-5.4910 -5.4858 2.0600 0.6224
-5.4675 -5.4436 2.1400 0.5034
-5.4741 -5.4729 2.2200 0.5119
-5.4912 -5.4783 2.3000 0.5823
-5.4423 -5.4569 2.3800 0.6299
-5.4614 -5.4598 2.4600 0.5748
0.0223 6.2165 -1.7000 0.6462
0.0103 6.2003 -1.6200 0.5113
0.0216 6.2136 -1.5400 0.6421
0.0216 6.2079 -1.4600 0.5919
0.0563 6.2306 -1.3800 0.5101
0.0120 6.2254 -1.3000 0.5145
0.0085 6.2593 -1.2200 0.5936
0.0130 6.2432 -1.1400 0.5744
0.0035 6.2447 -1.0600 0.6222
0.0170 6.2573 -0.9800 0.6225
0.0433 6.2429 -0.9000 0.5183
0.0410 6.2575 -0.8200 0.6487
0.0260 6.2225 -0.7400 0.6095
0.0079 6.2279 -0.6600 0.6071
0.0433 6.2335 -0.5800 0.5229
0.0586 6.2235 -0.5000 0.6060
0.0524 6.2508 -0.4200 0.6133
0.0108 6.2363 -0.3400 0.6168
0.0575 6.2198 -0.2600 0.5810
0.0522 6.2207 -0.1800 0.6323
0.0258 6.2212 -0.1000 0.6077
0.0550 6.2251 -0.0200 0.5626
0.0410 6.2213 0.0600 0.5668
0.0449 6.2012 0.1400 0.5114
0.0094 6.2042 0.2200 0.6061
0.0544 6.2552 0.3000 0.5208
0.0557 6.2592 0.3800 0.6313
0.0030 6.2029 0.4600 0.5466
0.0437 6.2463 0.5400 0.5061
0.0095 6.2523 0.6200 0.5882
0.0097 6.2155 0.7000 0.5135
0.0267 6.2360 0.7800 0.5603
0.0556 6.2393 0.8600 0.6474
0.0444 6.2265 0.9400 0.5076
0.0302 6.2198 1.0200 0.5448
0.0559 6.2069 1.1000 0.5211
0.0113 6.2436 1.1800 0.5990
0.0356 6.2179 1.2600 0.5051
0.0492 6.2218 1.3400 0.6030
0.0052 6.2062 1.4200 0.5614
0.0061 6.2355 1.5000 0.5219
0.0324 6.2265 1.5800 0.6486
0.0220 6.2045 1.6600 0.5146
0.0207 6.2145 1.7400 0.5983
0.0039 6.2188 1.8200 0.5797
0.0593 6.2288 1.9000 0.5362
0.0443 6.2277 1.9800 0.5670
0.0305 6.2470 2.0600 0.5550
0.0049 6.2349 2.1400 0.5592
0.0515 6.2458 2.2200 0.6128
0.0521 6.2343 2.3000 0.5334
0.0057 6.2004 2.3800 0.6049
0.0597 6.2189 2.4600 0.6496
-14.5727 -1.4684 -1.7011 0.1170
-1.8460 10.2943 -1.8084 0.1944
16.9623 3.8335 -1.7342 0.1924
-0.8069 10.4843 -1.7301 0.1558
-0.9026 -11.6432 -1.7191 0.1590
5.9520 3.8555 -1.7068 0.0917
1.8286 11.2586 -1.7672 0.1440
0.4637 4.1888 -1.6899 0.1339
-11.4284 0.3478 -1.7835 0.1693
2.9572 12.8515 -1.6910 0.1833
8.4257 2.1789 -1.7652 0.1839
-1.5243 -13.5669 -1.6868 0.1520
-10.5945 3.7362 -1.7339 0.1176
0.5937 15.1108 -1.6854 0.1324
10.2703 2.4661 -1.6859 0.1988
-1.0688 -12.4369 -1.7077 0.0803
-19.8185 -3.5534 -1.6507 0.0855
13.6958 -3.8116 -1.7422 0.1015
-7.9378 -3.4548 -1.7757 0.1725
-2.3082 7.5730 -1.7481 0.1038
19.5413 -0.8022 -1.7439 0.1439
-2.4006 -5.8619 -1.7629 0.1078
-2.1230 -5.7277 -1.7051 0.0940
0.6941 -16.1603 -1.6877 0.1918
4.9161 -3.6181 -1.7010 0.1961
-0.6606 -13.9693 -1.7442 0.1484
-0.3887 11.4760 -1.7610 0.1220
0.9775 -4.6996 -1.7999 0.1691
0.4984 -0.5051 -1.7052 0.1145
-1.4338 -5.1211 -1.7701 0.1114
0.8730 -7.8994 -1.7071 0.1492
-0.5140 -9.1209 -1.6846 0.1072
-5.2145 -2.6323 -1.7012 0.1479
-15.7740 0.7672 -1.7501 0.1508
-1.0669 20.3221 -1.7680 0.1898
3.8737 15.3126 -1.6954 0.1243
-1.1868 -3.8425 -1.7085 0.1157
3.1114 8.7512 -1.6893 0.1046
5.6857 0.4474 -1.7242 0.1501
14.1017 -1.1894 -1.8110 0.1518
3.8979 -9.6421 -1.7070 0.0963
0.0451 -10.7946 -1.7549 0.1444
-3.3844 -0.7598 -1.7288 0.1194
-17.6810 -0.2948 -1.7357 0.0956
-3.5619 -16.7594 -1.7122 0.1821
-2.2720 -4.4747 -1.7233 0.1162
2.6316 1.9804 -1.7227 0.1602
3.6277 -13.2011 -1.6691 0.1004
-12.0759 3.0935 -1.7174 0.1112
-0.5039 17.3085 -1.6768 0.1468
0.3695 1.3451 -1.7718 0.0921
9.7023 3.3015 -1.7802 0.1718
-1.8217 1.3838 -1.7394 0.1247
-19.6166 -1.7771 -1.7189 0.1888
-0.0665 5.7123 -1.7142 0.0924
-0.9323 -16.4992 -1.7441 0.1791
-0.8315 4.7964 -1.7497 0.1234
-2.1972 6.5610 -1.7320 0.1419
-19.7382 2.1724 -1.7572 0.1150
0.7945 -13.5998 -1.7159 0.0857
-1.3138 -13.6683 -1.7194 0.1498
-18.4216 1.6282 -1.7051 0.0998
-2.9765 18.1257 -1.7112 0.1724
-0.5847 8.3341 -1.7299 0.1454
-0.4556 -18.3466 -1.7394 0.1045
2.9984 -5.0817 -1.7531 0.1846
-3.3903 6.9013 -1.7317 0.1863
-2.6316 -3.8158 -1.7122 0.1375
-1.9833 15.5316 -1.7670 0.1350
-2.3934 -5.1804 -1.7336 0.1189
-1.7158 -3.9479 -1.7575 0.0916
-0.9236 -0.9079 -1.7199 0.1956
19.6488 0.3339 -1.7136 0.0928
10.9359 2.1181 -1.7149 0.1655
-2.8977 -14.3092 -1.6783 0.1771
1.8159 -16.3428 -1.7171 0.1046
1.0788 17.7363 -1.6926 0.1446
11.5467 -3.7597 -1.7366 0.0875
4.4719 -2.3948 -1.7257 0.1362
1.5877 13.0707 -1.7563 0.1871
-1.4002 -12.3360 -1.6955 0.1436
-16.4229 -3.0698 -1.6177 0.0955
-2.2634 8.4367 -1.7156 0.1782
19.4522 3.2772 -1.7186 0.1623
9.3593 1.2586 -1.6941 0.1639
6.8433 1.9571 -1.6800 0.1802
-1.7746 -6.5110 -1.7609 0.1009
-20.5012 3.3745 -1.7294 0.1685
2.3344 -11.1060 -1.6597 0.1660
-7.1083 -2.0280 -1.7126 0.1062
12.0481 3.8513 -1.6103 0.1381
-1.5139 -7.7683 -1.7142 0.1796
0.5516 3.4481 -1.7543 0.1114
10.7502 2.0757 -1.6537 0.1633
1.3319 7.6566 -1.7163 0.1211
14.2097 0.2715 -1.7096 0.1188
-16.3471 3.9510 -1.6679 0.0866
-2.1498 0.5414 -1.7163 0.1912
14.0340 -1.0778 -1.6888 0.0809
-4.5438 -3.5776 -1.6514 0.1732
19.4837 0.8671 -1.6673 0.1420
-13.6829 -2.2138 -1.7703 0.1575
2.2414 -12.5584 -1.6746 0.1462
13.7707 2.9127 -1.7348 0.1795
-0.4318 -16.5894 -1.7146 0.1294
-4.7610 0.9461 -1.7340 0.1599
-1.7114 -15.4736 -1.6982 0.1816
3.1526 4.5581 -1.7107 0.1973
14.0484 -0.6798 -1.6834 0.1347
-10.7678 -3.2505 -1.7245 0.0825
-13.4743 -2.9215 -1.7439 0.0978
2.2749 15.9574 -1.7361 0.1973
-14.6228 -3.8326 -1.7385 0.1149
-6.6269 -0.0010 -1.6820 0.1214
-1.6976 -15.2774 -1.6962 0.1350
3.1841 15.2658 -1.6835 0.0906
5.8306 -3.8107 -1.7564 0.1887
1.4300 -1.3645 -1.6417 0.1257
17.8598 1.8376 -1.7702 0.1457
1.9603 9.7540 -1.6886 0.1867
-2.3321 4.9501 -1.6722 0.1713
11.9418 -1.8102 -1.7515 0.0970
-1.5337 4.9320 -1.6767 0.1570
-1.7697 4.8248 -1.7471 0.1790
-2.9447 3.3631 -1.6662 0.1803
-5.8922 -1.2912 -1.7789 0.1331
13.2933 -0.8844 -1.6484 0.1148
2.5048 20.0574 -1.6867 0.1816
-2.1861 7.3270 -1.7919 0.1900
0.0284 -11.5336 -1.7069 0.1913
7.8387 1.1402 -1.6814 0.1580
20.7569 -2.8089 -1.6680 0.1388
-0.4317 0.9404 -1.6333 0.1697
10.8582 0.6402 -1.7037 0.1364
-2.4662 -15.5331 -1.6697 0.1280
19.9396 0.3017 -1.7003 0.1441
-0.9594 -20.9013 -1.7302 0.1216
-1.9016 -0.7256 -1.8253 0.1035
1.7498 14.4521 -1.7061 0.1742
-3.2296 -9.8253 -1.7567 0.0883
2.5001 -5.0811 -1.7283 0.1137
1.4470 -15.7612 -1.7961 0.0927
16.4397 3.2153 -1.7605 0.1792
-14.0083 -3.0419 -1.7007 0.1422
-18.2452 -1.2834 -1.7565 0.1617
2.4719 -14.7177 -1.6591 0.1146
-3.5300 6.8718 -1.7479 0.1715
-18.2063 3.3873 -1.7706 0.1296
-5.8281 -0.7643 -1.7147 0.1231
-4.1844 -1.7190 -1.7336 0.1070
-16.3914 -2.8187 -1.7011 0.1656
-0.9043 18.8185 -1.6450 0.1825
18.2436 2.4061 -1.7389 0.1970
-2.1647 5.3005 -1.7154 0.1266
11.7843 -3.2879 -1.6972 0.1855
-0.1099 4.7875 -1.7389 0.1424
9.8664 -3.0134 -1.7352 0.0878
8.6110 2.8121 -1.6802 0.0935
-19.1002 2.7007 -1.7983 0.1090
-4.5261 -2.2294 -1.7518 0.1567
19.8499 -1.5863 -1.6936 0.1858
13.7054 -3.2721 -1.7916 0.1250
6.8089 -0.8889 -1.6844 0.1131
-6.0968 1.3429 -1.6969 0.1942
-18.4935 0.2805 -1.6706 0.1375
10.2320 0.0290 -1.7733 0.0844
0.6963 10.2617 -1.7165 0.1311
0.9805 -13.8832 -1.6318 0.1363
8.6441 3.6022 -1.6921 0.0854
1.0539 19.5626 -1.6495 0.1073
-2.2362 8.3629 -1.7126 0.1265
2.9263 -10.8020 -1.6399 0.1797
0.6600 -4.5672 -1.7945 0.1810
-2.7837 -20.3092 -1.7270 0.1318
-1.7668 -12.4182 -1.6102 0.1087
-16.3936 1.7781 -1.7207 0.1548
9.9312 0.6845 -1.7581 0.1632
3.9548 -19.4330 -1.6979 0.1839
-2.0758 2.7297 -1.7198 0.0907
2.8432 -5.6227 -1.7421 0.1056
-6.0184 0.4161 -1.7590 0.1910
-0.1156 -18.4412 -1.7112 0.1910
-3.8388 -1.3443 -1.7369 0.1497
3.4199 -1.4358 -1.7152 0.1388
12.9006 1.3916 -1.7277 0.1758
-1.8985 -6.8877 -1.6574 0.1813
17.9282 -1.0893 -1.6378 0.0897
3.2807 17.8728 -1.7323 0.1300
-2.5975 5.7094 -1.7642 0.1721
-0.2572 16.1200 -1.7067 0.1057
-2.0591 -14.2540 -1.7522 0.1899
9.9352 -2.7957 -1.7118 0.0831
7.6481 -0.8087 -1.7913 0.1592
-14.5318 1.6084 -1.7131 0.1041
-0.0861 -12.3590 -1.7122 0.1939
1.7516 -7.1251 -1.7025 0.1858
1.2900 -19.5819 -1.7696 0.1662
-3.2187 3.7781 -1.6712 0.1400
-17.9316 3.1503 -1.7056 0.1302
-3.0989 -2.5281 -1.6988 0.1333
11.7508 2.0368 -1.7088 0.1341
1.5404 -8.6467 -1.7158 0.1292
-19.6816 0.2528 -1.7021 0.0830
-11.6853 2.5672 -1.6973 0.1193
-5.5000 -3.3144 -1.7683 0.1407
3.0235 -18.3877 -1.6853 0.1420
-2.6578 3.6380 -1.6826 0.1773
3.4000 -10.7080 -1.7267 0.0873
8.6102 -1.0621 -1.6502 0.1208
15.9280 1.1305 -1.7635 0.1365
-7.8907 -3.8638 -1.6754 0.1093
-13.3944 0.6227 -1.7095 0.0880
-3.9906 16.7091 -1.7884 0.1668
-15.6994 1.0564 -1.7644 0.1495
-19.2765 -1.4586 -1.7651 0.1917
-2.6048 -17.0947 -1.7361 0.1347
9.2035 3.3789 -1.6752 0.1310
-1.0703 -0.9194 -1.8174 0.1741
1.6982 -19.5177 -1.8061 0.1453
7.8754 -3.5351 -1.7043 0.1464
-9.6091 -0.4402 -1.6862 0.1320
-3.5117 12.3893 -1.7364 0.1708
2.0569 -12.0176 -1.7212 0.1706
19.2566 1.3411 -1.7139 0.1639
-10.1018 3.7319 -1.7445 0.1462
18.6734 1.5498 -1.7374 0.0820
-2.1443 -4.2623 -1.7395 0.1163
17.7167 -0.5415 -1.6924 0.0893
5.4400 3.6122 -1.6551 0.1469
-20.5353 -3.6167 -1.7203 0.1192
2.3338 2.6406 -1.8085 0.1025
12.8220 -3.0009 -1.7229 0.0821
0.1602 -1.3825 -1.7592 0.1626
1.9013 -19.8965 -1.7002 0.1565
-3.3180 -10.2599 -1.6905 0.1434
-1.8708 6.1067 -1.6337 0.1511
-3.7441 6.0993 -1.7529 0.1907
-2.0893 10.4274 -1.6884 0.1728
1.4024 11.3011 -1.6718 0.1967
18.2189 -2.2717 -1.6802 0.1853
-1.2582 -7.5861 -1.7439 0.1146
18.1718 1.6004 -1.7159 0.1421
-0.9472 -13.1673 -1.7605 0.0878
-9.3637 0.3566 -1.6901 0.1487
6.7295 3.3648 -1.7167 0.1018
18.9332 1.2385 -1.7513 0.1082
-8.6609 0.4750 -1.6837 0.1655
-18.6938 -1.8565 -1.7098 0.0857
0.7051 1.5272 -1.7236 0.0840
-1.2228 -4.1043 -1.7027 0.0802
-18.4942 -0.8760 -1.6571 0.0982
8.8781 0.6457 -1.7855 0.0991
-3.4541 4.2387 -1.6590 0.0905
-8.0889 -1.8310 -1.7751 0.1082
2.0925 10.1223 -1.7439 0.0900
-3.9026 6.7214 -1.7021 0.1427
16.1937 -2.2237 -1.6845 0.0817
-10.6525 0.4096 -1.7169 0.1861
-1.5405 20.6081 -1.7611 0.0929
-2.5630 9.8859 -1.6446 0.1201
14.1331 0.2793 -1.7162 0.1830
-18.1526 -2.2397 -1.7163 0.1501
10.6976 1.0557 -1.7173 0.1473
-4.5991 1.6380 -1.6849 0.1065
12.4701 0.3354 -1.7045 0.1609
2.0655 10.2929 -1.7182 0.1515
2.3574 16.9634 -1.7295 0.1317
1.8661 -8.7173 -1.7136 0.1324
-1.9824 -7.1763 -1.7331 0.1834
-14.8850 1.0154 -1.7668 0.0907
8.7371 -1.9014 -1.6911 0.0931
13.4015 3.0840 -1.7490 0.1647
-2.6688 -15.9198 -1.7526 0.1116
-0.5184 12.7314 -1.7548 0.1862
-16.5452 2.5582 -1.7684 0.1145
1.2598 -5.8707 -1.7307 0.1048
-3.3072 -10.3511 -1.7447 0.1229
-9.0391 1.1433 -1.7476 0.1918
-16.8784 -0.9602 -1.7220 0.1798
-17.4075 -3.2558 -1.7433 0.1580
13.3457 3.9497 -1.8128 0.1385
-18.0710 1.2221 -1.6931 0.1194
-7.1065 1.1269 -1.7894 0.0988
18.5091 -3.3407 -1.7288 0.1233
19.1192 2.7299 -1.6864 0.1218
10.6432 -2.7925 -1.7056 0.1563
7.4209 -2.2142 -1.6690 0.1980
-0.4076 -6.6453 -1.7138 0.1740
13.4126 2.6552 -1.6914 0.1971
3.4803 2.8059 -1.7643 0.1987
-2.3243 16.2827 -1.6411 0.1070
12.8671 -3.1642 -1.7093 0.0952
20.7434 -0.9957 -1.7553 0.1751
2.7435 20.0785 -1.7460 0.1919
-4.4334 -3.4568 -1.7045 0.1593
1.1866 -8.3961 -1.7586 0.1401
-2.7691 -10.8884 -1.7186 0.1010
-0.7555 7.6085 -1.7813 0.1274
-2.2660 -19.2616 -1.7102 0.1266
-8.3125 -2.0514 -1.7491 0.1725
-2.0611 -15.6275 -1.6941 0.1194
-0.4711 4.8025 -1.7280 0.1159
3.8081 -13.0218 -1.7398 0.0939
10.3893 1.7081 -1.7215 0.1024
-3.8523 -12.6523 -1.6960 0.0872
-3.5419 12.0745 -1.7204 0.0971
5.9899 3.6601 -1.7096 0.1035
1.4316 -6.9154 -1.7321 0.0956
-13.3083 -0.7300 -1.7508 0.0830
-2.4493 13.4045 -1.8128 0.1929
-15.1213 0.8208 -1.6670 0.1747
11.3798 -0.9800 -1.6613 0.1726
3.6282 6.5112 -1.7479 0.1065
-0.0040 -14.7872 -1.7014 0.0925
3.9362 8.7348 -1.8004 0.1063
0.2425 11.2126 -1.8084 0.1940
20.1991 -0.6487 -1.6907 0.0801
-7.5115 2.5575 -1.7789 0.1769
2.9683 -2.1767 -1.8045 0.1015
-12.7248 -2.9811 -1.7066 0.1374
2.2343 -16.1319 -1.7058 0.1502
-7.4085 -3.2237 -1.7180 0.1016
-20.0709 -3.9122 -1.7296 0.1621
0.5304 1.4316 -1.6810 0.1832
-2.1434 -7.1183 -1.7378 0.0842
-2.9388 -7.8564 -1.6670 0.1826
2.5493 -13.4081 -1.7254 0.1364
20.4417 2.2397 -1.7453 0.1918
-1.4403 19.7917 -1.7325 0.0967
-12.1132 3.8226 -1.7161 0.1961
-1.6995 18.2873 -1.6824 0.0999
-6.3591 0.6040 -1.7325 0.1876
3.2220 -18.9577 -1.7257 0.0994
-3.3389 -4.7224 -1.7870 0.1417
-6.4234 0.8223 -1.7105 0.1618
-5.8143 3.9893 -1.7116 0.1368
-5.9431 -3.4168 -1.7324 0.1197
16.1777 0.2459 -1.7661 0.1170
-2.3639 12.5167 -1.6666 0.1935
1.3026 14.8616 -1.6909 0.0949
0.9826 -7.1963 -1.6920 0.1636
17.1059 -2.8562 -1.6788 0.1705
17.1210 1.9271 -1.7631 0.1342
0.8983 3.3037 -1.6873 0.0940
2.1121 -14.1826 -1.6988 0.1182
3.0311 -4.9021 -1.7596 0.0979
-3.2425 8.1446 -1.7060 0.1155
-0.2425 -0.0075 -1.7183 0.0832
6.3990 2.3476 -1.6850 0.1956
2.1683 20.9592 -1.6749 0.1329
-3.4337 -2.8228 -1.6584 0.1387
2.8223 -19.2059 -1.7291 0.1993
14.6055 0.0854 -1.7816 0.1095
0.4750 6.2737 -1.7104 0.1741
3.3902 12.3013 -1.7133 0.1652
16.2184 0.1641 -1.7423 0.1408
3.7156 5.4893 -1.7703 0.1475
-7.7167 -1.9639 -1.6835 0.1177
-1.8632 20.5000 -1.7452 0.1240
-13.0769 -0.0876 -1.6857 0.1760
3.0646 -8.3538 -1.6983 0.0927
-2.7827 7.8812 -1.6967 0.1394
-0.5710 7.7183 -1.7537 0.1900
-16.9890 0.9314 -1.6770 0.1700
3.4547 10.5536 -1.6677 0.0970
0.9005 -4.6886 -1.7143 0.1301
-3.3271 -20.2585 -1.6910 0.1037
-2.8788 17.0047 -1.8192 0.1759
-3.8633 -13.4889 -1.6470 0.1784
-11.2819 3.8596 -1.6377 0.1804
-14.0726 -0.7900 -1.7641 0.1420
-10.5801 -0.4599 -1.7254 0.0842
-0.3830 -0.9998 -1.6667 0.1324
2.0847 -14.8860 -1.7528 0.1352
20.0565 -1.6126 -1.6847 0.1734
19.3043 -0.0690 -1.6683 0.1304
13.6533 -2.2457 -1.7017 0.1215
-19.2019 -1.6813 -1.6851 0.1208
6.6634 3.5313 -1.6399 0.1807
-12.6275 -1.9008 -1.7192 0.1480
2.7992 7.1675 -1.6858 0.1253
11.7708 3.8507 -1.6997 0.0877
1.3125 14.9593 -1.7563 0.1531
1.3193 3.4840 -1.7171 0.1990
-5.4614 0.2087 -1.7057 0.1554
